U00282;RD0004;KL00000001;Alicja;Kowalski;91121864066;DOK565808;22;39;51-411;816159536;alicja.kowalski47@gmail.com;1988-06-11;zwykly
U00185;RD0007;KL00000002;Jakub;Krawczyk;55216993738;DOK500567;66;;22-554;590278061;jakub.krawczyk293@gmail.com;1964-10-19;VIP
U00158;RD0005;KL00000003;Michal;Wisniewski;69924091213;DOK811572;44;;51-185;514587421;michal.wisniewski731@gmail.com;1958-12-25;staly
U00328;RD0003;KL00000004;Tomasz;Wojcik;45752243189;DOK493754;31;;40-770;820514415;tomasz.wojcik601@gmail.com;1971-02-04;firmowy
U00395;RD0002;KL00000005;Adam;Nowicka;15451548439;DOK433799;119;5;71-029;718771560;adam.nowicka649@gmail.com;1970-11-27;zwykly
U00601;RD0002;KL00000006;Michal;Pawlak;98281796275;DOK923356;33;;62-456;545047954;michal.pawlak867@gmail.com;1998-04-07;nowy
U00383;RD0009;KL00000007;Pawel;Kowalczyk;35706705208;DOK920011;63;28;81-462;522436953;pawel.kowalczyk2@gmail.com;1986-08-14;nowy
U00172;RD0001;KL00000008;Julia;Wieczorek;78383656314;DOK386578;154;;97-389;688666057;julia.wieczorek863@gmail.com;1998-01-08;VIP
U00289;RD0001;KL00000009;Mateusz;Nowicka;89603307358;DOK173332;77;;99-125;574974166;mateusz.nowicka743@gmail.com;1992-11-13;staly
U00626;RD0009;KL00000010;Karolina;Lewandowski;97370953130;DOK374056;116;;94-329;683411105;karolina.lewandowski216@gmail.com;1986-04-16;nowy
U00137;RD0001;KL00000011;Jakub;Kowalski;77039228618;DOK104487;3;27;81-916;873925190;jakub.kowalski721@gmail.com;1988-04-10;firmowy
U00665;RD0002;KL00000012;Weronika;Wisniewski;12313481256;DOK972503;172;;25-361;702065566;weronika.wisniewski848@gmail.com;1995-12-02;staly
U00009;RD0002;KL00000013;Tomasz;Kaminska;59231889557;DOK302365;114;;12-776;650932924;tomasz.kaminska697@gmail.com;2003-04-06;staly
U00629;RD0005;KL00000014;Pawel;Wisniewski;41014593127;DOK617795;93;;73-926;877982730;pawel.wisniewski724@gmail.com;1996-03-28;VIP
U00654;RD0007;KL00000015;Jan;Lewandowski;88500609999;DOK624629;127;;34-675;896648191;jan.lewandowski580@gmail.com;2000-09-28;nowy
U00067;RD0010;KL00000016;Mateusz;Kaminska;27459253912;DOK372235;146;57;76-746;647278710;mateusz.kaminska197@gmail.com;2001-02-19;zwykly
U00546;RD0010;KL00000017;Marcin;Wrobel;11949597857;DOK547861;165;42;16-874;673408911;marcin.wrobel443@gmail.com;1982-09-08;staly
U00531;RD0008;KL00000018;Katarzyna;Wrobel;59373117463;DOK642383;12;15;16-284;725519104;katarzyna.wrobel546@gmail.com;1985-07-18;staly
U00200;RD0006;KL00000019;Jan;Mazur;43232069724;DOK823044;109;59;41-201;588305372;jan.mazur338@gmail.com;1976-02-25;zwykly
U00100;RD0001;KL00000020;Wojciech;Wieczorek;67896014936;DOK947311;7;41;52-860;634437561;wojciech.wieczorek254@gmail.com;1962-05-04;firmowy
U00056;RD0006;KL00000021;Zofia;Kozlowski;94181207403;DOK559831;25;38;25-087;532581054;zofia.kozlowski939@gmail.com;1957-04-08;firmowy
U00067;RD0003;KL00000022;Jakub;Stepien;73575768491;DOK157450;78;28;18-104;863764648;jakub.stepien58@gmail.com;1993-01-21;zwykly
U00412;RD0002;KL00000023;Julia;Mazur;41830466511;DOK728700;169;30;59-475;729837519;julia.mazur902@gmail.com;1997-03-16;nowy
U00667;RD0001;KL00000024;Katarzyna;Kozlowski;80669721583;DOK444136;151;;23-012;819532201;katarzyna.kozlowski731@gmail.com;1959-08-06;nowy
U00587;RD0003;KL00000025;Olga;Lewandowski;81456933142;DOK368735;91;;89-455;599816870;olga.lewandowski249@gmail.com;1964-05-14;zwykly
U00320;RD0010;KL00000026;Anna;Kowalczyk;80591430186;DOK783362;92;;79-794;578181659;anna.kowalczyk151@gmail.com;1986-12-14;staly
U00299;RD0006;KL00000027;Aleksandra;Kozlowski;14167282477;DOK642827;151;10;17-243;772251460;aleksandra.kozlowski839@gmail.com;1993-01-26;zwykly
U00201;RD0004;KL00000028;Karolina;Jankowski;53243464935;DOK298553;171;;98-478;821994933;karolina.jankowski710@gmail.com;1977-07-14;nowy
U00631;RD0005;KL00000029;Mateusz;Kozlowski;54747955527;DOK270162;27;;15-507;617792635;mateusz.kozlowski943@gmail.com;1955-04-02;VIP
U00478;RD0010;KL00000030;Marcin;Zielinska;40980194011;DOK604098;85;25;36-409;598915517;marcin.zielinska846@gmail.com;1955-06-17;staly
U00367;RD0001;KL00000031;Jan;Wisniewski;25267284194;DOK249319;75;;90-599;693224800;jan.wisniewski45@gmail.com;1957-01-07;VIP
U00179;RD0004;KL00000032;Pawel;Dabrowski;48162426087;DOK853754;45;;80-251;595853701;pawel.dabrowski201@gmail.com;1956-06-18;VIP
U00022;RD0003;KL00000033;Michal;Wojcik;97526806772;DOK925663;29;;36-312;744922485;michal.wojcik246@gmail.com;1980-02-26;staly
U00540;RD0010;KL00000034;Marta;Kaminska;69621292015;DOK845476;17;;26-813;601812807;marta.kaminska197@gmail.com;1991-03-29;firmowy
U00326;RD0010;KL00000035;Marcin;Jankowski;42796984231;DOK148439;158;55;78-301;579761258;marcin.jankowski336@gmail.com;1971-10-27;zwykly
U00130;RD0009;KL00000036;Wojciech;Szymanski;91468590242;DOK612743;54;51;70-809;856215031;wojciech.szymanski630@gmail.com;1959-06-01;VIP
U00661;RD0009;KL00000037;Adam;Mazur;76031970065;DOK644098;119;;57-538;872862042;adam.mazur495@gmail.com;2003-09-13;firmowy
U00596;RD0007;KL00000038;Magdalena;Szymanski;90705117606;DOK781298;10;;35-462;625834270;magdalena.szymanski406@gmail.com;1969-11-16;staly
U00586;RD0003;KL00000039;Karolina;Mazur;45966517236;DOK677295;22;;20-302;738641974;karolina.mazur532@gmail.com;1978-12-04;VIP
U00477;RD0009;KL00000040;Mateusz;Nowak;55617388057;DOK546800;116;;62-376;767116397;mateusz.nowak325@gmail.com;1973-07-30;firmowy
U00453;RD0004;KL00000041;Jan;Kaminska;97040196074;DOK179574;92;19;74-525;793481499;jan.kaminska660@gmail.com;1960-04-26;staly
U00122;RD0002;KL00000042;Zofia;Wojcik;15842172970;DOK672549;52;;96-337;634230423;zofia.wojcik310@gmail.com;2005-09-17;staly
U00619;RD0003;KL00000043;Pawel;Stepien;86191951062;DOK373820;3;19;54-801;716794455;pawel.stepien969@gmail.com;1982-08-12;nowy
U00013;RD0008;KL00000044;Damian;Wieczorek;81528776336;DOK898134;39;15;39-740;612675794;damian.wieczorek486@gmail.com;1970-11-27;nowy
U00480;RD0008;KL00000045;Mateusz;Pawlak;53318506972;DOK986887;49;;99-427;612519957;mateusz.pawlak450@gmail.com;1985-08-15;nowy
U00143;RD0010;KL00000046;Jan;Jankowski;30932597763;DOK420415;3;;94-854;690407951;jan.jankowski348@gmail.com;1970-05-06;firmowy
U00414;RD0009;KL00000047;Karolina;Wrobel;54236604965;DOK715467;6;3;27-157;677301900;karolina.wrobel582@gmail.com;1997-11-10;nowy
U00401;RD0007;KL00000048;Aleksandra;Michalski;20267704078;DOK660453;99;;23-336;805756041;aleksandra.michalski986@gmail.com;1985-09-22;staly
U00107;RD0009;KL00000049;Piotr;Kaminska;15057908542;DOK966621;177;2;33-203;537307713;piotr.kaminska934@gmail.com;1981-04-05;staly
U00299;RD0009;KL00000050;Pawel;Zielinska;70430101504;DOK160244;95;11;51-880;720579447;pawel.zielinska401@gmail.com;1965-09-08;zwykly
U00429;RD0008;KL00000051;Marek;Pawlak;21781708432;DOK507888;53;;36-317;732035968;marek.pawlak838@gmail.com;2003-04-17;firmowy
U00589;RD0005;KL00000052;Alicja;Krol;38293062524;DOK626883;176;;35-007;576607178;alicja.krol457@gmail.com;1959-05-09;firmowy
U00539;RD0006;KL00000053;Aleksandra;Zielinska;91219130964;DOK614807;118;;15-754;548910379;aleksandra.zielinska295@gmail.com;1998-12-24;firmowy
U00305;RD0007;KL00000054;Natalia;Stepien;66586736530;DOK361236;46;47;65-468;706515444;natalia.stepien933@gmail.com;1999-11-07;VIP
U00098;RD0007;KL00000055;Marcin;Michalski;40252308538;DOK265603;71;35;47-682;535832839;marcin.michalski715@gmail.com;2004-06-10;VIP
U00567;RD0002;KL00000056;Magdalena;Krawczyk;61519491565;DOK180251;27;50;51-419;742094415;magdalena.krawczyk169@gmail.com;1972-03-14;VIP
U00474;RD0001;KL00000057;Adam;Nowak;96213718160;DOK828221;173;25;53-763;714395012;adam.nowak877@gmail.com;1968-03-24;firmowy
U00257;RD0002;KL00000058;Anna;Kowalski;53535852547;DOK802855;119;;18-084;794435331;anna.kowalski673@gmail.com;1971-06-28;firmowy
U00286;RD0003;KL00000059;Marek;Grabowska;91681972063;DOK205397;46;;78-759;709835729;marek.grabowska173@gmail.com;1960-04-12;zwykly
U00158;RD0008;KL00000060;Marta;Szymanski;33012808396;DOK327197;9;35;37-452;874060710;marta.szymanski49@gmail.com;1998-03-13;nowy
U00676;RD0002;KL00000061;Wojciech;Wrobel;71453784704;DOK154961;154;;58-785;608307288;wojciech.wrobel952@gmail.com;1971-12-29;staly
U00094;RD0001;KL00000062;Zofia;Lewandowski;11811113558;DOK115267;87;44;95-064;618416460;zofia.lewandowski982@gmail.com;1961-07-29;VIP
U00046;RD0007;KL00000063;Ewa;Kaminska;25086073078;DOK955244;84;;90-194;835368953;ewa.kaminska213@gmail.com;1991-11-12;firmowy
U00238;RD0004;KL00000064;Karolina;Wojcik;57699414231;DOK439075;45;;93-323;506432452;karolina.wojcik399@gmail.com;1969-06-24;firmowy
U00674;RD0005;KL00000065;Zofia;Wisniewski;94395871122;DOK486903;12;;37-420;661884964;zofia.wisniewski786@gmail.com;1995-10-02;firmowy
U00550;RD0010;KL00000066;Katarzyna;Stepien;45096149660;DOK199346;154;;90-713;708609481;katarzyna.stepien695@gmail.com;2007-06-30;VIP
U00651;RD0006;KL00000067;Jakub;Kaminska;77286549341;DOK170793;86;;84-459;705284081;jakub.kaminska524@gmail.com;1998-08-04;VIP
U00014;RD0004;KL00000068;Adam;Michalski;91695489400;DOK895807;32;;64-775;630752617;adam.michalski635@gmail.com;1960-05-27;zwykly
U00511;RD0005;KL00000069;Marek;Jankowski;28047503203;DOK494000;53;16;86-968;738223690;marek.jankowski757@gmail.com;1977-05-14;VIP
U00660;RD0001;KL00000070;Michal;Kozlowski;70033195310;DOK779525;74;15;52-350;630056432;michal.kozlowski211@gmail.com;1991-09-13;zwykly
U00228;RD0010;KL00000071;Marta;Zielinska;65287850336;DOK646802;83;;90-006;534690923;marta.zielinska891@gmail.com;1988-06-15;zwykly
U00650;RD0003;KL00000072;Pawel;Nowak;39799662178;DOK231660;24;;80-851;609722098;pawel.nowak242@gmail.com;1989-07-13;zwykly
U00479;RD0005;KL00000073;Karolina;Zajac;40913182869;DOK544613;46;20;46-590;740663761;karolina.zajac991@gmail.com;1998-04-03;VIP
U00082;RD0006;KL00000074;Michal;Grabowska;63250054532;DOK275915;121;;74-624;894561523;michal.grabowska444@gmail.com;2006-09-27;VIP
U00021;RD0007;KL00000075;Olga;Grabowska;92893863326;DOK663292;40;12;42-389;748920863;olga.grabowska314@gmail.com;1985-11-13;staly
U00621;RD0008;KL00000076;Tomasz;Pawlak;53258651413;DOK243294;121;;34-004;506890344;tomasz.pawlak883@gmail.com;1989-01-26;staly
U00426;RD0007;KL00000077;Magdalena;Mazur;63142252686;DOK613331;79;38;19-418;520845028;magdalena.mazur944@gmail.com;1963-06-21;firmowy
U00199;RD0007;KL00000078;Mateusz;Kaminska;48470438165;DOK908735;90;32;91-705;697665422;mateusz.kaminska714@gmail.com;1958-12-05;firmowy
U00253;RD0004;KL00000079;Karolina;Zajac;16346782959;DOK952624;93;44;13-714;857381886;karolina.zajac661@gmail.com;1965-01-23;staly
U00698;RD0003;KL00000080;Aleksandra;Piotrowski;41156929881;DOK731399;149;54;30-012;562669285;aleksandra.piotrowski790@gmail.com;1961-04-13;firmowy
U00601;RD0002;KL00000081;Tomasz;Stepien;33291370824;DOK970055;110;;48-512;786260275;tomasz.stepien675@gmail.com;1981-01-18;nowy
U00422;RD0002;KL00000082;Julia;Zajac;96368674469;DOK700426;89;18;36-952;713658635;julia.zajac716@gmail.com;1975-12-19;zwykly
U00002;RD0002;KL00000083;Alicja;Grabowska;68825232339;DOK650462;107;47;65-174;594704725;alicja.grabowska384@gmail.com;1967-09-07;VIP
U00187;RD0009;KL00000084;Pawel;Grabowska;26958606691;DOK572552;146;12;35-060;598102096;pawel.grabowska829@gmail.com;2006-08-30;VIP
U00452;RD0010;KL00000085;Michal;Krawczyk;34208298169;DOK183686;76;;25-283;534500633;michal.krawczyk351@gmail.com;1957-01-07;nowy
U00497;RD0002;KL00000086;Zofia;Grabowska;14335797750;DOK379005;2;51;15-099;613316462;zofia.grabowska535@gmail.com;1955-06-30;firmowy
U00273;RD0008;KL00000087;Aleksandra;Nowicka;93051911305;DOK550314;87;;53-322;628632673;aleksandra.nowicka964@gmail.com;1979-07-31;firmowy
U00059;RD0006;KL00000088;Tomasz;Krol;56699511992;DOK945435;26;;99-411;889349623;tomasz.krol856@gmail.com;1964-06-13;zwykly
U00544;RD0005;KL00000089;Aleksandra;Wojcik;58312101286;DOK573870;159;56;70-527;721795650;aleksandra.wojcik677@gmail.com;1967-10-16;zwykly
U00018;RD0006;KL00000090;Wojciech;Kozlowski;18046339878;DOK946785;84;15;87-496;714837051;wojciech.kozlowski757@gmail.com;1996-09-08;zwykly
U00488;RD0002;KL00000091;Natalia;Krawczyk;64693306443;DOK408137;156;;28-890;779202093;natalia.krawczyk898@gmail.com;1993-12-01;nowy
U00510;RD0002;KL00000092;Anna;Kowalczyk;73886718435;DOK276216;115;31;94-553;629333068;anna.kowalczyk250@gmail.com;1969-05-27;VIP
U00092;RD0002;KL00000093;Damian;Wrobel;13074187947;DOK268018;84;50;45-225;886104131;damian.wrobel264@gmail.com;2000-04-25;firmowy
U00682;RD0003;KL00000094;Marta;Wojcik;86977565771;DOK764323;126;;98-340;620155046;marta.wojcik955@gmail.com;1994-03-12;nowy
U00352;RD0007;KL00000095;Piotr;Wieczorek;64653579478;DOK785684;165;55;65-827;625288193;piotr.wieczorek229@gmail.com;1972-08-18;zwykly
U00115;RD0002;KL00000096;Julia;Wisniewski;26930794076;DOK700665;95;;50-976;704115693;julia.wisniewski591@gmail.com;2005-02-23;zwykly
U00605;RD0009;KL00000097;Julia;Nowak;54769444149;DOK908746;94;60;26-532;856344191;julia.nowak617@gmail.com;1995-03-15;VIP
U00010;RD0009;KL00000098;Katarzyna;Mazur;73790409177;DOK431272;38;19;38-511;865061979;katarzyna.mazur467@gmail.com;1965-01-12;nowy
U00682;RD0001;KL00000099;Julia;Kowalczyk;55521844312;DOK423896;129;8;45-868;879311252;julia.kowalczyk588@gmail.com;1987-07-19;VIP
U00386;RD0001;KL00000100;Magdalena;Dabrowski;28610714131;DOK968100;54;60;38-717;894989661;magdalena.dabrowski54@gmail.com;2007-10-23;VIP
U00402;RD0005;KL00000101;Magdalena;Zajac;35119194619;DOK122613;141;;64-694;754166295;magdalena.zajac357@gmail.com;2006-07-25;firmowy
U00541;RD0005;KL00000102;Tomasz;Wisniewski;39734332549;DOK835165;141;;26-331;811591115;tomasz.wisniewski887@gmail.com;1958-09-07;staly
U00168;RD0010;KL00000103;Krzysztof;Wieczorek;70720361952;DOK829762;124;;28-214;617111126;krzysztof.wieczorek824@gmail.com;2005-12-05;VIP
U00010;RD0006;KL00000104;Ewa;Wieczorek;25357437666;DOK811267;38;;64-695;590313988;ewa.wieczorek949@gmail.com;1958-11-01;zwykly
U00184;RD0001;KL00000105;Natalia;Grabowska;98113123150;DOK454928;152;;29-642;887916302;natalia.grabowska414@gmail.com;1971-09-03;zwykly
U00407;RD0008;KL00000106;Katarzyna;Zielinska;96640171965;DOK881399;97;51;95-674;548109619;katarzyna.zielinska797@gmail.com;1986-07-21;firmowy
U00669;RD0008;KL00000107;Michal;Wieczorek;11577640521;DOK225829;30;;72-656;859055083;michal.wieczorek931@gmail.com;1989-09-08;VIP
U00587;RD0010;KL00000108;Jan;Michalski;46419168166;DOK827424;25;12;59-495;846065188;jan.michalski720@gmail.com;1984-07-05;staly
U00102;RD0006;KL00000109;Mateusz;Kowalczyk;86429908662;DOK293871;104;2;60-569;787986570;mateusz.kowalczyk803@gmail.com;1991-01-27;firmowy
U00599;RD0009;KL00000110;Piotr;Nowicka;99292660818;DOK230117;54;58;25-185;821640763;piotr.nowicka712@gmail.com;1967-03-31;zwykly
U00322;RD0002;KL00000111;Weronika;Piotrowski;27347987792;DOK703016;53;6;81-262;518793319;weronika.piotrowski87@gmail.com;1963-06-27;nowy
U00558;RD0003;KL00000112;Julia;Jankowski;40065138589;DOK415201;12;34;47-674;786744041;julia.jankowski456@gmail.com;1964-07-08;nowy
U00321;RD0009;KL00000113;Magdalena;Stepien;61525851477;DOK735617;138;45;22-678;524017219;magdalena.stepien243@gmail.com;1957-07-02;VIP
U00221;RD0003;KL00000114;Marek;Dabrowski;85600634489;DOK326534;152;;26-746;834101610;marek.dabrowski433@gmail.com;1960-01-23;nowy
U00391;RD0003;KL00000115;Michal;Szymanski;71847784066;DOK187298;66;45;28-548;609394375;michal.szymanski73@gmail.com;1997-11-04;staly
U00662;RD0004;KL00000116;Wojciech;Stepien;60313158042;DOK691021;169;33;87-167;725317456;wojciech.stepien842@gmail.com;1965-06-12;staly
U00389;RD0001;KL00000117;Olga;Krawczyk;95744803128;DOK359520;20;;78-112;867208562;olga.krawczyk562@gmail.com;1982-09-06;zwykly
U00092;RD0006;KL00000118;Jakub;Wieczorek;56854852172;DOK915866;70;;38-280;505295339;jakub.wieczorek101@gmail.com;1980-08-31;VIP
U00127;RD0003;KL00000119;Tomasz;Wojcik;52415000751;DOK717429;126;;54-717;807175024;tomasz.wojcik887@gmail.com;1974-03-11;nowy
U00102;RD0001;KL00000120;Michal;Krol;53683027534;DOK888395;100;;96-991;785444674;michal.krol565@gmail.com;1995-06-19;firmowy
U00131;RD0005;KL00000121;Magdalena;Michalski;27722617158;DOK497201;146;4;91-997;698723141;magdalena.michalski725@gmail.com;2007-11-29;VIP
U00429;RD0008;KL00000122;Marta;Krol;70915970094;DOK471197;120;18;64-533;885723929;marta.krol903@gmail.com;1970-07-26;staly
U00313;RD0007;KL00000123;Wojciech;Wisniewski;56259281993;DOK986304;24;5;40-967;550269163;wojciech.wisniewski170@gmail.com;1994-02-24;zwykly
U00293;RD0009;KL00000124;Piotr;Zajac;78417063821;DOK947613;3;28;96-520;892343849;piotr.zajac140@gmail.com;1987-08-22;firmowy
U00694;RD0009;KL00000125;Adam;Wrobel;25882282070;DOK525167;4;59;10-731;728158812;adam.wrobel720@gmail.com;1991-05-12;staly
U00678;RD0009;KL00000126;Zofia;Zajac;94542471702;DOK144413;156;;31-690;781060733;zofia.zajac926@gmail.com;1970-04-26;VIP
U00137;RD0009;KL00000127;Piotr;Jankowski;66053216894;DOK619577;98;;24-346;864569267;piotr.jankowski256@gmail.com;1991-09-08;zwykly
U00495;RD0005;KL00000128;Julia;Dabrowski;36906899762;DOK102342;162;14;49-951;845193842;julia.dabrowski528@gmail.com;1957-05-30;firmowy
U00059;RD0006;KL00000129;Aleksandra;Grabowska;91629680717;DOK582716;85;;23-005;687755407;aleksandra.grabowska912@gmail.com;2004-02-29;VIP
U00010;RD0002;KL00000130;Tomasz;Jankowski;76274797740;DOK307140;22;58;29-420;566487512;tomasz.jankowski936@gmail.com;1988-03-02;zwykly
U00257;RD0004;KL00000131;Marek;Wrobel;63561243000;DOK492491;77;;33-549;644676874;marek.wrobel112@gmail.com;1984-11-04;firmowy
U00363;RD0007;KL00000132;Alicja;Kowalczyk;57269594958;DOK843670;51;;46-041;571769080;alicja.kowalczyk405@gmail.com;1983-08-27;staly
U00683;RD0004;KL00000133;Anna;Kaminska;78497752670;DOK797557;69;;72-563;766055824;anna.kaminska820@gmail.com;2001-05-23;VIP
U00514;RD0007;KL00000134;Jakub;Mazur;23449336488;DOK213119;6;;54-512;507327724;jakub.mazur786@gmail.com;2001-07-29;VIP
U00351;RD0007;KL00000135;Anna;Wrobel;95798150148;DOK873253;3;;47-288;760881279;anna.wrobel85@gmail.com;2006-10-12;firmowy
U00157;RD0009;KL00000136;Zofia;Krol;40867329690;DOK394795;30;45;41-682;730402944;zofia.krol204@gmail.com;1987-04-01;zwykly
U00515;RD0010;KL00000137;Marcin;Zajac;36548001391;DOK996398;152;10;39-123;571025772;marcin.zajac411@gmail.com;1957-08-11;staly
U00437;RD0001;KL00000138;Pawel;Kowalczyk;38417510916;DOK195352;14;;77-313;875894927;pawel.kowalczyk649@gmail.com;1970-10-01;VIP
U00491;RD0001;KL00000139;Jakub;Krawczyk;68024422720;DOK775149;14;;44-372;650622322;jakub.krawczyk966@gmail.com;1978-11-20;firmowy
U00049;RD0003;KL00000140;Zofia;Kozlowski;10175617484;DOK154662;170;14;46-483;650409407;zofia.kozlowski931@gmail.com;1996-04-10;zwykly
U00259;RD0008;KL00000141;Karolina;Kaminska;54511242502;DOK419141;29;;11-699;796228310;karolina.kaminska789@gmail.com;1963-11-13;staly
U00371;RD0010;KL00000142;Natalia;Zajac;93875823876;DOK489642;61;14;84-393;546831879;natalia.zajac909@gmail.com;1962-03-28;VIP
U00617;RD0002;KL00000143;Wojciech;Zajac;87485672202;DOK786141;49;;67-947;552955556;wojciech.zajac77@gmail.com;1992-03-12;nowy
U00486;RD0004;KL00000144;Jakub;Dabrowski;14954985029;DOK234041;50;;42-912;800833493;jakub.dabrowski999@gmail.com;1978-08-21;staly
U00121;RD0007;KL00000145;Krzysztof;Wieczorek;74715315231;DOK539357;135;33;12-170;821668172;krzysztof.wieczorek281@gmail.com;2002-05-30;VIP
U00580;RD0001;KL00000146;Julia;Nowak;38749666400;DOK876696;102;;78-891;775676606;julia.nowak995@gmail.com;1960-02-07;VIP
U00394;RD0009;KL00000147;Krzysztof;Nowicka;64886985547;DOK520320;156;;33-003;585900984;krzysztof.nowicka586@gmail.com;1969-10-27;nowy
U00526;RD0008;KL00000148;Marcin;Kowalski;81814340681;DOK371407;78;19;44-565;563943151;marcin.kowalski176@gmail.com;1970-03-28;zwykly
U00299;RD0001;KL00000149;Weronika;Zielinska;29926996182;DOK391248;35;;16-657;633685190;weronika.zielinska844@gmail.com;1969-04-15;nowy
U00665;RD0006;KL00000150;Katarzyna;Kowalski;94321730903;DOK487040;84;;80-270;887663531;katarzyna.kowalski137@gmail.com;1982-10-15;nowy
U00059;RD0001;KL00000151;Julia;Kozlowski;60783400342;DOK329931;72;;12-550;852894692;julia.kozlowski889@gmail.com;2007-12-15;nowy
U00392;RD0005;KL00000152;Katarzyna;Zajac;99636078231;DOK765117;155;53;66-225;674087388;katarzyna.zajac276@gmail.com;1968-11-16;nowy
U00160;RD0008;KL00000153;Wojciech;Mazur;68953950015;DOK486547;38;6;73-185;746633188;wojciech.mazur190@gmail.com;1966-12-26;VIP
U00185;RD0005;KL00000154;Mateusz;Grabowska;48745103152;DOK270832;46;44;87-192;537287897;mateusz.grabowska147@gmail.com;1959-11-26;firmowy
U00661;RD0007;KL00000155;Zofia;Piotrowski;29442365846;DOK862067;4;25;59-021;559074865;zofia.piotrowski847@gmail.com;1955-12-03;zwykly
U00086;RD0005;KL00000156;Marek;Zielinska;94298973989;DOK114152;3;7;79-753;681671702;marek.zielinska874@gmail.com;2003-02-21;zwykly
U00492;RD0010;KL00000157;Pawel;Kowalczyk;73962329264;DOK955076;42;;71-158;630893886;pawel.kowalczyk58@gmail.com;1991-12-27;staly
U00127;RD0001;KL00000158;Wojciech;Pawlak;17837992791;DOK207809;140;;75-907;722954262;wojciech.pawlak146@gmail.com;1955-01-31;VIP
U00438;RD0007;KL00000159;Jan;Zielinska;57877617557;DOK787199;74;;97-393;868704841;jan.zielinska906@gmail.com;2003-08-24;zwykly
U00113;RD0004;KL00000160;Magdalena;Kaminska;52760046147;DOK474664;20;8;56-945;545528964;magdalena.kaminska918@gmail.com;1957-12-13;nowy
U00439;RD0009;KL00000161;Marek;Kaminska;93042522912;DOK290175;174;;95-703;661900815;marek.kaminska640@gmail.com;1974-07-13;staly
U00512;RD0006;KL00000162;Katarzyna;Szymanski;48366435337;DOK950100;20;56;29-796;852109001;katarzyna.szymanski151@gmail.com;1976-10-17;VIP
U00490;RD0002;KL00000163;Tomasz;Piotrowski;87795447140;DOK548217;72;;51-130;597641967;tomasz.piotrowski786@gmail.com;1981-03-14;staly
U00435;RD0008;KL00000164;Jakub;Grabowska;93382256048;DOK932046;163;;93-943;632020919;jakub.grabowska393@gmail.com;1983-06-28;nowy
U00547;RD0008;KL00000165;Magdalena;Pawlak;85301404317;DOK961304;59;;84-732;726474033;magdalena.pawlak540@gmail.com;1994-04-29;VIP
U00241;RD0006;KL00000166;Marcin;Wisniewski;35782113603;DOK991913;5;;70-980;571722021;marcin.wisniewski944@gmail.com;1962-06-30;zwykly
U00143;RD0005;KL00000167;Natalia;Jankowski;29157222269;DOK975825;142;59;63-248;613138762;natalia.jankowski848@gmail.com;1970-04-14;zwykly
U00121;RD0003;KL00000168;Ewa;Kowalczyk;69978845460;DOK489739;14;43;84-075;755994314;ewa.kowalczyk858@gmail.com;1995-06-02;VIP
U00375;RD0003;KL00000169;Jan;Kowalczyk;40404044697;DOK180808;4;53;63-153;597938413;jan.kowalczyk482@gmail.com;2005-08-07;VIP
U00307;RD0008;KL00000170;Ewa;Nowicka;71578393477;DOK919354;166;19;24-159;532212683;ewa.nowicka903@gmail.com;1998-09-20;zwykly
U00516;RD0003;KL00000171;Aleksandra;Kaminska;61586283446;DOK973128;109;57;68-567;881933597;aleksandra.kaminska850@gmail.com;1972-07-23;nowy
U00233;RD0007;KL00000172;Adam;Dabrowski;35475384792;DOK385031;24;9;37-410;832346591;adam.dabrowski58@gmail.com;1969-11-23;firmowy
U00573;RD0010;KL00000173;Alicja;Zajac;22205064376;DOK956223;178;;50-668;844612518;alicja.zajac415@gmail.com;1980-11-21;VIP
U00663;RD0007;KL00000174;Anna;Jankowski;45196099890;DOK213666;27;;87-797;680104976;anna.jankowski29@gmail.com;1971-04-20;staly
U00110;RD0002;KL00000175;Alicja;Pawlak;92514524905;DOK111510;80;;35-653;517376788;alicja.pawlak247@gmail.com;1973-04-26;zwykly
U00046;RD0010;KL00000176;Mateusz;Michalski;16372902512;DOK150382;81;;49-008;691474551;mateusz.michalski770@gmail.com;1974-03-21;firmowy
U00323;RD0007;KL00000177;Adam;Lewandowski;60361447019;DOK235808;180;22;62-918;898063659;adam.lewandowski516@gmail.com;1961-11-15;nowy
U00025;RD0010;KL00000178;Olga;Kowalczyk;64958699155;DOK600121;151;3;47-165;581356243;olga.kowalczyk699@gmail.com;1986-07-07;zwykly
U00238;RD0004;KL00000179;Wojciech;Wisniewski;29989723339;DOK906172;42;33;76-746;826814221;wojciech.wisniewski668@gmail.com;1990-08-11;staly
U00348;RD0005;KL00000180;Krzysztof;Kowalczyk;93151925596;DOK997531;111;;97-396;628371543;krzysztof.kowalczyk214@gmail.com;1996-07-15;nowy
U00581;RD0008;KL00000181;Piotr;Kowalczyk;27244043527;DOK903541;80;52;21-510;550527064;piotr.kowalczyk466@gmail.com;1976-05-07;VIP
U00070;RD0005;KL00000182;Julia;Kaminska;59720738821;DOK470533;23;;68-264;754080038;julia.kaminska263@gmail.com;2006-12-07;firmowy
U00127;RD0010;KL00000183;Wojciech;Kowalczyk;16392023728;DOK481128;74;;89-939;865386174;wojciech.kowalczyk133@gmail.com;1984-12-30;staly
U00322;RD0006;KL00000184;Adam;Krol;80494132462;DOK571955;68;44;15-635;845673350;adam.krol59@gmail.com;2005-06-05;VIP
U00009;RD0003;KL00000185;Marcin;Pawlak;26548765785;DOK404779;97;;61-874;539180129;marcin.pawlak229@gmail.com;1981-06-02;firmowy
U00358;RD0008;KL00000186;Marta;Wisniewski;97911489551;DOK661109;120;;33-749;558169065;marta.wisniewski940@gmail.com;1982-01-05;firmowy
U00337;RD0002;KL00000187;Pawel;Mazur;54312401057;DOK733727;125;;70-117;649451473;pawel.mazur466@gmail.com;1957-08-09;nowy
U00150;RD0004;KL00000188;Marek;Grabowska;88684602391;DOK132844;154;4;56-808;730913404;marek.grabowska485@gmail.com;1969-07-10;zwykly
U00434;RD0005;KL00000189;Pawel;Kowalski;96981983850;DOK284660;22;;45-414;543867247;pawel.kowalski306@gmail.com;2003-06-19;firmowy
U00220;RD0005;KL00000190;Karolina;Nowicka;18820755955;DOK549350;88;20;31-203;687516262;karolina.nowicka965@gmail.com;1983-07-09;firmowy
U00165;RD0007;KL00000191;Magdalena;Pawlak;90285400342;DOK508040;3;58;86-203;541773235;magdalena.pawlak741@gmail.com;2000-06-15;nowy
U00332;RD0006;KL00000192;Aleksandra;Kowalczyk;27240800940;DOK580938;38;;50-116;861821634;aleksandra.kowalczyk417@gmail.com;1972-11-18;nowy
U00462;RD0003;KL00000193;Ewa;Kowalski;72853810061;DOK769952;149;;37-763;600747555;ewa.kowalski431@gmail.com;2002-05-24;nowy
U00616;RD0007;KL00000194;Damian;Kaminska;58172942828;DOK319952;49;37;11-379;695310662;damian.kaminska17@gmail.com;1975-07-19;staly
U00512;RD0008;KL00000195;Adam;Wojcik;67612922048;DOK468814;91;28;76-997;680295543;adam.wojcik117@gmail.com;1966-12-18;firmowy
U00182;RD0009;KL00000196;Karolina;Jankowski;34029877347;DOK669128;112;;94-705;865223529;karolina.jankowski448@gmail.com;1998-02-24;staly
U00102;RD0002;KL00000197;Marcin;Krol;19035803916;DOK781180;5;27;23-508;834913865;marcin.krol950@gmail.com;1992-01-26;zwykly
U00516;RD0010;KL00000198;Wojciech;Piotrowski;17756155379;DOK800144;75;14;38-795;744077558;wojciech.piotrowski565@gmail.com;1980-12-06;zwykly
U00128;RD0006;KL00000199;Pawel;Grabowska;74055268184;DOK532993;166;48;60-007;701135358;pawel.grabowska801@gmail.com;1970-03-28;nowy
U00675;RD0005;KL00000200;Julia;Szymanski;69740150574;DOK806007;62;;63-033;508337641;julia.szymanski27@gmail.com;1965-06-09;staly
U00615;RD0006;KL00000201;Adam;Zajac;32914036801;DOK699982;111;;60-197;830856317;adam.zajac660@gmail.com;1981-10-06;zwykly
U00440;RD0003;KL00000202;Olga;Michalski;99934002619;DOK509376;45;;50-529;585063789;olga.michalski448@gmail.com;1970-09-19;zwykly
U00517;RD0002;KL00000203;Marcin;Kowalczyk;90021430066;DOK922378;101;41;43-857;796838885;marcin.kowalczyk163@gmail.com;1976-12-09;VIP
U00027;RD0007;KL00000204;Piotr;Wisniewski;95948901775;DOK907437;152;;89-724;791881942;piotr.wisniewski943@gmail.com;1960-05-11;nowy
U00134;RD0008;KL00000205;Tomasz;Kowalski;98624344410;DOK915361;92;;93-919;619053928;tomasz.kowalski305@gmail.com;1968-03-10;nowy
U00388;RD0005;KL00000206;Zofia;Zajac;17126457546;DOK388321;22;41;12-653;811038617;zofia.zajac888@gmail.com;1962-01-14;zwykly
U00126;RD0002;KL00000207;Krzysztof;Krol;49263884020;DOK374721;47;;73-864;694023707;krzysztof.krol935@gmail.com;1969-02-25;firmowy
U00023;RD0007;KL00000208;Katarzyna;Grabowska;74740515813;DOK756075;20;;63-384;668354631;katarzyna.grabowska649@gmail.com;1985-09-06;VIP
U00011;RD0003;KL00000209;Alicja;Dabrowski;90142656922;DOK761875;156;8;53-355;759797734;alicja.dabrowski629@gmail.com;1995-10-30;nowy
U00535;RD0005;KL00000210;Jan;Kaminska;26864546354;DOK302212;156;;12-530;774740852;jan.kaminska780@gmail.com;1965-05-14;VIP
U00223;RD0001;KL00000211;Natalia;Wojcik;28586641629;DOK330436;22;9;44-280;758543542;natalia.wojcik205@gmail.com;1961-04-04;staly
U00668;RD0005;KL00000212;Marcin;Pawlak;77899188368;DOK557244;132;60;34-256;592856934;marcin.pawlak203@gmail.com;2001-10-02;staly
U00598;RD0010;KL00000213;Tomasz;Wojcik;32813084426;DOK932673;53;32;65-904;739529111;tomasz.wojcik434@gmail.com;1995-07-31;staly
U00111;RD0010;KL00000214;Jakub;Krol;67479744244;DOK309422;146;;90-839;534502680;jakub.krol461@gmail.com;1966-05-19;zwykly
U00601;RD0007;KL00000215;Adam;Szymanski;92864837906;DOK966843;166;34;55-407;516073890;adam.szymanski118@gmail.com;1967-03-30;staly
U00367;RD0004;KL00000216;Karolina;Kaminska;36081791644;DOK788866;96;;50-125;505171678;karolina.kaminska327@gmail.com;2001-11-02;zwykly
U00219;RD0008;KL00000217;Marcin;Kozlowski;84013662769;DOK169452;99;;37-539;616749786;marcin.kozlowski106@gmail.com;1993-03-04;staly
U00688;RD0002;KL00000218;Marcin;Krol;68610283842;DOK815267;112;;50-202;605829742;marcin.krol51@gmail.com;1988-08-11;firmowy
U00432;RD0002;KL00000219;Anna;Szymanski;70662516147;DOK279453;154;;59-242;809459814;anna.szymanski22@gmail.com;1974-05-25;zwykly
U00005;RD0008;KL00000220;Wojciech;Michalski;28401211078;DOK982526;104;;78-940;783206753;wojciech.michalski41@gmail.com;1977-12-16;zwykly
U00098;RD0007;KL00000221;Piotr;Grabowska;51761056532;DOK388016;82;26;20-569;668134366;piotr.grabowska506@gmail.com;1996-09-01;zwykly
U00466;RD0008;KL00000222;Tomasz;Dabrowski;99544365750;DOK227310;96;7;13-229;525680811;tomasz.dabrowski846@gmail.com;1955-09-16;VIP
U00447;RD0004;KL00000223;Katarzyna;Kozlowski;19320901326;DOK300445;95;35;10-956;869496706;katarzyna.kozlowski889@gmail.com;1958-07-28;staly
U00114;RD0001;KL00000224;Olga;Nowak;52722661878;DOK178687;68;;88-810;703772824;olga.nowak277@gmail.com;2002-07-18;VIP
U00472;RD0002;KL00000225;Marek;Michalski;53492078842;DOK255190;150;58;62-652;739863045;marek.michalski685@gmail.com;1963-04-30;nowy
U00592;RD0008;KL00000226;Adam;Zielinska;77264638054;DOK394169;83;31;38-094;641633004;adam.zielinska785@gmail.com;1975-02-27;zwykly
U00249;RD0004;KL00000227;Natalia;Pawlak;21574786842;DOK178794;127;;11-686;616036846;natalia.pawlak480@gmail.com;1981-03-15;VIP
U00349;RD0004;KL00000228;Magdalena;Wojcik;90805495011;DOK898598;136;21;49-725;743751186;magdalena.wojcik672@gmail.com;1965-06-24;nowy
U00225;RD0006;KL00000229;Katarzyna;Kowalczyk;81384409682;DOK312882;103;;45-433;588152228;katarzyna.kowalczyk703@gmail.com;1975-11-26;nowy
U00151;RD0008;KL00000230;Wojciech;Wojcik;26648136069;DOK881216;29;;68-191;643213897;wojciech.wojcik30@gmail.com;1987-05-30;nowy
U00272;RD0002;KL00000231;Krzysztof;Jankowski;86995568287;DOK188150;91;;29-406;769611415;krzysztof.jankowski442@gmail.com;1989-07-25;staly
U00280;RD0006;KL00000232;Anna;Piotrowski;14715069654;DOK780129;98;28;34-301;601709998;anna.piotrowski413@gmail.com;1967-01-08;nowy
U00623;RD0008;KL00000233;Michal;Nowicka;68062024161;DOK214488;175;;41-981;559637120;michal.nowicka225@gmail.com;1962-11-03;zwykly
U00273;RD0004;KL00000234;Anna;Michalski;83297256412;DOK205939;71;;89-716;884304718;anna.michalski415@gmail.com;1981-09-01;firmowy
U00275;RD0008;KL00000235;Katarzyna;Zielinska;32358334342;DOK923895;53;;46-722;820143316;katarzyna.zielinska295@gmail.com;2004-12-09;zwykly
U00516;RD0010;KL00000236;Katarzyna;Kaminska;32499699385;DOK430419;175;;33-340;744392401;katarzyna.kaminska146@gmail.com;1955-11-13;firmowy
U00022;RD0003;KL00000237;Karolina;Kozlowski;48544629323;DOK180716;44;55;11-608;689055679;karolina.kozlowski993@gmail.com;1987-03-31;nowy
U00254;RD0008;KL00000238;Jan;Grabowska;14764776597;DOK958706;5;19;39-537;770124704;jan.grabowska172@gmail.com;2006-05-18;VIP
U00103;RD0005;KL00000239;Damian;Wojcik;71571265382;DOK614496;90;17;94-498;636116558;damian.wojcik374@gmail.com;1986-03-21;zwykly
U00342;RD0009;KL00000240;Natalia;Dabrowski;76983208474;DOK218238;70;47;91-021;579403412;natalia.dabrowski421@gmail.com;1969-12-27;VIP
U00032;RD0004;KL00000241;Natalia;Grabowska;59094570777;DOK316329;23;;58-654;557945367;natalia.grabowska989@gmail.com;1973-08-22;nowy
U00180;RD0005;KL00000242;Krzysztof;Nowicka;62962082116;DOK717766;107;18;49-195;522065380;krzysztof.nowicka594@gmail.com;1990-05-23;staly
U00444;RD0008;KL00000243;Aleksandra;Wojcik;50145049929;DOK215543;3;;97-150;750352286;aleksandra.wojcik698@gmail.com;1965-03-22;nowy
U00572;RD0003;KL00000244;Julia;Krol;75728657357;DOK402262;17;1;68-041;616675632;julia.krol290@gmail.com;1995-05-11;zwykly
U00314;RD0001;KL00000245;Anna;Grabowska;59092862745;DOK792325;1;;27-358;652077024;anna.grabowska805@gmail.com;1989-02-28;nowy
U00278;RD0003;KL00000246;Marek;Wisniewski;66679512654;DOK713652;21;;14-484;690391734;marek.wisniewski255@gmail.com;2001-03-04;firmowy
U00101;RD0005;KL00000247;Karolina;Mazur;52606909372;DOK726040;80;;65-695;673130077;karolina.mazur824@gmail.com;1994-05-06;VIP
U00257;RD0003;KL00000248;Marta;Lewandowski;84802491754;DOK309215;78;;48-580;837326103;marta.lewandowski473@gmail.com;1992-02-22;VIP
U00099;RD0003;KL00000249;Tomasz;Krawczyk;72391149076;DOK827851;81;44;55-479;690156374;tomasz.krawczyk438@gmail.com;1986-10-01;firmowy
U00029;RD0009;KL00000250;Karolina;Piotrowski;69127825640;DOK192724;36;20;41-594;774988928;karolina.piotrowski383@gmail.com;1963-08-30;nowy
U00301;RD0001;KL00000251;Weronika;Michalski;28866328158;DOK522515;172;;76-471;529176912;weronika.michalski87@gmail.com;1958-09-21;staly
U00342;RD0010;KL00000252;Wojciech;Wojcik;88557429699;DOK604855;177;;17-124;897538381;wojciech.wojcik599@gmail.com;2000-11-22;nowy
U00055;RD0004;KL00000253;Ewa;Stepien;29397206316;DOK689351;127;;96-655;583094462;ewa.stepien309@gmail.com;1997-10-01;staly
U00497;RD0010;KL00000254;Ewa;Kowalski;38723773611;DOK220280;18;;87-901;564979858;ewa.kowalski533@gmail.com;1961-08-04;VIP
U00486;RD0001;KL00000255;Pawel;Wojcik;82296009617;DOK565374;101;;25-307;717195067;pawel.wojcik496@gmail.com;1967-07-11;VIP
U00628;RD0008;KL00000256;Weronika;Szymanski;25535577554;DOK553355;38;12;28-838;899753269;weronika.szymanski674@gmail.com;1971-05-19;VIP
U00560;RD0004;KL00000257;Adam;Zajac;76469594192;DOK404124;75;38;73-376;858468525;adam.zajac282@gmail.com;1981-08-15;firmowy
U00476;RD0007;KL00000258;Marcin;Wojcik;69328503276;DOK255363;8;;25-577;709073317;marcin.wojcik12@gmail.com;1994-07-04;staly
U00667;RD0010;KL00000259;Anna;Wieczorek;16203991731;DOK471958;36;;68-283;504896295;anna.wieczorek163@gmail.com;1979-05-06;nowy
U00358;RD0009;KL00000260;Adam;Lewandowski;80397195445;DOK165814;45;23;93-736;802337653;adam.lewandowski348@gmail.com;1986-04-08;VIP
U00311;RD0007;KL00000261;Michal;Wrobel;99504221442;DOK607243;97;39;94-184;809258558;michal.wrobel726@gmail.com;1989-07-02;nowy
U00332;RD0010;KL00000262;Michal;Kowalczyk;91411940895;DOK465004;150;26;18-046;515849417;michal.kowalczyk873@gmail.com;2004-11-14;VIP
U00682;RD0002;KL00000263;Zofia;Wojcik;77342176388;DOK439381;60;52;40-107;593414442;zofia.wojcik746@gmail.com;1981-02-19;firmowy
U00627;RD0005;KL00000264;Piotr;Nowak;14786628466;DOK987936;19;;57-621;838923413;piotr.nowak861@gmail.com;1957-01-02;VIP
U00461;RD0007;KL00000265;Jakub;Wojcik;90047005337;DOK683499;52;;72-448;864454293;jakub.wojcik293@gmail.com;1970-05-06;VIP
U00445;RD0009;KL00000266;Ewa;Kaminska;19415838836;DOK710384;7;43;22-208;517845154;ewa.kaminska830@gmail.com;1964-07-25;zwykly
U00582;RD0009;KL00000267;Natalia;Krawczyk;22302895858;DOK457261;48;59;92-540;766382178;natalia.krawczyk195@gmail.com;1969-02-12;nowy
U00361;RD0006;KL00000268;Magdalena;Nowicka;70417969291;DOK548278;161;;19-582;541953139;magdalena.nowicka131@gmail.com;1990-03-14;staly
U00511;RD0004;KL00000269;Katarzyna;Wojcik;91825479282;DOK666795;85;;47-944;634959603;katarzyna.wojcik400@gmail.com;2002-11-09;staly
U00295;RD0002;KL00000270;Piotr;Kaminska;89604744098;DOK353124;133;33;49-408;832132463;piotr.kaminska59@gmail.com;1992-02-25;zwykly
U00270;RD0001;KL00000271;Mateusz;Grabowska;53088291850;DOK541875;67;;17-142;609646920;mateusz.grabowska561@gmail.com;2004-12-09;staly
U00064;RD0004;KL00000272;Damian;Wrobel;20709737681;DOK944797;145;45;14-354;537990645;damian.wrobel973@gmail.com;1983-04-29;nowy
U00083;RD0009;KL00000273;Ewa;Krol;44915784501;DOK858466;11;;73-519;620927509;ewa.krol666@gmail.com;1978-11-01;firmowy
U00234;RD0001;KL00000274;Magdalena;Dabrowski;18294640710;DOK127633;51;56;58-698;867002304;magdalena.dabrowski756@gmail.com;1956-03-25;nowy
U00397;RD0007;KL00000275;Magdalena;Nowak;30166763544;DOK550592;180;;27-118;735124150;magdalena.nowak121@gmail.com;1996-11-23;staly
U00352;RD0007;KL00000276;Natalia;Lewandowski;18238041886;DOK349739;60;;11-232;721762841;natalia.lewandowski766@gmail.com;2006-03-19;nowy
U00016;RD0004;KL00000277;Mateusz;Nowak;17785151751;DOK180333;15;;33-289;523471689;mateusz.nowak322@gmail.com;1978-10-18;nowy
U00300;RD0003;KL00000278;Wojciech;Zielinska;64142889638;DOK601954;169;;19-078;634324487;wojciech.zielinska961@gmail.com;1991-12-30;VIP
U00366;RD0004;KL00000279;Magdalena;Stepien;51022975733;DOK785395;63;18;50-714;790672207;magdalena.stepien516@gmail.com;1962-02-07;zwykly
U00637;RD0008;KL00000280;Natalia;Krawczyk;19791597076;DOK313442;36;34;39-312;898309177;natalia.krawczyk567@gmail.com;1969-05-05;zwykly
U00146;RD0001;KL00000281;Natalia;Zajac;44264861259;DOK832264;113;30;24-021;767848918;natalia.zajac857@gmail.com;1957-04-19;staly
U00394;RD0005;KL00000282;Michal;Michalski;14657863250;DOK392649;157;;12-883;705400467;michal.michalski394@gmail.com;1985-03-20;zwykly
U00389;RD0003;KL00000283;Zofia;Lewandowski;68668934112;DOK658358;14;3;79-781;686726138;zofia.lewandowski960@gmail.com;1956-10-08;nowy
U00269;RD0010;KL00000284;Damian;Kozlowski;53067119440;DOK861042;160;;64-801;891500299;damian.kozlowski951@gmail.com;2005-01-16;zwykly
U00567;RD0007;KL00000285;Olga;Wojcik;72426324786;DOK544423;147;50;76-266;587267758;olga.wojcik984@gmail.com;1980-12-12;firmowy
U00136;RD0001;KL00000286;Ewa;Zielinska;19768442803;DOK362073;139;;83-404;520726548;ewa.zielinska631@gmail.com;1973-08-31;staly
U00257;RD0010;KL00000287;Michal;Wrobel;22937897997;DOK421802;146;54;43-867;595984140;michal.wrobel455@gmail.com;1986-06-28;zwykly
U00478;RD0001;KL00000288;Krzysztof;Kowalski;61393086870;DOK603534;164;14;62-059;811154447;krzysztof.kowalski962@gmail.com;1960-05-31;staly
U00322;RD0002;KL00000289;Aleksandra;Pawlak;33366509814;DOK370539;71;;73-130;622094601;aleksandra.pawlak646@gmail.com;1966-11-16;VIP
U00051;RD0004;KL00000290;Aleksandra;Wieczorek;96390890167;DOK140372;48;56;66-593;670367628;aleksandra.wieczorek43@gmail.com;1992-08-29;VIP
U00266;RD0005;KL00000291;Anna;Stepien;60892816950;DOK666693;12;23;23-079;772160232;anna.stepien455@gmail.com;1962-09-14;nowy
U00209;RD0006;KL00000292;Piotr;Zielinska;59694343106;DOK969414;175;;92-436;651979783;piotr.zielinska147@gmail.com;1956-09-05;staly
U00344;RD0007;KL00000293;Aleksandra;Jankowski;99753616187;DOK492917;121;19;89-031;586067290;aleksandra.jankowski378@gmail.com;1958-01-13;staly
U00027;RD0002;KL00000294;Marek;Michalski;38385602694;DOK947285;81;50;75-802;812183186;marek.michalski730@gmail.com;1978-05-31;VIP
U00034;RD0003;KL00000295;Tomasz;Michalski;88273979421;DOK627953;148;47;63-551;893550892;tomasz.michalski125@gmail.com;1990-11-30;zwykly
U00676;RD0009;KL00000296;Aleksandra;Grabowska;72364368246;DOK432335;69;;83-300;631012068;aleksandra.grabowska337@gmail.com;1971-07-17;staly
U00323;RD0002;KL00000297;Zofia;Piotrowski;43041497511;DOK566624;105;;55-573;771465258;zofia.piotrowski79@gmail.com;1979-08-27;firmowy
U00460;RD0007;KL00000298;Aleksandra;Zielinska;88296237199;DOK968033;33;16;62-690;813938129;aleksandra.zielinska682@gmail.com;1964-05-26;nowy
U00350;RD0006;KL00000299;Michal;Dabrowski;19096586209;DOK528346;108;10;83-506;839640516;michal.dabrowski903@gmail.com;2007-07-31;VIP
U00016;RD0003;KL00000300;Alicja;Piotrowski;66353358976;DOK376169;142;31;22-129;518294234;alicja.piotrowski854@gmail.com;1984-05-10;zwykly
U00075;RD0003;KL00000301;Marcin;Kaminska;59058657020;DOK233644;103;16;47-121;680822575;marcin.kaminska919@gmail.com;1977-11-28;nowy
U00111;RD0001;KL00000302;Aleksandra;Krol;61199118494;DOK570700;105;48;65-296;756144359;aleksandra.krol717@gmail.com;1964-02-28;VIP
U00522;RD0002;KL00000303;Ewa;Michalski;87342842246;DOK721856;95;30;58-328;735464627;ewa.michalski181@gmail.com;1989-08-12;nowy
U00238;RD0005;KL00000304;Michal;Wojcik;55068352284;DOK150633;145;34;84-520;729077199;michal.wojcik293@gmail.com;1976-12-19;firmowy
U00147;RD0001;KL00000305;Jakub;Kaminska;66739441504;DOK644352;72;40;50-101;686479756;jakub.kaminska292@gmail.com;1966-04-08;zwykly
U00499;RD0008;KL00000306;Julia;Szymanski;49381932863;DOK372031;156;60;39-682;649587648;julia.szymanski145@gmail.com;1961-07-13;VIP
U00173;RD0001;KL00000307;Weronika;Nowicka;86839732762;DOK664045;50;;13-378;609060460;weronika.nowicka289@gmail.com;1993-11-13;firmowy
U00534;RD0003;KL00000308;Ewa;Piotrowski;73698822372;DOK409268;29;59;25-455;732071014;ewa.piotrowski506@gmail.com;1972-11-25;zwykly
U00685;RD0002;KL00000309;Marek;Szymanski;61404056553;DOK942678;21;15;19-334;584142271;marek.szymanski520@gmail.com;1977-10-26;staly
U00526;RD0002;KL00000310;Krzysztof;Wieczorek;18266652332;DOK554429;26;51;76-325;602219511;krzysztof.wieczorek862@gmail.com;1992-12-25;zwykly
U00009;RD0004;KL00000311;Wojciech;Wieczorek;87897283557;DOK494483;57;17;70-155;760117804;wojciech.wieczorek834@gmail.com;1967-09-25;firmowy
U00204;RD0002;KL00000312;Julia;Kowalczyk;82803272323;DOK998794;55;;18-502;799432857;julia.kowalczyk626@gmail.com;1969-03-11;VIP
U00270;RD0010;KL00000313;Anna;Krawczyk;97532680001;DOK712262;61;31;77-672;596671301;anna.krawczyk899@gmail.com;1975-06-04;VIP
U00497;RD0008;KL00000314;Julia;Wrobel;99321344689;DOK511262;154;;71-302;551825887;julia.wrobel225@gmail.com;1962-08-24;staly
U00334;RD0004;KL00000315;Karolina;Piotrowski;68679639316;DOK221445;46;;50-676;560954334;karolina.piotrowski356@gmail.com;2002-06-06;firmowy
U00496;RD0008;KL00000316;Marcin;Kowalczyk;68416102688;DOK820604;61;;44-519;615484246;marcin.kowalczyk912@gmail.com;1982-10-31;zwykly
U00268;RD0006;KL00000317;Weronika;Kozlowski;63305823039;DOK948330;114;;43-934;529331064;weronika.kozlowski275@gmail.com;1988-01-15;VIP
U00047;RD0005;KL00000318;Jakub;Wieczorek;67757158326;DOK332060;147;35;36-798;835698136;jakub.wieczorek113@gmail.com;1996-09-25;nowy
U00620;RD0009;KL00000319;Jakub;Kowalczyk;13101948739;DOK941390;98;;52-934;689354709;jakub.kowalczyk786@gmail.com;2007-02-16;nowy
U00051;RD0009;KL00000320;Piotr;Wieczorek;58148573654;DOK661483;51;54;78-405;885376948;piotr.wieczorek235@gmail.com;1974-09-30;VIP
U00424;RD0004;KL00000321;Natalia;Kozlowski;14353554478;DOK986552;6;34;23-513;713641017;natalia.kozlowski811@gmail.com;1987-12-31;zwykly
U00309;RD0001;KL00000322;Alicja;Dabrowski;96887210908;DOK909932;177;;44-767;566380237;alicja.dabrowski833@gmail.com;1980-09-17;firmowy
U00277;RD0002;KL00000323;Marek;Zajac;18918615920;DOK629016;107;;79-619;581522538;marek.zajac98@gmail.com;2005-01-28;nowy
U00199;RD0010;KL00000324;Olga;Mazur;52345384218;DOK922892;83;;12-309;647129335;olga.mazur470@gmail.com;1968-10-16;zwykly
U00591;RD0008;KL00000325;Michal;Wieczorek;50272107556;DOK550399;24;;62-574;649549632;michal.wieczorek495@gmail.com;1974-05-10;nowy
U00392;RD0001;KL00000326;Adam;Zielinska;78690073186;DOK862899;101;49;79-731;558145427;adam.zielinska464@gmail.com;1970-04-01;nowy
U00238;RD0008;KL00000327;Jan;Mazur;76012881245;DOK690509;28;22;28-829;838182410;jan.mazur86@gmail.com;1961-06-28;nowy
U00502;RD0010;KL00000328;Alicja;Lewandowski;19663543537;DOK248195;104;31;76-740;804212107;alicja.lewandowski779@gmail.com;1970-10-26;zwykly
U00259;RD0007;KL00000329;Damian;Grabowska;14941840820;DOK437057;177;27;10-274;870654249;damian.grabowska215@gmail.com;2006-05-19;nowy
U00559;RD0008;KL00000330;Olga;Grabowska;42865126807;DOK437471;119;33;81-879;897115353;olga.grabowska751@gmail.com;1960-07-17;zwykly
U00080;RD0007;KL00000331;Karolina;Stepien;31533353369;DOK645195;32;;66-890;561023212;karolina.stepien40@gmail.com;1983-11-13;firmowy
U00538;RD0008;KL00000332;Alicja;Wieczorek;86769169076;DOK538459;103;;25-445;657960120;alicja.wieczorek738@gmail.com;2001-01-18;staly
U00630;RD0006;KL00000333;Adam;Kozlowski;98320893061;DOK274006;37;;97-209;829638642;adam.kozlowski975@gmail.com;2003-08-15;staly
U00258;RD0008;KL00000334;Adam;Krol;37757858965;DOK446215;35;;70-010;670557460;adam.krol427@gmail.com;1967-03-13;VIP
U00006;RD0005;KL00000335;Magdalena;Wisniewski;38782571448;DOK308947;178;;68-338;550849499;magdalena.wisniewski63@gmail.com;1997-07-12;firmowy
U00069;RD0006;KL00000336;Aleksandra;Kaminska;85747518679;DOK337009;89;60;34-281;652572042;aleksandra.kaminska841@gmail.com;1984-01-01;nowy
U00377;RD0010;KL00000337;Ewa;Dabrowski;64833799538;DOK367124;144;43;35-079;818170710;ewa.dabrowski157@gmail.com;1962-01-03;VIP
U00270;RD0010;KL00000338;Michal;Kaminska;27619339390;DOK935593;134;50;59-338;809052804;michal.kaminska791@gmail.com;1995-04-19;nowy
U00631;RD0008;KL00000339;Michal;Zajac;32373801981;DOK102800;60;6;88-150;576951496;michal.zajac169@gmail.com;1987-05-10;zwykly
U00054;RD0003;KL00000340;Jakub;Wisniewski;67723024801;DOK797137;121;;74-778;562973077;jakub.wisniewski247@gmail.com;1993-02-12;firmowy
U00486;RD0006;KL00000341;Tomasz;Mazur;55191584502;DOK656464;21;54;37-978;589183012;tomasz.mazur969@gmail.com;1998-02-16;staly
U00448;RD0009;KL00000342;Marcin;Kowalczyk;76321368085;DOK828864;65;36;65-667;686927978;marcin.kowalczyk183@gmail.com;1956-09-20;staly
U00355;RD0007;KL00000343;Krzysztof;Wrobel;92522556562;DOK686986;49;;32-955;505729714;krzysztof.wrobel201@gmail.com;1985-01-30;staly
U00006;RD0010;KL00000344;Adam;Lewandowski;54282790865;DOK198679;95;33;11-621;646580700;adam.lewandowski35@gmail.com;1999-01-16;staly
U00408;RD0001;KL00000345;Wojciech;Grabowska;47384531319;DOK387492;161;;83-843;516335099;wojciech.grabowska884@gmail.com;2003-11-11;firmowy
U00466;RD0008;KL00000346;Aleksandra;Wieczorek;75170850054;DOK886364;166;52;23-039;698391981;aleksandra.wieczorek30@gmail.com;1996-09-16;VIP
U00182;RD0003;KL00000347;Marcin;Zajac;66190303874;DOK974579;31;;91-727;533460733;marcin.zajac322@gmail.com;1961-08-19;nowy
U00671;RD0010;KL00000348;Michal;Lewandowski;13167339238;DOK448824;173;21;31-927;815061347;michal.lewandowski740@gmail.com;1979-12-04;nowy
U00413;RD0007;KL00000349;Jan;Wrobel;17171054248;DOK168110;50;33;28-746;643149075;jan.wrobel86@gmail.com;1966-09-29;firmowy
U00624;RD0004;KL00000350;Anna;Szymanski;81677492457;DOK529131;45;54;10-318;646975467;anna.szymanski575@gmail.com;1978-11-12;zwykly
U00582;RD0002;KL00000351;Jakub;Piotrowski;20578527550;DOK221909;24;;21-190;670457207;jakub.piotrowski606@gmail.com;1997-08-22;zwykly
U00011;RD0004;KL00000352;Damian;Kaminska;59984595812;DOK582711;21;16;49-857;865550355;damian.kaminska658@gmail.com;1968-01-02;VIP
U00389;RD0005;KL00000353;Julia;Nowak;45124259875;DOK247247;145;;38-855;601063422;julia.nowak280@gmail.com;1968-07-22;VIP
U00451;RD0005;KL00000354;Julia;Szymanski;74821416200;DOK472405;149;;92-535;741416429;julia.szymanski850@gmail.com;1997-12-10;VIP
U00395;RD0003;KL00000355;Anna;Michalski;89619883757;DOK320895;180;;92-830;866155492;anna.michalski816@gmail.com;1974-08-24;VIP
U00516;RD0009;KL00000356;Jakub;Stepien;47771209544;DOK195166;132;17;37-478;640040584;jakub.stepien33@gmail.com;1962-11-05;nowy
U00191;RD0008;KL00000357;Marta;Wieczorek;70730044207;DOK715326;83;;58-674;815889892;marta.wieczorek923@gmail.com;1957-04-21;staly
U00645;RD0006;KL00000358;Marcin;Wojcik;31508759424;DOK541878;122;;92-924;553798595;marcin.wojcik192@gmail.com;1979-05-13;staly
U00560;RD0003;KL00000359;Alicja;Piotrowski;13230009441;DOK560333;158;;83-711;733521923;alicja.piotrowski749@gmail.com;1982-03-05;firmowy
U00383;RD0010;KL00000360;Zofia;Szymanski;75875685526;DOK811517;103;;39-781;772172485;zofia.szymanski111@gmail.com;1983-08-25;firmowy
U00592;RD0007;KL00000361;Damian;Szymanski;12547242254;DOK271993;132;;48-907;820432022;damian.szymanski989@gmail.com;2002-06-22;nowy
U00143;RD0003;KL00000362;Pawel;Michalski;55798981853;DOK926874;14;20;28-820;685812337;pawel.michalski470@gmail.com;1981-12-12;VIP
U00675;RD0003;KL00000363;Krzysztof;Kowalski;49393733980;DOK422465;21;;36-447;548407982;krzysztof.kowalski742@gmail.com;1971-08-27;VIP
U00384;RD0001;KL00000364;Marta;Pawlak;33525013728;DOK461456;26;;97-403;875154523;marta.pawlak218@gmail.com;1987-02-21;firmowy
U00249;RD0002;KL00000365;Krzysztof;Stepien;28844486466;DOK433821;35;;51-919;652038942;krzysztof.stepien840@gmail.com;2000-11-30;firmowy
U00547;RD0002;KL00000366;Aleksandra;Mazur;75914292667;DOK802416;151;;87-182;626249267;aleksandra.mazur378@gmail.com;1979-08-27;staly
U00626;RD0010;KL00000367;Adam;Kowalski;64768067713;DOK181023;166;;73-192;523755420;adam.kowalski217@gmail.com;1975-07-19;firmowy
U00394;RD0003;KL00000368;Piotr;Kozlowski;29008285388;DOK398806;80;;71-035;640133774;piotr.kozlowski982@gmail.com;1983-09-13;VIP
U00699;RD0009;KL00000369;Alicja;Mazur;26467903199;DOK587506;22;;22-671;717150083;alicja.mazur823@gmail.com;1955-10-31;VIP
U00589;RD0009;KL00000370;Jakub;Kowalczyk;11952887577;DOK609754;168;26;64-789;529265527;jakub.kowalczyk311@gmail.com;1983-12-02;staly
U00119;RD0010;KL00000371;Ewa;Wieczorek;74030278137;DOK626449;96;46;52-864;787238911;ewa.wieczorek996@gmail.com;1979-10-30;zwykly
U00435;RD0009;KL00000372;Olga;Kaminska;64802111028;DOK807494;21;;53-970;879870914;olga.kaminska605@gmail.com;1972-07-18;VIP
U00466;RD0007;KL00000373;Adam;Krol;70338035313;DOK395398;11;;72-471;697087526;adam.krol52@gmail.com;1995-10-14;staly
U00346;RD0005;KL00000374;Michal;Krawczyk;83115506111;DOK380216;46;;63-017;739857899;michal.krawczyk333@gmail.com;1975-04-04;zwykly
U00366;RD0001;KL00000375;Aleksandra;Wojcik;41766499696;DOK283745;22;9;28-648;764919109;aleksandra.wojcik442@gmail.com;1973-09-10;staly
U00633;RD0004;KL00000376;Krzysztof;Stepien;82243435727;DOK696711;118;;51-381;520555380;krzysztof.stepien151@gmail.com;1996-06-19;zwykly
U00081;RD0006;KL00000377;Tomasz;Nowicka;99882672761;DOK885663;78;;12-188;637899590;tomasz.nowicka739@gmail.com;1999-06-06;zwykly
U00197;RD0010;KL00000378;Karolina;Wojcik;92906618809;DOK639009;139;16;98-818;526216062;karolina.wojcik384@gmail.com;1994-01-06;firmowy
U00282;RD0003;KL00000379;Pawel;Krawczyk;79908554815;DOK804055;12;59;33-694;652961236;pawel.krawczyk280@gmail.com;1955-05-06;firmowy
U00425;RD0003;KL00000380;Pawel;Kowalski;45539860792;DOK584904;154;41;50-099;618822250;pawel.kowalski231@gmail.com;1956-03-25;staly
U00627;RD0005;KL00000381;Zofia;Wisniewski;89287862881;DOK541203;163;35;59-487;799389888;zofia.wisniewski13@gmail.com;1978-05-04;staly
U00456;RD0003;KL00000382;Jakub;Jankowski;77613828266;DOK320869;137;44;59-261;716325814;jakub.jankowski34@gmail.com;1999-12-17;nowy
U00499;RD0009;KL00000383;Piotr;Wieczorek;61474956273;DOK187128;54;34;57-311;656671301;piotr.wieczorek769@gmail.com;1976-06-16;firmowy
U00031;RD0003;KL00000384;Marta;Piotrowski;89993176187;DOK274833;160;;65-425;512567259;marta.piotrowski770@gmail.com;1974-04-27;nowy
U00241;RD0007;KL00000385;Ewa;Grabowska;86970866035;DOK238094;97;55;25-099;712466502;ewa.grabowska224@gmail.com;1969-05-19;zwykly
U00183;RD0003;KL00000386;Mateusz;Dabrowski;65743936002;DOK676790;105;;37-428;821719111;mateusz.dabrowski286@gmail.com;1976-09-25;staly
U00681;RD0006;KL00000387;Wojciech;Wojcik;85171826170;DOK658375;101;;61-506;749061902;wojciech.wojcik294@gmail.com;1985-08-02;VIP
U00296;RD0001;KL00000388;Alicja;Mazur;97892303038;DOK280638;175;25;84-668;724465673;alicja.mazur998@gmail.com;1983-06-19;firmowy
U00030;RD0010;KL00000389;Pawel;Wieczorek;28142769126;DOK739323;159;6;86-584;893068960;pawel.wieczorek419@gmail.com;1956-07-21;staly
U00171;RD0010;KL00000390;Aleksandra;Zielinska;77110990553;DOK817606;24;2;86-904;851175876;aleksandra.zielinska399@gmail.com;1992-07-26;nowy
U00469;RD0006;KL00000391;Pawel;Kaminska;32502687998;DOK595104;52;;47-066;516583813;pawel.kaminska212@gmail.com;1994-04-22;firmowy
U00618;RD0008;KL00000392;Krzysztof;Zielinska;44315557442;DOK935456;46;33;92-113;824273679;krzysztof.zielinska858@gmail.com;1977-07-17;VIP
U00072;RD0001;KL00000393;Zofia;Piotrowski;17510216669;DOK815153;174;;76-481;706864735;zofia.piotrowski73@gmail.com;1983-05-20;staly
U00124;RD0010;KL00000394;Marcin;Pawlak;70231419303;DOK604163;16;;60-848;889312231;marcin.pawlak788@gmail.com;1957-09-18;staly
U00524;RD0008;KL00000395;Tomasz;Stepien;23417722009;DOK253075;68;38;24-739;590706203;tomasz.stepien376@gmail.com;1983-02-05;staly
U00495;RD0004;KL00000396;Marek;Zielinska;24020953839;DOK446057;165;30;72-770;631387582;marek.zielinska776@gmail.com;1972-09-10;staly
U00456;RD0006;KL00000397;Julia;Stepien;73511287500;DOK833543;67;39;14-779;575173193;julia.stepien152@gmail.com;1990-07-04;staly
U00380;RD0010;KL00000398;Jan;Zielinska;49905478739;DOK850609;41;20;70-730;736149301;jan.zielinska690@gmail.com;1975-01-25;VIP
U00132;RD0003;KL00000399;Ewa;Stepien;51263681060;DOK502890;66;2;37-597;662648571;ewa.stepien152@gmail.com;1994-10-04;zwykly
U00521;RD0009;KL00000400;Michal;Jankowski;76167598873;DOK748502;44;42;29-601;769023484;michal.jankowski322@gmail.com;1990-08-12;staly
U00664;RD0003;KL00000401;Tomasz;Grabowska;82459458049;DOK605468;45;;58-014;859029639;tomasz.grabowska970@gmail.com;1959-05-29;staly
U00212;RD0004;KL00000402;Zofia;Dabrowski;45004363666;DOK738206;31;23;73-470;805698584;zofia.dabrowski935@gmail.com;1998-06-17;zwykly
U00234;RD0004;KL00000403;Ewa;Nowicka;61680656575;DOK756830;26;33;18-277;797042340;ewa.nowicka985@gmail.com;1991-05-23;nowy
U00458;RD0010;KL00000404;Piotr;Nowak;42310819042;DOK356578;66;12;98-958;849399460;piotr.nowak879@gmail.com;1971-09-05;VIP
U00468;RD0003;KL00000405;Marcin;Stepien;46975964903;DOK678788;72;;34-750;534181997;marcin.stepien928@gmail.com;1964-01-08;nowy
U00213;RD0004;KL00000406;Julia;Nowak;88357128194;DOK898679;149;;22-549;527424871;julia.nowak327@gmail.com;1998-02-19;zwykly
U00120;RD0008;KL00000407;Pawel;Grabowska;74782650477;DOK306984;26;14;86-498;661040315;pawel.grabowska583@gmail.com;1955-08-27;nowy
U00454;RD0004;KL00000408;Karolina;Wojcik;94331393165;DOK892244;117;17;62-615;645354149;karolina.wojcik505@gmail.com;1997-12-12;VIP
U00495;RD0009;KL00000409;Jakub;Nowicka;51426160608;DOK377033;137;;45-694;801326487;jakub.nowicka516@gmail.com;1976-01-06;firmowy
U00500;RD0001;KL00000410;Katarzyna;Kaminska;82904296987;DOK593361;127;;18-778;731936243;katarzyna.kaminska690@gmail.com;1975-09-24;zwykly
U00654;RD0009;KL00000411;Krzysztof;Kozlowski;35007694818;DOK302999;28;14;49-513;663951690;krzysztof.kozlowski328@gmail.com;2007-02-26;nowy
U00308;RD0010;KL00000412;Magdalena;Wojcik;88212608281;DOK804524;40;;34-784;712729723;magdalena.wojcik805@gmail.com;1966-09-09;VIP
U00161;RD0006;KL00000413;Aleksandra;Wrobel;82828501925;DOK596789;168;27;44-234;641119426;aleksandra.wrobel484@gmail.com;1975-08-30;staly
U00342;RD0006;KL00000414;Marek;Dabrowski;71483945693;DOK422979;109;49;63-005;716939394;marek.dabrowski57@gmail.com;1982-10-26;staly
U00468;RD0005;KL00000415;Wojciech;Kowalczyk;38794916370;DOK318742;170;19;57-024;672789645;wojciech.kowalczyk438@gmail.com;1981-01-08;staly
U00205;RD0004;KL00000416;Weronika;Pawlak;81371858850;DOK561481;71;;41-164;674742374;weronika.pawlak741@gmail.com;1987-08-23;nowy
U00676;RD0007;KL00000417;Magdalena;Nowak;42156597758;DOK393750;156;4;22-057;843398024;magdalena.nowak351@gmail.com;1973-10-14;nowy
U00292;RD0002;KL00000418;Natalia;Piotrowski;29206410299;DOK886249;19;;62-844;581482285;natalia.piotrowski895@gmail.com;1965-03-27;nowy
U00205;RD0009;KL00000419;Julia;Michalski;70507521435;DOK357138;84;49;94-266;798862311;julia.michalski544@gmail.com;1974-10-31;zwykly
U00322;RD0006;KL00000420;Marek;Wisniewski;39569068380;DOK293084;83;;68-370;678784511;marek.wisniewski204@gmail.com;2001-02-11;staly
U00024;RD0003;KL00000421;Michal;Krol;96411264959;DOK530732;110;;72-817;525786490;michal.krol852@gmail.com;1990-12-16;zwykly
U00017;RD0010;KL00000422;Adam;Jankowski;56378251908;DOK928519;138;;83-341;840576865;adam.jankowski69@gmail.com;2004-12-23;zwykly
U00572;RD0002;KL00000423;Mateusz;Wisniewski;33758738753;DOK937383;132;6;83-944;751495456;mateusz.wisniewski625@gmail.com;1999-03-31;VIP
U00442;RD0005;KL00000424;Damian;Wisniewski;72129773550;DOK874831;39;5;33-663;808820910;damian.wisniewski348@gmail.com;1985-11-24;nowy
U00443;RD0001;KL00000425;Damian;Stepien;89033694970;DOK408086;2;25;12-008;620919403;damian.stepien331@gmail.com;1984-01-25;VIP
U00599;RD0006;KL00000426;Michal;Zielinska;72416029294;DOK785362;171;;83-947;690398751;michal.zielinska915@gmail.com;2003-08-26;nowy
U00152;RD0004;KL00000427;Marek;Lewandowski;32799755143;DOK205797;7;55;15-798;568356305;marek.lewandowski554@gmail.com;1978-09-19;zwykly
U00236;RD0004;KL00000428;Jakub;Kozlowski;49521006715;DOK271220;109;15;37-790;690774268;jakub.kozlowski28@gmail.com;1964-05-05;firmowy
U00027;RD0008;KL00000429;Katarzyna;Mazur;62435470498;DOK151604;115;;35-210;704282005;katarzyna.mazur605@gmail.com;1963-06-26;zwykly
U00593;RD0009;KL00000430;Alicja;Nowicka;31997550124;DOK893359;54;;72-758;824725516;alicja.nowicka367@gmail.com;2006-01-06;staly
U00216;RD0002;KL00000431;Karolina;Lewandowski;82154553854;DOK477338;123;;24-967;745325179;karolina.lewandowski17@gmail.com;1955-06-30;firmowy
U00410;RD0002;KL00000432;Olga;Krawczyk;58767983981;DOK425039;17;;93-307;623136084;olga.krawczyk719@gmail.com;1960-09-30;firmowy
U00282;RD0006;KL00000433;Magdalena;Kowalski;27374729677;DOK988578;64;;11-131;778433078;magdalena.kowalski160@gmail.com;1964-07-17;firmowy
U00063;RD0010;KL00000434;Damian;Nowak;39216000825;DOK875788;170;;89-424;584547878;damian.nowak430@gmail.com;1966-09-25;VIP
U00685;RD0003;KL00000435;Adam;Kowalczyk;26857551194;DOK924764;42;;36-313;716710249;adam.kowalczyk641@gmail.com;1980-05-24;staly
U00030;RD0001;KL00000436;Aleksandra;Kozlowski;11424134054;DOK593357;9;10;62-047;789628392;aleksandra.kozlowski387@gmail.com;2006-11-21;nowy
U00174;RD0003;KL00000437;Ewa;Nowicka;10429991715;DOK465603;58;;18-115;755383786;ewa.nowicka476@gmail.com;1983-03-31;nowy
U00618;RD0001;KL00000438;Krzysztof;Kowalczyk;75762094903;DOK592292;66;;94-552;696270731;krzysztof.kowalczyk980@gmail.com;1996-10-03;zwykly
U00585;RD0004;KL00000439;Magdalena;Grabowska;40605219610;DOK639737;34;10;38-675;544124872;magdalena.grabowska762@gmail.com;1961-06-13;firmowy
U00108;RD0004;KL00000440;Julia;Krol;45331360495;DOK293595;169;;69-684;817175097;julia.krol533@gmail.com;1990-03-05;nowy
U00336;RD0007;KL00000441;Michal;Kowalczyk;87933130756;DOK872182;9;52;59-647;525779696;michal.kowalczyk814@gmail.com;1968-06-19;VIP
U00650;RD0001;KL00000442;Jan;Kowalczyk;32496305688;DOK516036;83;;71-495;684630857;jan.kowalczyk193@gmail.com;1997-10-13;nowy
U00220;RD0008;KL00000443;Tomasz;Piotrowski;47028255499;DOK672396;113;;45-671;776215200;tomasz.piotrowski947@gmail.com;1977-12-15;staly
U00350;RD0008;KL00000444;Alicja;Szymanski;86330192247;DOK578482;170;;53-781;778675155;alicja.szymanski270@gmail.com;1959-04-18;staly
U00027;RD0009;KL00000445;Karolina;Wieczorek;23427047749;DOK338157;118;8;80-729;658759942;karolina.wieczorek130@gmail.com;1978-08-28;staly
U00567;RD0002;KL00000446;Krzysztof;Krawczyk;82892809537;DOK291482;102;57;75-199;576079129;krzysztof.krawczyk861@gmail.com;2001-04-24;VIP
U00204;RD0006;KL00000447;Damian;Kowalski;93861704709;DOK917823;39;34;77-048;786236087;damian.kowalski372@gmail.com;1991-09-17;VIP
U00171;RD0006;KL00000448;Marcin;Nowicka;23566727075;DOK813447;43;55;89-231;884445726;marcin.nowicka156@gmail.com;1991-10-21;nowy
U00286;RD0001;KL00000449;Karolina;Lewandowski;65615098202;DOK410899;100;27;70-479;672830173;karolina.lewandowski140@gmail.com;2004-02-07;staly
U00258;RD0009;KL00000450;Jan;Wisniewski;51524259938;DOK318895;157;5;17-773;720318685;jan.wisniewski144@gmail.com;1964-10-13;firmowy
U00401;RD0003;KL00000451;Alicja;Zielinska;68609487169;DOK509992;152;;54-072;621496605;alicja.zielinska987@gmail.com;1973-10-18;VIP
U00600;RD0003;KL00000452;Tomasz;Wojcik;71013579946;DOK249326;173;;51-011;841856100;tomasz.wojcik121@gmail.com;1990-06-06;staly
U00644;RD0010;KL00000453;Adam;Wojcik;42088170240;DOK792502;113;;25-554;898847696;adam.wojcik625@gmail.com;1985-12-02;VIP
U00350;RD0005;KL00000454;Piotr;Zajac;61715579360;DOK978683;66;;69-436;814057980;piotr.zajac173@gmail.com;2003-04-20;firmowy
U00231;RD0009;KL00000455;Damian;Dabrowski;19032531710;DOK867305;155;56;56-247;856971167;damian.dabrowski507@gmail.com;2002-09-29;firmowy
U00654;RD0002;KL00000456;Karolina;Nowak;96980263804;DOK632491;85;;42-365;544610409;karolina.nowak14@gmail.com;1961-11-18;firmowy
U00507;RD0004;KL00000457;Zofia;Michalski;68373263177;DOK797962;69;;72-574;825687702;zofia.michalski858@gmail.com;1993-06-28;firmowy
U00684;RD0007;KL00000458;Aleksandra;Nowicka;91785202027;DOK213034;152;42;22-589;550956335;aleksandra.nowicka121@gmail.com;2006-12-29;VIP
U00689;RD0010;KL00000459;Natalia;Michalski;17491753459;DOK464175;166;55;68-587;780657533;natalia.michalski39@gmail.com;1982-02-17;firmowy
U00222;RD0010;KL00000460;Marta;Kowalski;10776262473;DOK761149;85;;62-821;515233484;marta.kowalski747@gmail.com;1986-01-27;staly
U00353;RD0006;KL00000461;Natalia;Wrobel;45427901398;DOK567672;13;;99-650;641290300;natalia.wrobel788@gmail.com;1965-12-05;VIP
U00664;RD0006;KL00000462;Weronika;Pawlak;64720910332;DOK889912;90;12;73-877;547711424;weronika.pawlak342@gmail.com;1978-12-10;nowy
U00234;RD0006;KL00000463;Weronika;Zajac;52213872528;DOK206218;24;21;89-509;843315528;weronika.zajac191@gmail.com;2006-06-26;firmowy
U00498;RD0006;KL00000464;Pawel;Szymanski;53673560458;DOK116701;29;;49-930;771720717;pawel.szymanski718@gmail.com;1998-09-16;nowy
U00552;RD0003;KL00000465;Julia;Pawlak;93313652038;DOK829427;20;;21-728;821032367;julia.pawlak937@gmail.com;2000-02-17;firmowy
U00349;RD0009;KL00000466;Michal;Kowalczyk;63059165479;DOK239494;99;;47-628;806073744;michal.kowalczyk995@gmail.com;1960-08-05;staly
U00042;RD0004;KL00000467;Zofia;Piotrowski;29533456372;DOK799946;71;;38-853;873167749;zofia.piotrowski225@gmail.com;1971-09-12;VIP
U00222;RD0003;KL00000468;Krzysztof;Wieczorek;48708042093;DOK355517;6;31;66-424;798673287;krzysztof.wieczorek565@gmail.com;1993-08-28;VIP
U00532;RD0010;KL00000469;Karolina;Kaminska;97615687162;DOK703410;100;46;56-822;641496269;karolina.kaminska442@gmail.com;1980-03-12;staly
U00554;RD0006;KL00000470;Zofia;Kozlowski;30157136509;DOK437287;180;;78-592;569130011;zofia.kozlowski99@gmail.com;1989-07-13;firmowy
U00108;RD0010;KL00000471;Weronika;Kozlowski;98915033515;DOK680987;58;;83-856;528562313;weronika.kozlowski472@gmail.com;1997-02-09;firmowy
U00447;RD0002;KL00000472;Magdalena;Michalski;10735904793;DOK687159;115;4;54-488;879196765;magdalena.michalski152@gmail.com;1959-05-05;staly
U00283;RD0010;KL00000473;Piotr;Zajac;76991776801;DOK551758;35;14;94-462;666336179;piotr.zajac552@gmail.com;2002-06-12;staly
U00584;RD0009;KL00000474;Jakub;Zielinska;69898764043;DOK251239;139;38;50-883;503637483;jakub.zielinska995@gmail.com;1996-06-25;zwykly
U00602;RD0002;KL00000475;Marcin;Jankowski;91909378822;DOK166719;136;;30-750;604485261;marcin.jankowski255@gmail.com;1995-12-07;VIP
U00665;RD0008;KL00000476;Alicja;Kowalski;26014503331;DOK447907;23;;61-587;876308178;alicja.kowalski972@gmail.com;2001-08-21;firmowy
U00391;RD0008;KL00000477;Olga;Krawczyk;32949278745;DOK200519;80;;65-900;635299057;olga.krawczyk512@gmail.com;1961-03-05;VIP
U00206;RD0004;KL00000478;Michal;Mazur;98679157286;DOK185530;87;;22-536;638388048;michal.mazur21@gmail.com;1996-04-01;zwykly
U00700;RD0006;KL00000479;Weronika;Nowak;31884964295;DOK101812;136;;51-393;664424174;weronika.nowak29@gmail.com;1993-08-28;nowy
U00177;RD0004;KL00000480;Natalia;Wisniewski;94338046947;DOK622401;47;23;22-893;866780049;natalia.wisniewski935@gmail.com;1965-07-11;nowy
U00182;RD0008;KL00000481;Natalia;Michalski;79481799135;DOK256080;114;;14-957;788616351;natalia.michalski910@gmail.com;1963-03-09;staly
U00358;RD0003;KL00000482;Julia;Wojcik;81253964101;DOK275516;26;;87-158;829204738;julia.wojcik943@gmail.com;1977-12-17;firmowy
U00399;RD0008;KL00000483;Marta;Pawlak;26939398711;DOK801188;142;;41-374;575903549;marta.pawlak246@gmail.com;1988-05-25;VIP
U00043;RD0006;KL00000484;Olga;Mazur;25423799715;DOK988955;134;;93-328;783112158;olga.mazur577@gmail.com;1994-02-18;nowy
U00560;RD0004;KL00000485;Adam;Mazur;54163265610;DOK242056;115;19;90-436;717023670;adam.mazur446@gmail.com;1980-08-29;zwykly
U00504;RD0002;KL00000486;Magdalena;Kowalski;84395338300;DOK607620;157;;73-805;654186070;magdalena.kowalski790@gmail.com;2001-07-20;zwykly
U00193;RD0002;KL00000487;Adam;Nowak;91176068782;DOK669153;45;48;16-547;515012579;adam.nowak49@gmail.com;1975-08-13;firmowy
U00551;RD0001;KL00000488;Pawel;Jankowski;80902930000;DOK990472;46;44;99-045;615155142;pawel.jankowski102@gmail.com;1986-02-11;VIP
U00328;RD0002;KL00000489;Zofia;Stepien;38836558912;DOK619333;53;40;11-046;704810201;zofia.stepien211@gmail.com;2001-11-29;zwykly
U00247;RD0006;KL00000490;Julia;Kowalski;35702810732;DOK508856;59;;61-045;583713740;julia.kowalski146@gmail.com;1995-09-30;VIP
U00265;RD0007;KL00000491;Aleksandra;Wrobel;90231688674;DOK844669;161;;93-754;646359029;aleksandra.wrobel420@gmail.com;2001-12-22;zwykly
U00387;RD0005;KL00000492;Karolina;Krawczyk;77771256831;DOK365735;154;;98-404;522440854;karolina.krawczyk713@gmail.com;2007-03-16;firmowy
U00229;RD0002;KL00000493;Marek;Wrobel;25623360398;DOK220878;41;32;18-187;788267309;marek.wrobel336@gmail.com;1966-05-22;staly
U00408;RD0005;KL00000494;Marta;Stepien;50957925204;DOK398534;146;;25-404;608515624;marta.stepien974@gmail.com;1960-11-20;nowy
U00131;RD0009;KL00000495;Magdalena;Lewandowski;18570858341;DOK591737;123;;39-038;708340192;magdalena.lewandowski189@gmail.com;1960-09-09;zwykly
U00631;RD0006;KL00000496;Zofia;Krawczyk;70742686122;DOK726001;11;33;34-786;612974472;zofia.krawczyk743@gmail.com;1976-08-19;zwykly
U00157;RD0006;KL00000497;Mateusz;Kowalski;57998531613;DOK584479;52;4;60-389;582193601;mateusz.kowalski970@gmail.com;1974-11-09;nowy
U00189;RD0004;KL00000498;Piotr;Zielinska;73226991314;DOK126539;113;;41-616;783766667;piotr.zielinska295@gmail.com;1992-11-22;VIP
U00326;RD0001;KL00000499;Marek;Pawlak;66114311869;DOK643211;137;;31-741;672687888;marek.pawlak380@gmail.com;1957-08-13;VIP
U00240;RD0001;KL00000500;Katarzyna;Wrobel;11637299068;DOK690045;15;50;82-122;620537222;katarzyna.wrobel781@gmail.com;1997-10-03;zwykly
U00076;RD0001;KL00000501;Mateusz;Pawlak;78336414875;DOK699252;166;;97-630;707644026;mateusz.pawlak461@gmail.com;2005-11-27;VIP
U00628;RD0005;KL00000502;Marta;Grabowska;76378652052;DOK260576;117;24;38-147;654008673;marta.grabowska653@gmail.com;2004-09-28;VIP
U00165;RD0006;KL00000503;Tomasz;Szymanski;13178299775;DOK552708;77;;68-420;881546545;tomasz.szymanski901@gmail.com;1991-11-07;VIP
U00642;RD0006;KL00000504;Tomasz;Kowalczyk;67577439758;DOK538017;118;29;59-474;695184929;tomasz.kowalczyk346@gmail.com;1977-03-09;firmowy
U00543;RD0004;KL00000505;Marek;Zajac;36826396300;DOK847204;49;56;94-802;832256659;marek.zajac373@gmail.com;1986-07-14;nowy
U00384;RD0005;KL00000506;Damian;Krawczyk;62456641853;DOK248196;121;;93-463;661233218;damian.krawczyk927@gmail.com;2007-09-17;nowy
U00205;RD0004;KL00000507;Karolina;Nowak;84464782133;DOK264332;169;;76-442;596806000;karolina.nowak966@gmail.com;1985-02-22;zwykly
U00396;RD0010;KL00000508;Marcin;Lewandowski;34339551933;DOK386596;175;10;92-411;808737894;marcin.lewandowski801@gmail.com;1968-06-17;VIP
U00480;RD0004;KL00000509;Karolina;Kozlowski;78424208338;DOK431575;157;40;77-752;837200899;karolina.kozlowski897@gmail.com;1957-05-27;zwykly
U00088;RD0001;KL00000510;Olga;Wisniewski;53176244125;DOK994016;24;;55-207;899208786;olga.wisniewski155@gmail.com;1969-06-30;staly
U00639;RD0006;KL00000511;Piotr;Jankowski;73686868177;DOK598165;87;19;48-103;801661085;piotr.jankowski164@gmail.com;1965-05-06;VIP
U00546;RD0010;KL00000512;Karolina;Wojcik;33234398208;DOK688947;142;45;45-706;633890127;karolina.wojcik117@gmail.com;2000-03-05;VIP
U00041;RD0003;KL00000513;Krzysztof;Wojcik;65320174359;DOK595780;98;;12-600;869432415;krzysztof.wojcik838@gmail.com;1979-08-30;firmowy
U00187;RD0008;KL00000514;Mateusz;Michalski;13839649408;DOK615655;172;57;53-087;698625144;mateusz.michalski71@gmail.com;1967-01-23;VIP
U00694;RD0007;KL00000515;Aleksandra;Dabrowski;31117340623;DOK216362;172;;91-328;656953921;aleksandra.dabrowski729@gmail.com;1960-08-26;staly
U00017;RD0010;KL00000516;Aleksandra;Grabowska;91136432057;DOK538030;44;;42-196;775641767;aleksandra.grabowska287@gmail.com;1990-06-01;zwykly
U00171;RD0001;KL00000517;Magdalena;Kozlowski;42853944810;DOK834543;79;;65-345;521719510;magdalena.kozlowski280@gmail.com;2006-01-14;firmowy
U00341;RD0009;KL00000518;Marta;Wisniewski;27314618657;DOK754489;3;2;48-389;607182193;marta.wisniewski927@gmail.com;1986-12-28;firmowy
U00689;RD0005;KL00000519;Tomasz;Nowak;64532581694;DOK451938;94;55;64-416;879718339;tomasz.nowak351@gmail.com;1964-01-03;staly
U00566;RD0004;KL00000520;Ewa;Szymanski;50754216346;DOK379626;22;59;95-086;857675529;ewa.szymanski936@gmail.com;1976-09-06;nowy
U00132;RD0002;KL00000521;Katarzyna;Kowalski;19633444276;DOK285710;96;;83-820;627209054;katarzyna.kowalski798@gmail.com;1960-12-12;zwykly
U00014;RD0006;KL00000522;Jan;Zajac;21241907996;DOK263833;150;56;68-646;677650926;jan.zajac805@gmail.com;2000-04-01;zwykly
U00058;RD0003;KL00000523;Aleksandra;Wojcik;31823397145;DOK196158;24;;97-238;612860488;aleksandra.wojcik52@gmail.com;2003-10-16;zwykly
U00641;RD0009;KL00000524;Tomasz;Kozlowski;75251885859;DOK957264;51;32;87-723;599892823;tomasz.kozlowski481@gmail.com;1974-08-08;nowy
U00190;RD0009;KL00000525;Anna;Piotrowski;18617050413;DOK284393;51;;79-589;601654138;anna.piotrowski717@gmail.com;1963-06-10;zwykly
U00330;RD0004;KL00000526;Pawel;Kaminska;62237211509;DOK766157;152;;62-518;843916811;pawel.kaminska293@gmail.com;1969-11-07;firmowy
U00247;RD0009;KL00000527;Michal;Jankowski;95929337956;DOK816734;65;;30-066;533081758;michal.jankowski65@gmail.com;1988-08-11;staly
U00635;RD0007;KL00000528;Ewa;Nowak;73205209939;DOK112581;173;;85-789;694067981;ewa.nowak715@gmail.com;2001-05-07;nowy
U00583;RD0005;KL00000529;Marta;Wisniewski;71499911496;DOK475508;123;;48-781;762576829;marta.wisniewski321@gmail.com;1992-02-24;VIP
U00175;RD0001;KL00000530;Zofia;Michalski;60211881192;DOK529635;120;21;61-474;749318866;zofia.michalski464@gmail.com;1965-05-23;VIP
U00430;RD0001;KL00000531;Ewa;Mazur;30930929400;DOK926556;82;;90-152;714436041;ewa.mazur375@gmail.com;1955-12-13;firmowy
U00177;RD0003;KL00000532;Olga;Wrobel;36559689577;DOK199453;5;;29-277;681094728;olga.wrobel203@gmail.com;1956-06-22;firmowy
U00311;RD0009;KL00000533;Tomasz;Kaminska;41257352915;DOK299172;125;32;65-445;585803058;tomasz.kaminska500@gmail.com;2000-04-22;zwykly
U00069;RD0006;KL00000534;Natalia;Wojcik;77456859885;DOK737343;75;;76-965;765338562;natalia.wojcik823@gmail.com;1969-09-22;firmowy
U00316;RD0003;KL00000535;Magdalena;Kowalski;97353538121;DOK425700;176;40;25-613;569486171;magdalena.kowalski543@gmail.com;1974-03-08;staly
U00132;RD0006;KL00000536;Ewa;Jankowski;20623700607;DOK118570;115;;41-214;675127622;ewa.jankowski705@gmail.com;1970-11-20;staly
U00288;RD0009;KL00000537;Wojciech;Grabowska;88772952954;DOK932378;85;58;26-988;672782642;wojciech.grabowska801@gmail.com;1998-01-20;nowy
U00608;RD0010;KL00000538;Zofia;Stepien;43585171027;DOK612321;145;;12-320;774319809;zofia.stepien902@gmail.com;1961-07-03;firmowy
U00639;RD0006;KL00000539;Damian;Kowalczyk;79068690523;DOK614788;119;58;44-068;741315380;damian.kowalczyk399@gmail.com;2007-11-27;VIP
U00147;RD0006;KL00000540;Olga;Szymanski;74678003797;DOK358563;58;21;55-844;833210284;olga.szymanski495@gmail.com;1993-03-27;VIP
U00328;RD0008;KL00000541;Olga;Szymanski;57181437960;DOK734148;138;;92-192;820827178;olga.szymanski620@gmail.com;1963-03-11;staly
U00200;RD0009;KL00000542;Ewa;Nowak;82150504922;DOK396176;64;28;99-838;505859418;ewa.nowak306@gmail.com;1972-10-04;VIP
U00026;RD0001;KL00000543;Marek;Dabrowski;98698096785;DOK899406;108;;69-794;579250063;marek.dabrowski458@gmail.com;1997-08-04;firmowy
U00609;RD0008;KL00000544;Weronika;Kaminska;56207240602;DOK212978;71;;35-723;825635008;weronika.kaminska465@gmail.com;1974-05-18;VIP
U00331;RD0001;KL00000545;Mateusz;Kowalczyk;14827177922;DOK442399;142;;28-322;886816160;mateusz.kowalczyk385@gmail.com;1992-06-08;zwykly
U00662;RD0006;KL00000546;Wojciech;Krawczyk;33173657972;DOK442475;157;3;92-289;673953777;wojciech.krawczyk580@gmail.com;2006-06-24;nowy
U00058;RD0003;KL00000547;Anna;Nowicka;20723144415;DOK171192;36;;76-167;883247338;anna.nowicka241@gmail.com;1961-04-02;staly
U00084;RD0007;KL00000548;Natalia;Kozlowski;74723338347;DOK520017;140;;63-657;712595601;natalia.kozlowski712@gmail.com;1965-07-19;nowy
U00460;RD0003;KL00000549;Piotr;Lewandowski;41184703938;DOK350887;15;36;13-053;845155681;piotr.lewandowski864@gmail.com;2002-06-14;VIP
U00044;RD0004;KL00000550;Magdalena;Nowak;43322622916;DOK260044;36;21;59-774;840553646;magdalena.nowak687@gmail.com;1981-12-07;zwykly
U00505;RD0001;KL00000551;Adam;Dabrowski;68828702825;DOK676749;18;;85-036;612118303;adam.dabrowski236@gmail.com;1994-08-28;firmowy
U00083;RD0010;KL00000552;Jan;Jankowski;61031285092;DOK633881;43;;29-549;503945969;jan.jankowski938@gmail.com;1997-09-18;nowy
U00570;RD0006;KL00000553;Julia;Szymanski;63733818847;DOK267628;52;17;52-200;675587969;julia.szymanski920@gmail.com;1972-09-18;firmowy
U00293;RD0008;KL00000554;Katarzyna;Wieczorek;70253312258;DOK732677;167;50;61-209;599230945;katarzyna.wieczorek116@gmail.com;1957-11-01;firmowy
U00211;RD0004;KL00000555;Olga;Wojcik;90572552592;DOK871440;77;44;37-907;818503054;olga.wojcik838@gmail.com;1975-08-24;staly
U00664;RD0004;KL00000556;Krzysztof;Nowak;36853563953;DOK635926;7;;37-849;597130225;krzysztof.nowak882@gmail.com;1977-09-21;VIP
U00398;RD0006;KL00000557;Magdalena;Zajac;93282655945;DOK890478;43;31;81-611;653192072;magdalena.zajac815@gmail.com;2000-05-22;VIP
U00110;RD0001;KL00000558;Piotr;Krol;13662238728;DOK749358;13;18;10-310;738940097;piotr.krol391@gmail.com;2004-08-04;nowy
U00055;RD0006;KL00000559;Alicja;Wojcik;96824089474;DOK300053;109;24;19-286;724136640;alicja.wojcik670@gmail.com;1956-07-10;staly
U00123;RD0005;KL00000560;Damian;Nowak;44968928299;DOK579123;53;;91-762;866053951;damian.nowak812@gmail.com;1957-01-24;firmowy
U00116;RD0002;KL00000561;Alicja;Kowalski;43177802151;DOK577358;149;18;44-023;877354069;alicja.kowalski577@gmail.com;1987-08-24;zwykly
U00157;RD0004;KL00000562;Ewa;Stepien;61819458044;DOK810954;97;;73-442;750021635;ewa.stepien423@gmail.com;1966-11-29;zwykly
U00673;RD0002;KL00000563;Mateusz;Nowak;48123743882;DOK844385;73;13;44-024;860370606;mateusz.nowak279@gmail.com;1967-10-19;VIP
U00002;RD0001;KL00000564;Marcin;Piotrowski;91061154969;DOK975972;112;45;72-810;624296826;marcin.piotrowski733@gmail.com;2005-07-12;zwykly
U00091;RD0010;KL00000565;Julia;Jankowski;71707071410;DOK960581;121;24;94-923;699325285;julia.jankowski744@gmail.com;1992-06-30;nowy
U00655;RD0006;KL00000566;Marek;Kozlowski;33222895262;DOK708396;103;;54-785;657007648;marek.kozlowski152@gmail.com;2000-10-10;firmowy
U00418;RD0006;KL00000567;Marta;Pawlak;69963698076;DOK190644;155;;27-340;692558787;marta.pawlak661@gmail.com;1986-10-01;firmowy
U00697;RD0003;KL00000568;Damian;Pawlak;18116375417;DOK460137;130;41;28-613;683421880;damian.pawlak554@gmail.com;1998-01-20;VIP
U00143;RD0004;KL00000569;Olga;Michalski;20292245656;DOK963442;108;33;79-042;778941400;olga.michalski107@gmail.com;1994-02-28;zwykly
U00681;RD0003;KL00000570;Michal;Pawlak;43241806756;DOK817237;86;;51-749;700425789;michal.pawlak562@gmail.com;1981-11-16;nowy
U00225;RD0010;KL00000571;Marta;Mazur;40521869953;DOK771580;165;;98-916;601109507;marta.mazur734@gmail.com;1955-01-15;nowy
U00508;RD0003;KL00000572;Olga;Wojcik;22523453319;DOK828694;79;;61-310;612337030;olga.wojcik555@gmail.com;1998-06-07;zwykly
U00017;RD0001;KL00000573;Pawel;Kowalski;24155284823;DOK317146;48;44;19-068;636061290;pawel.kowalski464@gmail.com;1963-02-04;firmowy
U00413;RD0001;KL00000574;Natalia;Wrobel;94601486324;DOK414798;88;;36-311;730062004;natalia.wrobel635@gmail.com;1995-02-16;firmowy
U00608;RD0001;KL00000575;Wojciech;Krol;77341296566;DOK133049;128;;13-261;876148672;wojciech.krol485@gmail.com;1981-02-11;nowy
U00433;RD0010;KL00000576;Damian;Wojcik;61656980970;DOK140550;125;6;70-258;791915482;damian.wojcik95@gmail.com;1960-08-24;VIP
U00647;RD0002;KL00000577;Ewa;Stepien;63492469917;DOK885438;87;;70-035;673340858;ewa.stepien318@gmail.com;1992-08-09;firmowy
U00421;RD0002;KL00000578;Pawel;Krol;87860817073;DOK808043;8;29;18-514;597298873;pawel.krol475@gmail.com;1973-09-11;nowy
U00670;RD0001;KL00000579;Tomasz;Pawlak;88396915542;DOK223384;179;12;67-300;587373694;tomasz.pawlak41@gmail.com;1974-10-03;nowy
U00113;RD0003;KL00000580;Jakub;Krawczyk;36099745968;DOK605566;125;;59-794;899716915;jakub.krawczyk827@gmail.com;1999-07-01;VIP
U00045;RD0005;KL00000581;Damian;Mazur;40849366240;DOK456589;175;32;39-730;738728460;damian.mazur828@gmail.com;2002-09-08;zwykly
U00143;RD0003;KL00000582;Katarzyna;Kaminska;95670305735;DOK690107;7;;56-813;875230462;katarzyna.kaminska441@gmail.com;1956-05-25;nowy
U00651;RD0009;KL00000583;Marcin;Jankowski;66291250605;DOK596666;9;;81-718;726696554;marcin.jankowski69@gmail.com;1959-06-08;zwykly
U00367;RD0008;KL00000584;Michal;Wrobel;80443162946;DOK355047;36;;30-088;806242240;michal.wrobel192@gmail.com;2000-03-24;VIP
U00560;RD0006;KL00000585;Krzysztof;Wrobel;46753617755;DOK601093;18;43;33-596;721865000;krzysztof.wrobel119@gmail.com;1993-01-31;zwykly
U00151;RD0005;KL00000586;Zofia;Lewandowski;64552415021;DOK111737;96;;11-115;781622680;zofia.lewandowski682@gmail.com;1973-02-03;nowy
U00311;RD0003;KL00000587;Adam;Kowalski;36687041520;DOK796292;122;;37-101;592566192;adam.kowalski398@gmail.com;1992-08-19;nowy
U00150;RD0003;KL00000588;Olga;Wisniewski;82403895662;DOK252465;18;;19-579;588440205;olga.wisniewski253@gmail.com;1997-08-30;firmowy
U00231;RD0005;KL00000589;Wojciech;Jankowski;16040405348;DOK888918;111;;51-799;711864744;wojciech.jankowski29@gmail.com;1968-02-09;staly
U00621;RD0004;KL00000590;Tomasz;Piotrowski;74971371954;DOK744764;131;42;91-161;629568751;tomasz.piotrowski614@gmail.com;1990-06-21;staly
U00444;RD0010;KL00000591;Magdalena;Wisniewski;65967349515;DOK169556;144;;28-791;844349068;magdalena.wisniewski41@gmail.com;1980-02-23;staly
U00476;RD0006;KL00000592;Tomasz;Szymanski;93903435769;DOK442976;79;31;75-499;707282557;tomasz.szymanski776@gmail.com;2001-11-06;nowy
U00699;RD0010;KL00000593;Marcin;Pawlak;90684465603;DOK243935;121;;98-501;683829981;marcin.pawlak546@gmail.com;1990-03-08;nowy
U00258;RD0005;KL00000594;Wojciech;Wisniewski;48371928744;DOK402982;153;21;51-928;628534837;wojciech.wisniewski580@gmail.com;1968-01-06;staly
U00344;RD0009;KL00000595;Julia;Lewandowski;68738402751;DOK392051;68;43;94-192;829130715;julia.lewandowski912@gmail.com;1964-06-23;staly
U00371;RD0009;KL00000596;Pawel;Wrobel;55324374097;DOK314396;119;12;25-741;888019446;pawel.wrobel898@gmail.com;1974-11-01;VIP
U00649;RD0006;KL00000597;Pawel;Krol;59379048674;DOK357565;101;;44-954;805044353;pawel.krol471@gmail.com;1991-07-28;staly
U00621;RD0002;KL00000598;Marek;Szymanski;23969534436;DOK494853;141;1;18-193;636800536;marek.szymanski951@gmail.com;1988-09-08;firmowy
U00284;RD0009;KL00000599;Weronika;Michalski;68271769666;DOK308865;69;;64-643;762830304;weronika.michalski610@gmail.com;1962-05-10;firmowy
U00321;RD0002;KL00000600;Karolina;Mazur;32074960945;DOK228887;93;4;15-867;537731276;karolina.mazur285@gmail.com;1962-04-24;nowy
U00131;RD0002;KL00000601;Weronika;Szymanski;68784033120;DOK314845;11;37;17-010;559824621;weronika.szymanski346@gmail.com;1997-06-27;staly
U00247;RD0004;KL00000602;Julia;Krawczyk;92551150941;DOK732984;147;60;80-362;626896061;julia.krawczyk156@gmail.com;1956-07-24;nowy
U00226;RD0003;KL00000603;Mateusz;Kozlowski;65083468262;DOK313008;139;11;21-584;897529345;mateusz.kozlowski629@gmail.com;1973-05-10;firmowy
U00253;RD0007;KL00000604;Katarzyna;Wojcik;41013844983;DOK581827;157;;32-939;618295004;katarzyna.wojcik287@gmail.com;1962-04-23;zwykly
U00316;RD0007;KL00000605;Zofia;Wrobel;71790420142;DOK323753;60;;20-418;882480266;zofia.wrobel455@gmail.com;1985-02-11;VIP
U00630;RD0007;KL00000606;Ewa;Mazur;83113342474;DOK902219;70;;96-503;734424839;ewa.mazur809@gmail.com;1990-08-27;staly
U00512;RD0009;KL00000607;Jakub;Kowalski;64183751905;DOK978936;114;24;28-720;541530697;jakub.kowalski616@gmail.com;2002-07-24;firmowy
U00213;RD0004;KL00000608;Alicja;Mazur;58594169596;DOK524780;71;;47-920;623961066;alicja.mazur389@gmail.com;1995-11-10;firmowy
U00577;RD0004;KL00000609;Jan;Wrobel;70407404875;DOK847707;6;;54-368;704532213;jan.wrobel21@gmail.com;1988-05-29;firmowy
U00435;RD0002;KL00000610;Ewa;Piotrowski;46238195354;DOK465145;59;;43-490;584878324;ewa.piotrowski173@gmail.com;1969-11-29;nowy
U00614;RD0009;KL00000611;Wojciech;Nowicka;39249337836;DOK986993;10;24;16-778;622718054;wojciech.nowicka93@gmail.com;2003-02-13;VIP
U00567;RD0001;KL00000612;Piotr;Krol;19665356278;DOK650768;66;;47-145;734018687;piotr.krol286@gmail.com;1967-08-29;VIP
U00171;RD0009;KL00000613;Karolina;Dabrowski;40351584282;DOK196753;159;;93-801;897872313;karolina.dabrowski181@gmail.com;1974-08-13;nowy
U00172;RD0004;KL00000614;Magdalena;Krawczyk;39898736825;DOK731907;20;;22-275;595955259;magdalena.krawczyk547@gmail.com;1963-06-13;firmowy
U00184;RD0003;KL00000615;Weronika;Jankowski;40867099791;DOK925133;3;;31-784;646210055;weronika.jankowski526@gmail.com;1956-05-29;nowy
U00404;RD0003;KL00000616;Adam;Nowak;15012232280;DOK591852;40;16;87-854;697134085;adam.nowak588@gmail.com;1974-01-02;firmowy
U00180;RD0002;KL00000617;Zofia;Piotrowski;43128928265;DOK269960;164;3;18-386;572963040;zofia.piotrowski1@gmail.com;1974-07-18;firmowy
U00694;RD0007;KL00000618;Adam;Grabowska;85378032181;DOK861512;104;30;92-965;778988271;adam.grabowska363@gmail.com;1996-03-16;nowy
U00415;RD0005;KL00000619;Marcin;Zajac;33225801423;DOK627593;128;;14-211;539415488;marcin.zajac615@gmail.com;1980-01-04;staly
U00423;RD0007;KL00000620;Katarzyna;Krol;50269373793;DOK491772;7;;35-768;508612239;katarzyna.krol221@gmail.com;1984-08-21;VIP
U00144;RD0005;KL00000621;Krzysztof;Michalski;41767127629;DOK249228;5;58;66-258;761335787;krzysztof.michalski409@gmail.com;1986-09-26;firmowy
U00475;RD0003;KL00000622;Natalia;Lewandowski;40285301552;DOK252607;164;19;57-054;688202841;natalia.lewandowski477@gmail.com;1981-04-21;firmowy
U00302;RD0006;KL00000623;Piotr;Krol;82246049554;DOK678401;123;;71-069;689237564;piotr.krol340@gmail.com;1968-03-01;staly
U00012;RD0002;KL00000624;Adam;Kaminska;86068616860;DOK382705;16;;37-645;779758617;adam.kaminska381@gmail.com;1956-08-22;firmowy
U00628;RD0008;KL00000625;Tomasz;Kozlowski;93094413355;DOK442406;73;;76-599;566194998;tomasz.kozlowski905@gmail.com;1984-10-31;firmowy
U00038;RD0009;KL00000626;Karolina;Nowicka;81151933933;DOK170557;40;25;52-676;883471415;karolina.nowicka451@gmail.com;2004-10-10;staly
U00202;RD0002;KL00000627;Marek;Kowalczyk;64189062731;DOK389155;101;;15-310;506504045;marek.kowalczyk977@gmail.com;1964-01-18;VIP
U00199;RD0007;KL00000628;Karolina;Michalski;30973040838;DOK547649;141;59;36-000;535556028;karolina.michalski168@gmail.com;1957-07-20;staly
U00068;RD0004;KL00000629;Ewa;Grabowska;35689046668;DOK805284;127;;95-470;684005596;ewa.grabowska632@gmail.com;2004-07-14;staly
U00591;RD0009;KL00000630;Magdalena;Szymanski;56137016921;DOK762201;171;;29-683;866123030;magdalena.szymanski856@gmail.com;2003-10-06;nowy
U00286;RD0010;KL00000631;Adam;Wrobel;41118311691;DOK954517;6;;44-336;773178725;adam.wrobel308@gmail.com;1988-12-12;firmowy
U00308;RD0005;KL00000632;Anna;Michalski;83649978797;DOK334488;57;16;69-926;582279897;anna.michalski949@gmail.com;1961-09-16;nowy
U00423;RD0007;KL00000633;Adam;Jankowski;89110254737;DOK447302;77;;30-638;758328147;adam.jankowski972@gmail.com;2000-02-10;zwykly
U00059;RD0007;KL00000634;Damian;Kozlowski;29036015381;DOK534344;122;22;57-121;665360220;damian.kozlowski242@gmail.com;1988-02-09;firmowy
U00220;RD0007;KL00000635;Tomasz;Michalski;49664501139;DOK355051;157;22;30-612;675633506;tomasz.michalski608@gmail.com;1980-08-23;zwykly
U00085;RD0001;KL00000636;Katarzyna;Wisniewski;83658887763;DOK549359;127;60;99-663;581544074;katarzyna.wisniewski53@gmail.com;1955-02-21;firmowy
U00137;RD0005;KL00000637;Alicja;Nowak;21046644113;DOK142393;43;22;22-039;812922460;alicja.nowak85@gmail.com;1957-09-09;nowy
U00175;RD0007;KL00000638;Jan;Lewandowski;24990982437;DOK380316;152;;77-073;828960653;jan.lewandowski292@gmail.com;1964-06-07;zwykly
U00267;RD0003;KL00000639;Krzysztof;Krol;81725707862;DOK200789;128;45;46-032;711201513;krzysztof.krol873@gmail.com;1978-01-17;VIP
U00464;RD0006;KL00000640;Marcin;Grabowska;82807016791;DOK421282;76;53;61-428;626231819;marcin.grabowska814@gmail.com;1976-01-19;staly
U00473;RD0003;KL00000641;Pawel;Zielinska;30200238866;DOK138585;21;;25-151;557807303;pawel.zielinska460@gmail.com;1963-08-01;VIP
U00290;RD0006;KL00000642;Ewa;Wisniewski;55903432807;DOK707408;62;28;62-125;845911844;ewa.wisniewski685@gmail.com;2000-09-14;nowy
U00310;RD0004;KL00000643;Ewa;Michalski;78271037644;DOK788056;9;;60-196;685266444;ewa.michalski68@gmail.com;1958-04-30;zwykly
U00399;RD0003;KL00000644;Olga;Szymanski;77914251161;DOK586019;169;51;51-460;571351890;olga.szymanski836@gmail.com;1977-03-31;firmowy
U00581;RD0003;KL00000645;Marta;Kozlowski;34838683566;DOK362773;107;;52-151;522562253;marta.kozlowski906@gmail.com;1964-07-20;VIP
U00508;RD0005;KL00000646;Adam;Krol;39666657223;DOK855797;47;;11-646;693664119;adam.krol729@gmail.com;1978-05-04;nowy
U00003;RD0002;KL00000647;Natalia;Kozlowski;37921912660;DOK321314;38;;94-878;895429834;natalia.kozlowski762@gmail.com;1989-05-13;staly
U00542;RD0010;KL00000648;Adam;Mazur;38399288026;DOK556065;11;;85-560;655796332;adam.mazur552@gmail.com;2006-06-06;firmowy
U00341;RD0001;KL00000649;Anna;Dabrowski;89058907395;DOK757501;17;;63-951;748862793;anna.dabrowski937@gmail.com;1996-06-04;nowy
U00606;RD0004;KL00000650;Zofia;Kozlowski;46289344087;DOK414869;167;53;39-684;811150904;zofia.kozlowski261@gmail.com;1981-11-13;staly
U00235;RD0001;KL00000651;Jan;Nowicka;73657888406;DOK350588;102;;16-981;540858941;jan.nowicka822@gmail.com;1973-08-15;nowy
U00017;RD0009;KL00000652;Weronika;Krawczyk;99192637709;DOK926271;79;43;16-508;811479751;weronika.krawczyk219@gmail.com;1991-05-06;nowy
U00241;RD0007;KL00000653;Julia;Wojcik;32886108572;DOK671540;168;;97-439;542776204;julia.wojcik337@gmail.com;1999-01-07;VIP
U00102;RD0003;KL00000654;Magdalena;Kowalski;47499430674;DOK277233;169;;42-425;586898714;magdalena.kowalski928@gmail.com;1984-01-08;VIP
U00371;RD0002;KL00000655;Ewa;Kaminska;49894999913;DOK668663;178;5;19-159;565198076;ewa.kaminska874@gmail.com;1955-03-24;VIP
U00184;RD0002;KL00000656;Piotr;Szymanski;73414763896;DOK453925;32;54;78-476;774222709;piotr.szymanski126@gmail.com;1987-10-01;nowy
U00365;RD0002;KL00000657;Michal;Wisniewski;32991991429;DOK506722;49;17;12-932;833043556;michal.wisniewski824@gmail.com;2007-02-28;zwykly
U00150;RD0006;KL00000658;Piotr;Kaminska;79408131051;DOK954817;177;31;90-359;515992904;piotr.kaminska349@gmail.com;1981-06-28;firmowy
U00413;RD0004;KL00000659;Katarzyna;Nowicka;36489309649;DOK751244;164;;85-765;874389451;katarzyna.nowicka69@gmail.com;2005-09-03;VIP
U00571;RD0008;KL00000660;Marta;Grabowska;54613008995;DOK773738;95;;15-037;743153892;marta.grabowska193@gmail.com;1955-04-03;nowy
U00681;RD0006;KL00000661;Natalia;Kowalski;55735890515;DOK535718;2;56;69-087;571983444;natalia.kowalski864@gmail.com;1961-07-13;nowy
U00120;RD0010;KL00000662;Adam;Pawlak;75007638433;DOK618358;142;47;53-122;835515621;adam.pawlak831@gmail.com;1957-03-18;staly
U00550;RD0007;KL00000663;Zofia;Dabrowski;15555331112;DOK211751;15;43;27-712;638663770;zofia.dabrowski836@gmail.com;1980-10-30;VIP
U00422;RD0002;KL00000664;Michal;Kozlowski;82907626281;DOK481456;20;;48-416;512204277;michal.kozlowski27@gmail.com;1974-05-28;staly
U00096;RD0003;KL00000665;Alicja;Stepien;82719853571;DOK732193;154;24;24-097;641841212;alicja.stepien787@gmail.com;1977-09-18;staly
U00591;RD0004;KL00000666;Katarzyna;Kaminska;40403381424;DOK151462;71;;80-772;790611623;katarzyna.kaminska935@gmail.com;1960-06-03;nowy
U00560;RD0005;KL00000667;Mateusz;Stepien;86907056273;DOK789857;77;;61-770;521870741;mateusz.stepien320@gmail.com;1983-08-05;zwykly
U00276;RD0001;KL00000668;Marta;Kozlowski;19177879696;DOK198896;151;;71-043;751912241;marta.kozlowski829@gmail.com;1979-07-29;firmowy
U00271;RD0003;KL00000669;Weronika;Wojcik;43475435172;DOK185992;86;;93-940;805487723;weronika.wojcik718@gmail.com;1962-01-25;zwykly
U00130;RD0003;KL00000670;Magdalena;Lewandowski;81650569102;DOK350176;105;;76-896;646734559;magdalena.lewandowski591@gmail.com;2004-08-31;VIP
U00244;RD0001;KL00000671;Magdalena;Pawlak;37615450512;DOK743047;171;;77-299;684827406;magdalena.pawlak140@gmail.com;1982-07-12;nowy
U00295;RD0005;KL00000672;Karolina;Michalski;92673957230;DOK997727;32;17;92-619;767188433;karolina.michalski2@gmail.com;1962-10-19;firmowy
U00260;RD0003;KL00000673;Mateusz;Lewandowski;33951383393;DOK954008;165;43;41-135;881751831;mateusz.lewandowski42@gmail.com;1970-09-16;VIP
U00074;RD0007;KL00000674;Ewa;Nowak;45296623946;DOK218083;148;;36-734;559471513;ewa.nowak850@gmail.com;2002-05-18;zwykly
U00350;RD0004;KL00000675;Karolina;Wojcik;29100039576;DOK254127;166;56;57-332;720722040;karolina.wojcik388@gmail.com;1999-11-18;nowy
U00455;RD0004;KL00000676;Marta;Szymanski;99583380872;DOK253003;53;;34-890;857479249;marta.szymanski879@gmail.com;2000-01-26;VIP
U00281;RD0007;KL00000677;Magdalena;Grabowska;44569905846;DOK103205;111;;17-800;531993382;magdalena.grabowska767@gmail.com;1986-03-21;nowy
U00424;RD0002;KL00000678;Julia;Lewandowski;52439888650;DOK247532;73;;64-787;507391433;julia.lewandowski485@gmail.com;2006-11-24;nowy
U00466;RD0006;KL00000679;Piotr;Michalski;97201561497;DOK335212;116;;45-859;755998958;piotr.michalski987@gmail.com;1981-07-31;staly
U00226;RD0008;KL00000680;Alicja;Grabowska;31065983698;DOK117978;61;25;38-971;796216679;alicja.grabowska522@gmail.com;1998-09-06;VIP
U00380;RD0009;KL00000681;Katarzyna;Szymanski;44784229757;DOK790271;133;48;61-020;533805567;katarzyna.szymanski581@gmail.com;1962-04-16;VIP
U00251;RD0009;KL00000682;Julia;Szymanski;95280227067;DOK702316;136;41;73-541;501809705;julia.szymanski153@gmail.com;1956-05-01;staly
U00568;RD0007;KL00000683;Damian;Stepien;55389004220;DOK101531;124;;23-750;664463989;damian.stepien739@gmail.com;2007-01-01;firmowy
U00279;RD0010;KL00000684;Michal;Stepien;96756048923;DOK521478;172;39;82-577;691602523;michal.stepien99@gmail.com;1980-11-08;firmowy
U00251;RD0006;KL00000685;Aleksandra;Lewandowski;58688384825;DOK594281;62;32;39-441;801955140;aleksandra.lewandowski17@gmail.com;2001-12-08;zwykly
U00141;RD0004;KL00000686;Katarzyna;Michalski;35958252969;DOK589771;106;48;19-105;865588019;katarzyna.michalski562@gmail.com;1985-01-11;VIP
U00220;RD0004;KL00000687;Zofia;Zajac;24477806427;DOK138394;66;;85-418;564573469;zofia.zajac288@gmail.com;1998-10-04;nowy
U00096;RD0006;KL00000688;Krzysztof;Lewandowski;44031461834;DOK741491;31;;42-810;821222465;krzysztof.lewandowski550@gmail.com;2005-10-17;VIP
U00284;RD0009;KL00000689;Anna;Grabowska;13129590603;DOK982950;126;14;62-908;677566894;anna.grabowska103@gmail.com;1961-01-13;nowy
U00590;RD0005;KL00000690;Mateusz;Zielinska;65834973905;DOK830206;90;49;67-569;873629411;mateusz.zielinska169@gmail.com;1956-10-30;zwykly
U00022;RD0005;KL00000691;Wojciech;Michalski;32301809358;DOK962258;41;;15-750;596310112;wojciech.michalski201@gmail.com;1969-03-24;VIP
U00472;RD0001;KL00000692;Marek;Dabrowski;72971355674;DOK336585;159;;25-743;888727771;marek.dabrowski210@gmail.com;1979-12-13;staly
U00158;RD0002;KL00000693;Marta;Krawczyk;75107705026;DOK496452;2;;14-545;594003810;marta.krawczyk701@gmail.com;1983-08-10;zwykly
U00217;RD0002;KL00000694;Piotr;Kaminska;66494881836;DOK213707;112;;31-272;883163164;piotr.kaminska533@gmail.com;2003-07-27;nowy
U00606;RD0010;KL00000695;Marta;Nowicka;57177671092;DOK575062;41;39;78-676;804563445;marta.nowicka221@gmail.com;1985-07-23;firmowy
U00456;RD0005;KL00000696;Alicja;Krol;45715789270;DOK735732;55;52;12-200;717870892;alicja.krol303@gmail.com;1980-07-21;nowy
U00596;RD0002;KL00000697;Krzysztof;Wisniewski;40295806784;DOK872804;180;55;24-573;757333867;krzysztof.wisniewski405@gmail.com;1999-03-18;nowy
U00139;RD0001;KL00000698;Marcin;Zajac;33699433835;DOK665209;60;16;16-520;825827705;marcin.zajac557@gmail.com;1960-01-18;VIP
U00086;RD0006;KL00000699;Weronika;Pawlak;85269627716;DOK198080;67;;80-139;595729484;weronika.pawlak46@gmail.com;1984-02-09;firmowy
U00226;RD0002;KL00000700;Pawel;Kowalczyk;29404469258;DOK755192;114;;91-559;543033897;pawel.kowalczyk756@gmail.com;2006-09-23;staly
U00698;RD0005;KL00000701;Krzysztof;Kaminska;11450330956;DOK134714;3;50;95-707;512996145;krzysztof.kaminska884@gmail.com;2004-03-16;zwykly
U00169;RD0010;KL00000702;Piotr;Kozlowski;18938098397;DOK821374;49;;22-449;789390246;piotr.kozlowski664@gmail.com;1980-04-13;zwykly
U00620;RD0001;KL00000703;Olga;Wieczorek;30268918791;DOK470500;81;;24-813;770593726;olga.wieczorek662@gmail.com;1974-09-22;staly
U00088;RD0009;KL00000704;Michal;Kaminska;30670672051;DOK729510;172;31;46-502;780365887;michal.kaminska933@gmail.com;2007-04-06;zwykly
U00296;RD0009;KL00000705;Marek;Kaminska;53132036571;DOK497877;121;;65-478;514093591;marek.kaminska46@gmail.com;1995-10-11;zwykly
U00268;RD0004;KL00000706;Jan;Wrobel;58867690082;DOK767594;88;;76-281;784560495;jan.wrobel154@gmail.com;1982-07-28;firmowy
U00242;RD0007;KL00000707;Mateusz;Wojcik;79876580793;DOK338912;83;;16-374;666497825;mateusz.wojcik842@gmail.com;1966-08-02;nowy
U00043;RD0009;KL00000708;Tomasz;Zajac;17362811387;DOK755377;121;;36-246;720215569;tomasz.zajac617@gmail.com;1996-10-18;nowy
U00364;RD0001;KL00000709;Krzysztof;Krol;94921667384;DOK916435;163;55;77-189;567520472;krzysztof.krol67@gmail.com;1959-02-17;staly
U00126;RD0007;KL00000710;Olga;Nowak;25155117691;DOK682791;136;17;90-750;638867903;olga.nowak986@gmail.com;1998-10-23;VIP
U00511;RD0004;KL00000711;Weronika;Grabowska;37984561018;DOK496453;49;5;61-274;630044734;weronika.grabowska159@gmail.com;2000-10-18;zwykly
U00410;RD0010;KL00000712;Marek;Stepien;51566277081;DOK861255;44;42;95-682;892211996;marek.stepien315@gmail.com;1982-09-27;staly
U00249;RD0007;KL00000713;Alicja;Kowalski;57805178065;DOK857333;136;;23-317;635210900;alicja.kowalski85@gmail.com;1986-06-09;zwykly
U00647;RD0007;KL00000714;Tomasz;Dabrowski;57917541415;DOK886739;96;56;15-191;716508860;tomasz.dabrowski808@gmail.com;1970-08-03;staly
U00700;RD0003;KL00000715;Jakub;Pawlak;37031807355;DOK864670;6;31;58-315;720756822;jakub.pawlak812@gmail.com;1974-01-15;staly
U00544;RD0009;KL00000716;Adam;Michalski;57712642164;DOK353171;143;34;32-850;647872071;adam.michalski340@gmail.com;2004-05-15;VIP
U00064;RD0006;KL00000717;Krzysztof;Krol;48815942953;DOK820190;164;;47-244;609865194;krzysztof.krol939@gmail.com;1969-09-16;VIP
U00199;RD0009;KL00000718;Damian;Jankowski;88416297797;DOK430378;32;;38-826;575922177;damian.jankowski826@gmail.com;1961-12-14;zwykly
U00615;RD0008;KL00000719;Katarzyna;Stepien;72389602959;DOK856287;32;39;35-246;818535016;katarzyna.stepien94@gmail.com;1997-12-06;VIP
U00138;RD0007;KL00000720;Magdalena;Lewandowski;55715753157;DOK336682;11;55;14-740;541253491;magdalena.lewandowski980@gmail.com;1960-09-15;nowy
U00509;RD0006;KL00000721;Damian;Nowicka;65797732444;DOK199937;119;55;62-797;796647925;damian.nowicka738@gmail.com;1990-09-09;zwykly
U00214;RD0001;KL00000722;Jan;Kaminska;87435675737;DOK211931;86;8;80-130;820617516;jan.kaminska537@gmail.com;1955-11-23;VIP
U00342;RD0008;KL00000723;Marcin;Mazur;46495847461;DOK864685;73;39;25-983;889112030;marcin.mazur930@gmail.com;1983-04-11;zwykly
U00219;RD0007;KL00000724;Aleksandra;Wrobel;93184517912;DOK930558;89;;17-078;667089183;aleksandra.wrobel619@gmail.com;1959-10-29;zwykly
U00589;RD0005;KL00000725;Adam;Wieczorek;83481977589;DOK406439;58;;77-488;684120035;adam.wieczorek859@gmail.com;1956-10-17;nowy
U00200;RD0003;KL00000726;Marek;Krawczyk;92530311717;DOK731205;130;;40-462;647650058;marek.krawczyk344@gmail.com;1977-12-24;firmowy
U00262;RD0001;KL00000727;Piotr;Wisniewski;28442367897;DOK644924;138;;15-849;696943557;piotr.wisniewski646@gmail.com;1956-06-12;staly
U00405;RD0007;KL00000728;Zofia;Grabowska;78918584546;DOK827382;25;;26-436;509646941;zofia.grabowska962@gmail.com;1957-11-13;VIP
U00209;RD0006;KL00000729;Anna;Nowicka;63217177722;DOK736933;23;49;13-395;582673727;anna.nowicka702@gmail.com;1986-01-02;zwykly
U00218;RD0002;KL00000730;Jakub;Zajac;35567024175;DOK904881;56;;53-364;527945242;jakub.zajac838@gmail.com;1984-03-31;nowy
U00447;RD0010;KL00000731;Weronika;Kaminska;74891688846;DOK756805;125;;81-659;576555534;weronika.kaminska637@gmail.com;1969-05-07;nowy
U00042;RD0002;KL00000732;Michal;Dabrowski;49694517754;DOK681467;2;29;34-350;660223893;michal.dabrowski244@gmail.com;1987-06-15;nowy
U00140;RD0007;KL00000733;Ewa;Nowicka;35967890155;DOK345101;166;;25-054;555015707;ewa.nowicka684@gmail.com;1980-03-20;firmowy
U00019;RD0010;KL00000734;Marcin;Stepien;17826533663;DOK632046;95;38;18-822;655343386;marcin.stepien293@gmail.com;1994-01-25;VIP
U00464;RD0005;KL00000735;Jan;Stepien;62250858603;DOK892952;154;40;90-430;835267243;jan.stepien587@gmail.com;1980-07-30;staly
U00620;RD0010;KL00000736;Weronika;Wieczorek;73798312491;DOK194009;134;;78-802;696591655;weronika.wieczorek594@gmail.com;1981-02-19;nowy
U00339;RD0010;KL00000737;Zofia;Kowalczyk;49096846711;DOK122306;129;37;89-811;604395078;zofia.kowalczyk977@gmail.com;1966-12-01;VIP
U00229;RD0005;KL00000738;Katarzyna;Kaminska;30532211921;DOK913976;111;;81-983;529405773;katarzyna.kaminska418@gmail.com;1997-05-05;zwykly
U00159;RD0007;KL00000739;Weronika;Grabowska;25634709501;DOK579389;107;2;92-452;593369703;weronika.grabowska768@gmail.com;1969-09-10;staly
U00234;RD0009;KL00000740;Weronika;Zajac;42670661197;DOK441603;172;59;56-665;630975988;weronika.zajac921@gmail.com;1990-05-26;VIP
U00018;RD0005;KL00000741;Marta;Pawlak;13556291373;DOK461426;105;8;28-923;873202082;marta.pawlak580@gmail.com;1996-07-05;firmowy
U00563;RD0003;KL00000742;Jakub;Kowalski;89054159875;DOK900173;92;10;65-676;642828358;jakub.kowalski96@gmail.com;1992-06-20;firmowy
U00353;RD0007;KL00000743;Mateusz;Mazur;21297279418;DOK969494;56;;71-828;728682208;mateusz.mazur101@gmail.com;2000-09-23;VIP
U00542;RD0006;KL00000744;Damian;Lewandowski;55404276916;DOK886874;31;;34-795;643369798;damian.lewandowski409@gmail.com;1991-11-06;VIP
U00319;RD0009;KL00000745;Zofia;Michalski;97067153775;DOK142532;8;11;71-770;620116644;zofia.michalski2@gmail.com;1955-06-11;nowy
U00401;RD0007;KL00000746;Karolina;Krol;23121773245;DOK974208;100;5;20-684;603794804;karolina.krol834@gmail.com;1996-08-21;staly
U00068;RD0007;KL00000747;Jan;Nowak;16561904220;DOK741799;166;;47-644;825630293;jan.nowak75@gmail.com;2005-03-15;staly
U00418;RD0003;KL00000748;Anna;Piotrowski;99605466724;DOK647155;51;29;92-421;836606078;anna.piotrowski148@gmail.com;1958-06-04;staly
U00287;RD0005;KL00000749;Zofia;Wieczorek;72256705429;DOK564199;154;;30-059;883495142;zofia.wieczorek966@gmail.com;1985-07-22;VIP
U00422;RD0003;KL00000750;Ewa;Mazur;29741009787;DOK461287;5;6;72-742;835753530;ewa.mazur846@gmail.com;1987-04-07;firmowy
U00579;RD0010;KL00000751;Anna;Kaminska;47700105706;DOK123839;102;44;78-269;536055226;anna.kaminska994@gmail.com;1968-04-15;VIP
U00238;RD0002;KL00000752;Pawel;Piotrowski;31205291590;DOK429462;92;11;35-353;715452902;pawel.piotrowski112@gmail.com;1986-10-17;nowy
U00011;RD0004;KL00000753;Piotr;Piotrowski;19026546190;DOK732214;42;;24-224;726505600;piotr.piotrowski244@gmail.com;1989-12-06;staly
U00508;RD0009;KL00000754;Marek;Piotrowski;63021221919;DOK227154;49;;19-912;858563271;marek.piotrowski559@gmail.com;1975-03-12;staly
U00051;RD0003;KL00000755;Michal;Michalski;91022659553;DOK438713;13;;60-301;773948381;michal.michalski45@gmail.com;1961-06-07;firmowy
U00055;RD0004;KL00000756;Michal;Dabrowski;37710006465;DOK815179;65;26;70-547;558133786;michal.dabrowski950@gmail.com;1964-08-24;firmowy
U00684;RD0009;KL00000757;Ewa;Grabowska;19391583053;DOK114694;42;57;72-915;816213248;ewa.grabowska550@gmail.com;1967-05-31;zwykly
U00268;RD0009;KL00000758;Wojciech;Lewandowski;33278154646;DOK700330;140;;72-803;892575325;wojciech.lewandowski704@gmail.com;1996-04-09;firmowy
U00238;RD0009;KL00000759;Zofia;Krawczyk;33688034485;DOK669913;175;27;13-346;622894201;zofia.krawczyk587@gmail.com;2006-01-21;firmowy
U00505;RD0010;KL00000760;Ewa;Kowalski;68568966449;DOK522346;175;8;68-489;875869525;ewa.kowalski63@gmail.com;1982-05-27;firmowy
U00531;RD0003;KL00000761;Zofia;Mazur;57311048305;DOK901674;1;;28-086;853749900;zofia.mazur861@gmail.com;1966-08-19;VIP
U00358;RD0006;KL00000762;Zofia;Wieczorek;34369142107;DOK190375;101;43;56-015;679879145;zofia.wieczorek553@gmail.com;1985-06-09;zwykly
U00415;RD0010;KL00000763;Marta;Szymanski;79032417388;DOK782939;45;;83-142;675767534;marta.szymanski582@gmail.com;1982-01-29;firmowy
U00041;RD0009;KL00000764;Damian;Krol;85551192208;DOK910099;175;;65-638;826933589;damian.krol555@gmail.com;1974-08-27;nowy
U00130;RD0001;KL00000765;Jan;Kaminska;56604142339;DOK937167;9;45;39-678;791135606;jan.kaminska444@gmail.com;2003-12-10;nowy
U00257;RD0009;KL00000766;Marcin;Stepien;52816810798;DOK779865;34;;87-345;894828134;marcin.stepien625@gmail.com;1989-11-08;nowy
U00663;RD0002;KL00000767;Wojciech;Wisniewski;58462546658;DOK573813;161;30;14-711;851560721;wojciech.wisniewski452@gmail.com;1961-03-28;staly
U00558;RD0007;KL00000768;Alicja;Zielinska;63461945444;DOK600801;51;43;33-026;830488539;alicja.zielinska463@gmail.com;1973-09-15;firmowy
U00629;RD0002;KL00000769;Damian;Wisniewski;98989182867;DOK795931;119;;78-504;706413122;damian.wisniewski555@gmail.com;1965-03-15;nowy
U00518;RD0008;KL00000770;Mateusz;Krawczyk;30762250290;DOK435666;133;32;14-809;845372092;mateusz.krawczyk545@gmail.com;1976-08-28;nowy
U00659;RD0003;KL00000771;Jan;Mazur;98829968447;DOK930897;61;;99-275;516051235;jan.mazur680@gmail.com;1979-07-10;firmowy
U00635;RD0006;KL00000772;Tomasz;Zajac;73074225039;DOK696842;10;;25-171;650107542;tomasz.zajac922@gmail.com;1991-11-13;VIP
U00351;RD0006;KL00000773;Damian;Zajac;45512174487;DOK291423;135;;85-403;605284278;damian.zajac144@gmail.com;1979-01-09;nowy
U00654;RD0004;KL00000774;Julia;Kaminska;43785814211;DOK304019;140;60;83-956;555352794;julia.kaminska349@gmail.com;1982-07-21;VIP
U00697;RD0006;KL00000775;Michal;Wisniewski;83815892632;DOK898488;87;60;71-182;684334989;michal.wisniewski399@gmail.com;1966-05-30;nowy
U00604;RD0004;KL00000776;Alicja;Mazur;53904317188;DOK655473;156;24;23-228;770841307;alicja.mazur109@gmail.com;1993-02-07;firmowy
U00027;RD0008;KL00000777;Natalia;Jankowski;46588547178;DOK505042;144;;88-328;761868654;natalia.jankowski792@gmail.com;2001-04-13;staly
U00008;RD0004;KL00000778;Michal;Zielinska;97216265928;DOK753451;31;58;75-844;809755500;michal.zielinska77@gmail.com;1962-09-14;firmowy
U00169;RD0001;KL00000779;Aleksandra;Grabowska;79574810109;DOK973489;86;18;14-088;695541102;aleksandra.grabowska216@gmail.com;1981-11-06;staly
U00301;RD0008;KL00000780;Piotr;Kozlowski;53411479154;DOK967800;84;;37-746;593152289;piotr.kozlowski375@gmail.com;1997-02-23;VIP
U00538;RD0002;KL00000781;Karolina;Grabowska;71960272308;DOK992924;82;;89-272;580362324;karolina.grabowska714@gmail.com;1998-10-11;zwykly
U00037;RD0006;KL00000782;Julia;Wisniewski;70891146145;DOK501533;158;8;99-605;781170569;julia.wisniewski485@gmail.com;1993-03-17;zwykly
U00135;RD0008;KL00000783;Aleksandra;Zajac;44388628606;DOK478521;34;;75-539;799469179;aleksandra.zajac878@gmail.com;2007-03-12;staly
U00141;RD0006;KL00000784;Tomasz;Kaminska;69166864433;DOK536294;15;56;84-518;723076665;tomasz.kaminska812@gmail.com;2006-04-30;firmowy
U00287;RD0005;KL00000785;Weronika;Piotrowski;35179643860;DOK244933;127;33;53-758;859335626;weronika.piotrowski287@gmail.com;1991-11-03;staly
U00433;RD0006;KL00000786;Ewa;Michalski;51290302984;DOK286410;129;;88-932;563703906;ewa.michalski991@gmail.com;1960-08-24;firmowy
U00140;RD0001;KL00000787;Jakub;Kowalski;18085232961;DOK144957;40;24;91-235;814784232;jakub.kowalski663@gmail.com;1970-10-17;zwykly
U00659;RD0002;KL00000788;Zofia;Kowalczyk;56382692308;DOK432793;18;;51-348;757982147;zofia.kowalczyk35@gmail.com;1990-07-05;VIP
U00436;RD0009;KL00000789;Wojciech;Wieczorek;34645188546;DOK815123;26;;46-871;779070338;wojciech.wieczorek538@gmail.com;1996-12-24;firmowy
U00635;RD0008;KL00000790;Tomasz;Michalski;75043295609;DOK991648;177;15;64-459;842159550;tomasz.michalski808@gmail.com;1985-01-05;staly
U00154;RD0001;KL00000791;Wojciech;Krawczyk;57801854541;DOK987056;132;46;31-941;698016431;wojciech.krawczyk295@gmail.com;1969-03-26;zwykly
U00178;RD0009;KL00000792;Adam;Lewandowski;36344151670;DOK976964;17;;87-146;846361137;adam.lewandowski8@gmail.com;1997-08-29;staly
U00061;RD0007;KL00000793;Aleksandra;Wisniewski;13170959129;DOK194215;134;;43-501;585980306;aleksandra.wisniewski209@gmail.com;2003-10-30;nowy
U00025;RD0009;KL00000794;Krzysztof;Jankowski;63565375016;DOK643876;23;12;33-921;687951904;krzysztof.jankowski492@gmail.com;1986-08-05;staly
U00372;RD0009;KL00000795;Michal;Zajac;47055837639;DOK607336;35;;83-964;517552338;michal.zajac334@gmail.com;1964-09-10;nowy
U00686;RD0008;KL00000796;Piotr;Nowicka;85839148939;DOK352800;27;;80-889;597523945;piotr.nowicka736@gmail.com;1984-11-28;zwykly
U00180;RD0002;KL00000797;Wojciech;Grabowska;36693516049;DOK564412;56;42;84-989;599937680;wojciech.grabowska980@gmail.com;1956-12-28;staly
U00159;RD0010;KL00000798;Alicja;Kaminska;91411933163;DOK744674;55;57;31-978;554121981;alicja.kaminska751@gmail.com;1984-01-24;staly
U00078;RD0005;KL00000799;Marta;Michalski;84029224818;DOK677407;37;;31-332;850748324;marta.michalski373@gmail.com;2002-10-20;VIP
U00554;RD0004;KL00000800;Olga;Michalski;84389708470;DOK423025;69;;72-742;846070475;olga.michalski475@gmail.com;2005-02-28;firmowy
U00403;RD0005;KL00000801;Zofia;Kaminska;87393422238;DOK448781;67;37;73-625;884126245;zofia.kaminska743@gmail.com;1962-12-05;VIP
U00597;RD0008;KL00000802;Krzysztof;Krol;31486381698;DOK698782;45;;30-056;677763181;krzysztof.krol253@gmail.com;2000-05-15;nowy
U00510;RD0002;KL00000803;Krzysztof;Nowicka;75344651181;DOK842306;84;;81-968;778606429;krzysztof.nowicka249@gmail.com;1963-11-22;VIP
U00101;RD0003;KL00000804;Jan;Wrobel;60651552742;DOK516422;14;12;14-904;523872293;jan.wrobel272@gmail.com;2006-10-14;nowy
U00477;RD0009;KL00000805;Magdalena;Krol;80881824004;DOK696557;113;;36-709;897274336;magdalena.krol740@gmail.com;2002-12-21;staly
U00366;RD0003;KL00000806;Marta;Nowicka;96916376378;DOK660977;101;52;15-206;509307742;marta.nowicka285@gmail.com;1975-07-23;VIP
U00084;RD0010;KL00000807;Tomasz;Wieczorek;55414349911;DOK214798;118;;30-976;612770494;tomasz.wieczorek893@gmail.com;2004-07-15;nowy
U00153;RD0010;KL00000808;Piotr;Kowalski;91354529819;DOK885675;90;6;48-203;756607513;piotr.kowalski284@gmail.com;1999-06-28;nowy
U00627;RD0004;KL00000809;Pawel;Nowak;13915526045;DOK704555;107;6;36-703;818624815;pawel.nowak512@gmail.com;1961-04-28;nowy
U00408;RD0001;KL00000810;Katarzyna;Kowalczyk;29899831986;DOK867301;39;;30-120;868715396;katarzyna.kowalczyk947@gmail.com;2002-08-30;firmowy
U00677;RD0003;KL00000811;Karolina;Piotrowski;23114697506;DOK735266;173;;24-391;716195926;karolina.piotrowski108@gmail.com;1963-10-24;VIP
U00633;RD0001;KL00000812;Anna;Wojcik;29097533440;DOK858119;88;60;77-778;734954556;anna.wojcik955@gmail.com;1971-12-03;VIP
U00220;RD0001;KL00000813;Aleksandra;Zajac;88570466228;DOK301792;111;;36-549;507198937;aleksandra.zajac677@gmail.com;1967-03-04;firmowy
U00309;RD0009;KL00000814;Wojciech;Wrobel;27624954800;DOK901489;73;;21-291;512192032;wojciech.wrobel809@gmail.com;1992-12-30;firmowy
U00144;RD0006;KL00000815;Wojciech;Nowicka;13693001204;DOK704430;171;;27-153;820148613;wojciech.nowicka294@gmail.com;1980-07-23;VIP
U00199;RD0006;KL00000816;Jan;Michalski;21987148961;DOK949833;168;;37-732;858066353;jan.michalski583@gmail.com;1995-07-28;staly
U00598;RD0008;KL00000817;Marek;Stepien;13536878287;DOK914075;25;;68-121;576170718;marek.stepien283@gmail.com;1967-12-25;firmowy
U00335;RD0009;KL00000818;Natalia;Pawlak;63114531712;DOK421855;34;;13-265;540237940;natalia.pawlak910@gmail.com;2005-07-15;VIP
U00494;RD0001;KL00000819;Jan;Kowalczyk;24699352870;DOK479398;158;;39-570;765674378;jan.kowalczyk285@gmail.com;1959-02-07;VIP
U00063;RD0008;KL00000820;Aleksandra;Krol;22730257397;DOK552168;110;2;62-233;569786566;aleksandra.krol130@gmail.com;1974-02-24;nowy
U00351;RD0006;KL00000821;Wojciech;Wojcik;35185925204;DOK967977;176;1;38-718;881356437;wojciech.wojcik888@gmail.com;1974-06-05;zwykly
U00128;RD0001;KL00000822;Zofia;Nowak;59890929387;DOK525239;128;50;91-462;697872417;zofia.nowak434@gmail.com;1975-12-23;nowy
U00454;RD0010;KL00000823;Piotr;Jankowski;61531187436;DOK490038;73;;32-968;632122609;piotr.jankowski258@gmail.com;1987-08-20;zwykly
U00473;RD0007;KL00000824;Marek;Szymanski;22896635866;DOK146266;143;;25-816;776049909;marek.szymanski126@gmail.com;1957-08-20;VIP
U00423;RD0009;KL00000825;Jan;Zajac;23872104156;DOK571152;103;;21-500;586905634;jan.zajac434@gmail.com;1990-02-18;zwykly
U00530;RD0002;KL00000826;Weronika;Kowalski;60123103601;DOK569511;28;;13-889;886435719;weronika.kowalski111@gmail.com;1978-04-28;zwykly
U00201;RD0009;KL00000827;Krzysztof;Wisniewski;66016898881;DOK574966;27;;69-729;623044911;krzysztof.wisniewski341@gmail.com;1960-06-04;zwykly
U00544;RD0005;KL00000828;Julia;Jankowski;50767971865;DOK309185;103;;35-025;509357449;julia.jankowski579@gmail.com;1984-08-10;VIP
U00541;RD0006;KL00000829;Natalia;Pawlak;67753651403;DOK837576;110;32;13-209;564690996;natalia.pawlak575@gmail.com;1955-05-16;staly
U00206;RD0010;KL00000830;Pawel;Wrobel;33203903777;DOK962543;113;54;65-910;711325312;pawel.wrobel448@gmail.com;1965-02-18;zwykly
U00066;RD0009;KL00000831;Natalia;Michalski;78091336132;DOK119902;9;;44-412;722696213;natalia.michalski436@gmail.com;1961-10-25;staly
U00604;RD0001;KL00000832;Jakub;Wieczorek;21833047438;DOK933726;30;;85-497;857844072;jakub.wieczorek479@gmail.com;1963-06-18;staly
U00671;RD0005;KL00000833;Anna;Kowalski;42579751888;DOK670297;142;;82-775;875774142;anna.kowalski879@gmail.com;2003-02-23;staly
U00323;RD0004;KL00000834;Mateusz;Kowalski;21629607112;DOK432048;45;;88-623;769421170;mateusz.kowalski39@gmail.com;1995-02-15;staly
U00509;RD0007;KL00000835;Wojciech;Krol;94968737580;DOK654893;127;42;18-203;748704246;wojciech.krol605@gmail.com;1984-11-15;zwykly
U00618;RD0009;KL00000836;Karolina;Mazur;51875530674;DOK207012;106;7;29-221;760358460;karolina.mazur294@gmail.com;1958-05-05;firmowy
U00273;RD0004;KL00000837;Magdalena;Michalski;67218926748;DOK291905;54;33;95-605;819503336;magdalena.michalski297@gmail.com;1994-08-31;nowy
U00457;RD0001;KL00000838;Katarzyna;Krol;32609196280;DOK551712;170;;37-478;527370106;katarzyna.krol528@gmail.com;1986-05-09;nowy
U00092;RD0007;KL00000839;Alicja;Wojcik;96017154325;DOK942268;170;7;79-966;544929829;alicja.wojcik241@gmail.com;1980-02-19;nowy
U00610;RD0009;KL00000840;Mateusz;Nowicka;90659655138;DOK570370;38;6;66-985;512032972;mateusz.nowicka749@gmail.com;1991-07-30;nowy
U00297;RD0009;KL00000841;Wojciech;Michalski;49771550604;DOK661097;36;;25-462;691153350;wojciech.michalski535@gmail.com;1989-12-02;VIP
U00520;RD0006;KL00000842;Mateusz;Piotrowski;83063982288;DOK280958;16;17;79-047;724834871;mateusz.piotrowski486@gmail.com;1976-10-15;firmowy
U00185;RD0004;KL00000843;Marta;Wisniewski;88942572231;DOK189263;77;6;92-684;545114612;marta.wisniewski957@gmail.com;1965-09-27;nowy
U00605;RD0005;KL00000844;Magdalena;Wrobel;34874145434;DOK729042;172;;74-154;748764003;magdalena.wrobel744@gmail.com;2006-03-08;firmowy
U00489;RD0001;KL00000845;Mateusz;Wrobel;15442301102;DOK717445;91;;25-264;547479241;mateusz.wrobel810@gmail.com;1994-07-15;firmowy
U00438;RD0001;KL00000846;Katarzyna;Jankowski;98269515041;DOK360163;46;;96-915;870940458;katarzyna.jankowski567@gmail.com;1992-12-25;VIP
U00387;RD0006;KL00000847;Jakub;Zajac;74128200356;DOK709258;169;26;33-299;843596647;jakub.zajac47@gmail.com;1996-02-26;firmowy
U00290;RD0010;KL00000848;Marcin;Wieczorek;63155866469;DOK673359;64;60;88-439;513755190;marcin.wieczorek273@gmail.com;1985-10-30;nowy
U00067;RD0008;KL00000849;Julia;Kowalczyk;27229756293;DOK688076;87;;28-163;690895921;julia.kowalczyk594@gmail.com;2006-09-21;VIP
U00282;RD0009;KL00000850;Wojciech;Krawczyk;29527978920;DOK100359;129;51;38-272;787023041;wojciech.krawczyk410@gmail.com;1991-04-02;nowy
U00043;RD0007;KL00000851;Zofia;Krol;62649992254;DOK602816;39;49;77-455;823165399;zofia.krol590@gmail.com;1959-08-21;firmowy
U00065;RD0002;KL00000852;Jan;Krol;19877993929;DOK324869;29;49;41-366;854968919;jan.krol774@gmail.com;1995-10-23;VIP
U00418;RD0002;KL00000853;Pawel;Stepien;36769023200;DOK598189;105;22;33-254;523510036;pawel.stepien941@gmail.com;1972-04-26;staly
U00097;RD0007;KL00000854;Weronika;Nowicka;57955772417;DOK391941;78;;43-127;830862603;weronika.nowicka100@gmail.com;1984-03-09;staly
U00198;RD0005;KL00000855;Wojciech;Nowak;11175103481;DOK925961;146;;18-481;897464629;wojciech.nowak496@gmail.com;2005-11-13;zwykly
U00130;RD0005;KL00000856;Damian;Nowicka;85568004781;DOK701080;140;35;79-979;891639688;damian.nowicka3@gmail.com;1982-04-08;firmowy
U00100;RD0005;KL00000857;Weronika;Kowalczyk;70471505112;DOK384027;106;7;38-859;675260454;weronika.kowalczyk638@gmail.com;1967-07-27;firmowy
U00272;RD0009;KL00000858;Wojciech;Mazur;93417649844;DOK795381;138;59;41-715;812335168;wojciech.mazur406@gmail.com;2002-05-25;nowy
U00320;RD0009;KL00000859;Weronika;Piotrowski;88946491453;DOK427523;177;6;51-348;815869179;weronika.piotrowski268@gmail.com;1976-05-03;zwykly
U00629;RD0003;KL00000860;Katarzyna;Wojcik;94706983912;DOK812531;47;;97-799;756493681;katarzyna.wojcik370@gmail.com;1971-10-08;firmowy
U00360;RD0002;KL00000861;Marcin;Nowak;74726804953;DOK182424;109;4;39-852;819978575;marcin.nowak551@gmail.com;2006-03-22;nowy
U00213;RD0007;KL00000862;Olga;Mazur;41415057294;DOK530744;166;;75-593;639535619;olga.mazur336@gmail.com;1980-05-04;nowy
U00498;RD0001;KL00000863;Anna;Mazur;10211105058;DOK722977;168;20;27-305;784731018;anna.mazur995@gmail.com;1994-06-30;staly
U00301;RD0007;KL00000864;Alicja;Nowak;65828733729;DOK815557;71;48;81-628;733489462;alicja.nowak442@gmail.com;1988-11-08;firmowy
U00447;RD0005;KL00000865;Anna;Kozlowski;10695051469;DOK960032;80;;56-501;737885386;anna.kozlowski349@gmail.com;1991-07-31;zwykly
U00316;RD0006;KL00000866;Mateusz;Piotrowski;44208374454;DOK301628;130;2;64-133;630200125;mateusz.piotrowski878@gmail.com;1980-02-23;staly
U00391;RD0003;KL00000867;Olga;Mazur;99568485909;DOK293279;108;;47-055;558196106;olga.mazur407@gmail.com;1998-01-18;staly
U00356;RD0004;KL00000868;Aleksandra;Krol;18269325149;DOK109600;178;28;30-876;600254229;aleksandra.krol122@gmail.com;1966-11-26;VIP
U00463;RD0007;KL00000869;Julia;Kaminska;77244774585;DOK425704;103;;50-627;536148737;julia.kaminska400@gmail.com;1956-11-20;zwykly
U00288;RD0002;KL00000870;Piotr;Kaminska;57641066401;DOK993163;129;17;78-816;777599575;piotr.kaminska655@gmail.com;1981-06-02;zwykly
U00016;RD0002;KL00000871;Jan;Pawlak;89347739785;DOK641348;102;;73-572;568640103;jan.pawlak201@gmail.com;1960-05-20;VIP
U00367;RD0008;KL00000872;Mateusz;Krol;13853725451;DOK940867;70;;62-811;641262664;mateusz.krol874@gmail.com;1966-03-02;firmowy
U00114;RD0003;KL00000873;Piotr;Kowalczyk;35999460908;DOK654447;65;;71-350;622393655;piotr.kowalczyk441@gmail.com;1978-07-11;nowy
U00546;RD0001;KL00000874;Ewa;Mazur;84995301309;DOK467373;163;;43-970;775981768;ewa.mazur180@gmail.com;1976-01-30;VIP
U00571;RD0004;KL00000875;Katarzyna;Wrobel;55112028736;DOK365518;93;18;16-032;862828436;katarzyna.wrobel968@gmail.com;1984-03-17;staly
U00377;RD0005;KL00000876;Julia;Wieczorek;72930750032;DOK454984;38;55;19-114;575131703;julia.wieczorek968@gmail.com;1968-03-03;VIP
U00293;RD0009;KL00000877;Marcin;Piotrowski;78621339002;DOK815309;159;6;67-448;713751923;marcin.piotrowski783@gmail.com;1969-01-14;VIP
U00661;RD0003;KL00000878;Marta;Dabrowski;33576300456;DOK132196;50;36;78-388;867801135;marta.dabrowski174@gmail.com;1959-12-14;firmowy
U00013;RD0009;KL00000879;Natalia;Stepien;22226890942;DOK736213;100;53;15-261;676604391;natalia.stepien732@gmail.com;1998-03-27;VIP
U00624;RD0004;KL00000880;Anna;Mazur;81061602579;DOK970049;38;;39-338;623221744;anna.mazur903@gmail.com;1975-10-18;zwykly
U00650;RD0002;KL00000881;Anna;Stepien;20800563784;DOK849894;102;;74-293;776052894;anna.stepien927@gmail.com;1959-07-23;firmowy
U00286;RD0005;KL00000882;Natalia;Kaminska;45903626478;DOK374609;110;;78-215;787269001;natalia.kaminska901@gmail.com;1979-08-11;zwykly
U00635;RD0004;KL00000883;Magdalena;Krol;86382893313;DOK212358;4;42;95-328;629344855;magdalena.krol660@gmail.com;1995-07-17;zwykly
U00468;RD0009;KL00000884;Marek;Pawlak;89981305807;DOK707418;109;34;75-795;583216897;marek.pawlak907@gmail.com;2007-01-05;nowy
U00323;RD0008;KL00000885;Anna;Dabrowski;24943657020;DOK387562;116;17;58-238;519557769;anna.dabrowski830@gmail.com;1961-02-03;nowy
U00391;RD0005;KL00000886;Weronika;Zajac;45111484550;DOK238622;53;42;38-606;741339829;weronika.zajac167@gmail.com;1990-06-27;VIP
U00106;RD0003;KL00000887;Zofia;Michalski;27075870488;DOK777454;169;2;60-942;584351202;zofia.michalski967@gmail.com;1993-07-22;VIP
U00528;RD0001;KL00000888;Alicja;Nowicka;90366099541;DOK684104;55;;25-045;562799390;alicja.nowicka16@gmail.com;1967-08-07;VIP
U00017;RD0002;KL00000889;Alicja;Kowalski;81690155145;DOK504687;119;;24-046;515999013;alicja.kowalski521@gmail.com;1997-12-19;nowy
U00693;RD0008;KL00000890;Marta;Pawlak;64609933445;DOK227614;3;53;47-193;700076404;marta.pawlak393@gmail.com;1961-04-29;staly
U00241;RD0009;KL00000891;Anna;Zajac;97270835041;DOK355819;165;38;75-773;525428716;anna.zajac806@gmail.com;1987-11-03;staly
U00657;RD0003;KL00000892;Karolina;Pawlak;53787137524;DOK424356;105;38;50-852;863075711;karolina.pawlak810@gmail.com;1961-08-24;zwykly
U00018;RD0008;KL00000893;Jan;Lewandowski;10783313694;DOK488034;72;48;85-388;734899746;jan.lewandowski855@gmail.com;1960-01-27;staly
U00048;RD0007;KL00000894;Jan;Stepien;67509328838;DOK381723;24;;92-402;699162172;jan.stepien307@gmail.com;1960-11-21;zwykly
U00289;RD0001;KL00000895;Marcin;Zielinska;73598857201;DOK667965;83;;88-837;817549099;marcin.zielinska276@gmail.com;2007-07-25;nowy
U00536;RD0010;KL00000896;Magdalena;Nowak;57309255447;DOK910555;144;28;63-561;608610109;magdalena.nowak302@gmail.com;1992-09-11;VIP
U00582;RD0010;KL00000897;Tomasz;Pawlak;64210347404;DOK267044;100;51;11-540;625670657;tomasz.pawlak553@gmail.com;1984-06-30;nowy
U00651;RD0010;KL00000898;Weronika;Nowicka;74932661098;DOK654842;175;32;88-074;695466307;weronika.nowicka32@gmail.com;1980-03-31;nowy
U00372;RD0008;KL00000899;Karolina;Kaminska;22214427245;DOK697006;117;2;98-608;627102874;karolina.kaminska130@gmail.com;1956-07-07;zwykly
U00368;RD0008;KL00000900;Marek;Krawczyk;81429857677;DOK705355;144;12;58-015;662524607;marek.krawczyk81@gmail.com;1992-08-26;zwykly
U00378;RD0003;KL00000901;Damian;Michalski;22630404364;DOK922046;119;;75-321;563231879;damian.michalski472@gmail.com;1988-02-12;firmowy
U00093;RD0003;KL00000902;Julia;Stepien;50751842635;DOK503803;155;;19-098;790882384;julia.stepien690@gmail.com;1998-11-22;nowy
U00095;RD0010;KL00000903;Marek;Szymanski;90370735615;DOK522379;36;;32-166;575652239;marek.szymanski618@gmail.com;1987-07-01;staly
U00077;RD0008;KL00000904;Adam;Michalski;48155971956;DOK856029;94;;26-107;797186027;adam.michalski355@gmail.com;2001-05-05;staly
U00047;RD0006;KL00000905;Natalia;Grabowska;29352253390;DOK103026;148;;56-508;500032679;natalia.grabowska728@gmail.com;1994-02-04;zwykly
U00065;RD0007;KL00000906;Ewa;Nowak;67304188689;DOK388472;14;;37-847;573021119;ewa.nowak286@gmail.com;1986-12-25;VIP
U00574;RD0010;KL00000907;Adam;Kaminska;47742228979;DOK105302;15;;76-667;777406655;adam.kaminska188@gmail.com;1965-12-13;staly
U00247;RD0002;KL00000908;Marcin;Piotrowski;20392469238;DOK508405;139;51;57-006;758487413;marcin.piotrowski68@gmail.com;1959-01-04;staly
U00061;RD0002;KL00000909;Weronika;Wieczorek;87808351875;DOK489862;1;55;69-907;558630223;weronika.wieczorek836@gmail.com;1999-09-15;zwykly
U00438;RD0002;KL00000910;Jakub;Kaminska;41622673035;DOK956624;113;;82-139;607164572;jakub.kaminska45@gmail.com;1957-03-26;firmowy
U00608;RD0006;KL00000911;Piotr;Krawczyk;12922662676;DOK104827;124;;99-849;850923423;piotr.krawczyk89@gmail.com;1989-04-23;nowy
U00576;RD0006;KL00000912;Olga;Dabrowski;51657432602;DOK338030;166;;82-534;751430186;olga.dabrowski424@gmail.com;1995-05-12;nowy
U00423;RD0006;KL00000913;Mateusz;Lewandowski;92169188573;DOK369579;72;50;24-423;893366638;mateusz.lewandowski91@gmail.com;1997-06-28;nowy
U00208;RD0005;KL00000914;Marek;Grabowska;86497391011;DOK186656;55;47;19-036;638414410;marek.grabowska341@gmail.com;1958-02-02;VIP
U00680;RD0010;KL00000915;Natalia;Pawlak;41796852740;DOK817857;47;;47-218;891041758;natalia.pawlak369@gmail.com;1984-10-17;staly
U00346;RD0003;KL00000916;Adam;Zielinska;80526270091;DOK163413;104;35;65-039;730460925;adam.zielinska459@gmail.com;1968-03-08;nowy
U00258;RD0005;KL00000917;Weronika;Zielinska;87012839291;DOK627832;50;12;50-819;622326845;weronika.zielinska392@gmail.com;1997-11-30;staly
U00554;RD0001;KL00000918;Tomasz;Kowalczyk;54370655693;DOK155651;115;60;45-721;526908482;tomasz.kowalczyk403@gmail.com;1979-07-04;firmowy
U00361;RD0002;KL00000919;Aleksandra;Kozlowski;33180221504;DOK315996;145;;11-608;518261288;aleksandra.kozlowski554@gmail.com;1977-09-06;staly
U00506;RD0005;KL00000920;Katarzyna;Nowak;13137988451;DOK798438;154;;39-102;544739954;katarzyna.nowak103@gmail.com;1986-06-27;nowy
U00616;RD0001;KL00000921;Tomasz;Wojcik;53560950813;DOK944566;76;29;97-398;528982123;tomasz.wojcik704@gmail.com;2002-10-26;VIP
U00025;RD0007;KL00000922;Alicja;Wieczorek;94684242789;DOK488968;60;;44-715;544645018;alicja.wieczorek699@gmail.com;1967-01-20;zwykly
U00139;RD0003;KL00000923;Piotr;Wrobel;59675120622;DOK162412;3;;63-777;875614239;piotr.wrobel942@gmail.com;1958-06-15;zwykly
U00346;RD0004;KL00000924;Jakub;Wojcik;35471309572;DOK463881;168;38;43-450;840223962;jakub.wojcik912@gmail.com;1997-01-11;staly
U00290;RD0001;KL00000925;Anna;Piotrowski;24999368801;DOK902144;114;55;26-474;819416963;anna.piotrowski564@gmail.com;1958-05-15;staly
U00605;RD0006;KL00000926;Marcin;Zajac;12765586586;DOK341801;171;5;16-009;710813326;marcin.zajac295@gmail.com;2001-02-08;nowy
U00013;RD0004;KL00000927;Pawel;Dabrowski;25371594388;DOK103150;72;;14-899;615165771;pawel.dabrowski439@gmail.com;1958-02-07;nowy
U00292;RD0002;KL00000928;Aleksandra;Stepien;83323718825;DOK414459;161;7;38-669;680823886;aleksandra.stepien902@gmail.com;1996-11-16;nowy
U00368;RD0006;KL00000929;Alicja;Pawlak;55385272489;DOK253624;12;;19-034;531849802;alicja.pawlak418@gmail.com;1988-02-18;nowy
U00660;RD0001;KL00000930;Mateusz;Kowalski;89017878288;DOK549286;141;;79-396;885005604;mateusz.kowalski450@gmail.com;1987-06-30;staly
U00248;RD0008;KL00000931;Anna;Stepien;46511318750;DOK828118;175;;37-678;604069964;anna.stepien584@gmail.com;1974-08-31;staly
U00384;RD0004;KL00000932;Mateusz;Stepien;10088094935;DOK511702;126;;30-342;676142910;mateusz.stepien9@gmail.com;1969-10-31;VIP
U00012;RD0002;KL00000933;Wojciech;Jankowski;37888211671;DOK497916;81;;60-188;653474785;wojciech.jankowski109@gmail.com;1986-04-05;nowy
U00597;RD0001;KL00000934;Michal;Kaminska;34170943546;DOK793624;147;10;38-808;618821538;michal.kaminska316@gmail.com;1977-07-11;zwykly
U00033;RD0010;KL00000935;Piotr;Kowalski;96070430856;DOK542242;174;;41-005;842097755;piotr.kowalski783@gmail.com;1991-10-25;nowy
U00260;RD0004;KL00000936;Karolina;Nowicka;27239760325;DOK222314;23;;66-225;573057974;karolina.nowicka632@gmail.com;1955-06-11;staly
U00468;RD0006;KL00000937;Marta;Kozlowski;91587295360;DOK683515;140;;82-881;599894520;marta.kozlowski90@gmail.com;1966-08-21;nowy
U00434;RD0005;KL00000938;Ewa;Michalski;62258959142;DOK148681;60;16;63-687;596197032;ewa.michalski817@gmail.com;1955-07-30;VIP
U00363;RD0009;KL00000939;Krzysztof;Jankowski;19391111836;DOK368261;119;57;13-711;819887951;krzysztof.jankowski130@gmail.com;1955-01-28;firmowy
U00353;RD0003;KL00000940;Katarzyna;Wisniewski;86243977412;DOK106416;47;;99-980;590327722;katarzyna.wisniewski102@gmail.com;1999-01-12;nowy
U00176;RD0002;KL00000941;Ewa;Wrobel;82629553836;DOK923841;32;59;72-740;502295617;ewa.wrobel703@gmail.com;1979-11-29;nowy
U00109;RD0002;KL00000942;Katarzyna;Krawczyk;67995514174;DOK321706;138;;80-563;543783450;katarzyna.krawczyk748@gmail.com;1995-01-19;staly
U00475;RD0008;KL00000943;Mateusz;Zajac;25851572847;DOK500262;143;46;16-768;682358607;mateusz.zajac940@gmail.com;1971-01-31;firmowy
U00619;RD0004;KL00000944;Weronika;Stepien;83302931583;DOK493674;156;33;84-491;592544865;weronika.stepien823@gmail.com;1989-08-22;staly
U00055;RD0002;KL00000945;Jakub;Dabrowski;82994811445;DOK244810;44;31;30-001;528977255;jakub.dabrowski182@gmail.com;1992-07-05;VIP
U00550;RD0003;KL00000946;Aleksandra;Dabrowski;28161863916;DOK794666;40;;21-284;649649873;aleksandra.dabrowski499@gmail.com;1973-12-20;VIP
U00538;RD0002;KL00000947;Ewa;Kowalczyk;66118210159;DOK477384;148;13;99-010;861381910;ewa.kowalczyk130@gmail.com;2005-01-24;zwykly
U00650;RD0004;KL00000948;Marek;Nowak;18498346706;DOK390453;179;;26-133;884903975;marek.nowak450@gmail.com;1988-11-21;staly
U00106;RD0004;KL00000949;Marek;Stepien;15128033333;DOK914582;34;27;52-907;525251632;marek.stepien417@gmail.com;1972-03-31;firmowy
U00699;RD0001;KL00000950;Pawel;Kowalski;95010490392;DOK342020;113;;55-407;813834440;pawel.kowalski99@gmail.com;1996-08-02;nowy
U00073;RD0001;KL00000951;Zofia;Kowalczyk;34274129873;DOK727273;23;;97-760;539743231;zofia.kowalczyk481@gmail.com;1975-04-26;firmowy
U00163;RD0010;KL00000952;Aleksandra;Nowak;38049941477;DOK225128;8;;79-840;648125747;aleksandra.nowak69@gmail.com;1997-03-13;firmowy
U00155;RD0010;KL00000953;Tomasz;Kaminska;39500559993;DOK224272;108;;74-057;696973907;tomasz.kaminska416@gmail.com;1992-11-30;staly
U00472;RD0001;KL00000954;Karolina;Mazur;41710450996;DOK834450;101;6;83-524;711374877;karolina.mazur371@gmail.com;1979-08-12;zwykly
U00294;RD0005;KL00000955;Julia;Michalski;97189996891;DOK137935;113;26;35-701;664373534;julia.michalski620@gmail.com;2007-05-31;VIP
U00582;RD0007;KL00000956;Marcin;Zielinska;11476566409;DOK416985;166;11;68-194;569511775;marcin.zielinska867@gmail.com;1966-07-01;firmowy
U00121;RD0002;KL00000957;Marek;Krawczyk;44990488913;DOK326956;106;59;53-963;851406720;marek.krawczyk569@gmail.com;2002-04-28;staly
U00155;RD0002;KL00000958;Michal;Wrobel;81636523190;DOK991447;132;3;78-752;764673231;michal.wrobel972@gmail.com;1995-06-06;nowy
U00638;RD0007;KL00000959;Katarzyna;Zajac;96532934813;DOK351765;80;46;20-673;822544062;katarzyna.zajac585@gmail.com;2001-06-16;firmowy
U00206;RD0009;KL00000960;Michal;Zielinska;52903819483;DOK583323;48;43;17-373;785416014;michal.zielinska242@gmail.com;1970-04-22;VIP
U00036;RD0004;KL00000961;Michal;Lewandowski;18923002117;DOK840720;94;34;73-415;515026704;michal.lewandowski383@gmail.com;2003-11-30;staly
U00400;RD0010;KL00000962;Natalia;Piotrowski;47259440499;DOK623637;85;26;85-729;886843412;natalia.piotrowski817@gmail.com;1973-04-03;staly
U00246;RD0007;KL00000963;Pawel;Jankowski;88901636550;DOK595125;70;;86-795;769933193;pawel.jankowski392@gmail.com;1959-04-30;firmowy
U00130;RD0002;KL00000964;Pawel;Szymanski;53710239508;DOK399421;95;;99-930;504251661;pawel.szymanski587@gmail.com;1977-08-05;nowy
U00090;RD0006;KL00000965;Julia;Nowicka;93318504164;DOK249522;83;24;83-390;713177958;julia.nowicka310@gmail.com;1985-05-25;VIP
U00014;RD0008;KL00000966;Katarzyna;Zielinska;28366069951;DOK351236;95;38;25-272;597491815;katarzyna.zielinska395@gmail.com;1963-05-04;staly
U00272;RD0009;KL00000967;Anna;Wrobel;38276008308;DOK359850;41;53;24-308;670045745;anna.wrobel908@gmail.com;1976-01-09;VIP
U00464;RD0010;KL00000968;Marcin;Nowak;41837086091;DOK789738;118;;97-925;509702318;marcin.nowak31@gmail.com;1991-05-08;zwykly
U00365;RD0003;KL00000969;Magdalena;Nowicka;19106392627;DOK486253;141;;81-287;670905148;magdalena.nowicka161@gmail.com;1969-03-25;staly
U00181;RD0007;KL00000970;Marta;Szymanski;46338235087;DOK380031;175;44;73-049;560359655;marta.szymanski510@gmail.com;1968-03-14;VIP
U00026;RD0009;KL00000971;Wojciech;Wrobel;40698656292;DOK566311;119;;83-440;714912110;wojciech.wrobel699@gmail.com;1977-01-15;firmowy
U00480;RD0001;KL00000972;Pawel;Lewandowski;44838520376;DOK164954;166;60;90-717;691721926;pawel.lewandowski835@gmail.com;1965-05-18;firmowy
U00026;RD0006;KL00000973;Weronika;Wisniewski;97297287544;DOK644361;169;3;13-942;581595286;weronika.wisniewski496@gmail.com;2001-06-09;VIP
U00068;RD0005;KL00000974;Ewa;Kowalczyk;53749862208;DOK585610;170;13;25-435;514210840;ewa.kowalczyk619@gmail.com;1975-06-29;VIP
U00127;RD0004;KL00000975;Mateusz;Stepien;64816941733;DOK654787;161;32;31-930;518834683;mateusz.stepien204@gmail.com;1963-04-11;VIP
U00355;RD0006;KL00000976;Tomasz;Krol;30225805463;DOK643264;101;;13-615;846214811;tomasz.krol191@gmail.com;1994-03-03;firmowy
U00353;RD0003;KL00000977;Olga;Zielinska;60333307978;DOK745262;91;56;94-699;614465521;olga.zielinska932@gmail.com;1970-12-19;VIP
U00656;RD0008;KL00000978;Alicja;Kowalczyk;38415282858;DOK647579;155;1;46-372;754305773;alicja.kowalczyk708@gmail.com;2002-03-11;VIP
U00231;RD0003;KL00000979;Olga;Jankowski;66807974103;DOK547554;23;3;70-406;549197794;olga.jankowski930@gmail.com;1958-05-01;nowy
U00524;RD0003;KL00000980;Krzysztof;Nowak;93275507281;DOK622016;31;52;30-849;607322264;krzysztof.nowak391@gmail.com;1957-08-16;zwykly
U00128;RD0003;KL00000981;Jan;Grabowska;24587537409;DOK471427;166;53;80-227;799722048;jan.grabowska695@gmail.com;1993-02-14;VIP
U00505;RD0007;KL00000982;Marcin;Wisniewski;47632695883;DOK660078;67;31;35-332;737627772;marcin.wisniewski772@gmail.com;1972-11-15;VIP
U00222;RD0003;KL00000983;Marek;Lewandowski;81777797877;DOK117707;163;;87-299;636234379;marek.lewandowski158@gmail.com;1978-07-21;nowy
U00580;RD0003;KL00000984;Marta;Zajac;98842807593;DOK293076;46;23;61-058;702414798;marta.zajac188@gmail.com;1997-01-18;staly
U00672;RD0001;KL00000985;Pawel;Jankowski;65406015178;DOK354010;163;31;41-068;847760437;pawel.jankowski118@gmail.com;1991-03-05;zwykly
U00504;RD0005;KL00000986;Michal;Mazur;11014964177;DOK609153;172;;81-972;663686829;michal.mazur791@gmail.com;1963-04-21;nowy
U00014;RD0002;KL00000987;Jakub;Kowalczyk;33129974227;DOK520785;170;;46-679;714370660;jakub.kowalczyk235@gmail.com;1993-11-07;firmowy
U00396;RD0002;KL00000988;Marta;Jankowski;16339989785;DOK479093;82;;19-818;593565804;marta.jankowski960@gmail.com;1997-08-12;zwykly
U00439;RD0005;KL00000989;Natalia;Wisniewski;18899261933;DOK693731;173;;64-278;509076868;natalia.wisniewski584@gmail.com;2000-08-17;zwykly
U00385;RD0010;KL00000990;Mateusz;Zajac;39999341244;DOK719639;83;;73-366;599247443;mateusz.zajac62@gmail.com;1987-06-21;zwykly
U00019;RD0005;KL00000991;Olga;Kowalczyk;66559252967;DOK265985;171;;89-887;850055391;olga.kowalczyk509@gmail.com;1961-07-16;VIP
U00092;RD0003;KL00000992;Ewa;Wrobel;19910555431;DOK311587;147;;65-927;833023280;ewa.wrobel414@gmail.com;1986-06-28;nowy
U00465;RD0007;KL00000993;Mateusz;Wieczorek;87465471882;DOK648635;122;;31-436;763361753;mateusz.wieczorek915@gmail.com;1987-12-05;VIP
U00190;RD0003;KL00000994;Piotr;Krol;97779893509;DOK508319;173;30;53-712;809654055;piotr.krol987@gmail.com;1991-02-04;nowy
U00665;RD0009;KL00000995;Aleksandra;Grabowska;59050058108;DOK348755;164;41;97-585;874888146;aleksandra.grabowska710@gmail.com;1976-01-05;VIP
U00094;RD0007;KL00000996;Katarzyna;Krol;50066958227;DOK297526;8;44;84-652;679782591;katarzyna.krol187@gmail.com;1970-11-13;zwykly
U00163;RD0002;KL00000997;Marek;Nowak;21107187060;DOK469070;7;32;58-278;651820804;marek.nowak577@gmail.com;1998-07-23;firmowy
U00492;RD0001;KL00000998;Olga;Dabrowski;17348544946;DOK101248;36;;81-475;712409337;olga.dabrowski314@gmail.com;1976-01-15;nowy
U00509;RD0007;KL00000999;Marta;Krawczyk;88588211546;DOK569579;152;;49-906;547795944;marta.krawczyk430@gmail.com;1968-09-12;firmowy
U00035;RD0005;KL00001000;Natalia;Krawczyk;56634329487;DOK134630;6;;55-322;875289728;natalia.krawczyk226@gmail.com;1987-01-01;VIP
U00396;RD0005;KL00001001;Anna;Michalski;68261430270;DOK746403;48;29;20-112;840907518;anna.michalski580@gmail.com;1999-03-28;staly
U00390;RD0004;KL00001002;Marek;Michalski;37148901549;DOK151952;178;;69-736;504271899;marek.michalski184@gmail.com;1980-01-16;staly
U00542;RD0003;KL00001003;Katarzyna;Kaminska;67821738282;DOK807181;53;;40-080;668584751;katarzyna.kaminska629@gmail.com;1974-09-25;nowy
U00584;RD0006;KL00001004;Aleksandra;Pawlak;64166942396;DOK465618;73;;65-253;660275885;aleksandra.pawlak996@gmail.com;1977-06-26;staly
U00227;RD0005;KL00001005;Julia;Zajac;47405027729;DOK923724;19;20;88-124;712344218;julia.zajac584@gmail.com;1996-01-25;nowy
U00249;RD0005;KL00001006;Zofia;Krol;88493911534;DOK572792;73;;44-898;720072973;zofia.krol271@gmail.com;1956-03-02;nowy
U00674;RD0009;KL00001007;Damian;Wrobel;27915757527;DOK335435;13;33;63-131;825042452;damian.wrobel741@gmail.com;1987-06-18;VIP
U00546;RD0009;KL00001008;Mateusz;Wrobel;48370196432;DOK204604;64;;11-915;806557023;mateusz.wrobel457@gmail.com;1963-10-14;zwykly
U00118;RD0008;KL00001009;Marcin;Kaminska;17566373962;DOK602194;84;;76-356;603463824;marcin.kaminska294@gmail.com;1997-11-22;firmowy
U00484;RD0010;KL00001010;Natalia;Kozlowski;30520262892;DOK139103;63;;48-284;804236689;natalia.kozlowski444@gmail.com;1975-09-18;firmowy
U00626;RD0004;KL00001011;Piotr;Kowalczyk;16728382109;DOK962936;8;;55-109;573207943;piotr.kowalczyk798@gmail.com;1962-10-24;VIP
U00342;RD0007;KL00001012;Ewa;Piotrowski;60956862747;DOK654450;153;;52-596;681130487;ewa.piotrowski644@gmail.com;2001-02-08;firmowy
U00441;RD0002;KL00001013;Jan;Pawlak;91272368520;DOK739090;56;17;56-565;660172559;jan.pawlak194@gmail.com;1972-08-25;staly
U00227;RD0002;KL00001014;Tomasz;Mazur;40376065922;DOK668369;141;;36-303;598551879;tomasz.mazur196@gmail.com;1982-09-21;VIP
U00139;RD0001;KL00001015;Marta;Zajac;43749746763;DOK304370;80;;33-271;718279616;marta.zajac213@gmail.com;1999-08-23;zwykly
U00238;RD0008;KL00001016;Jan;Dabrowski;90376901117;DOK535877;130;44;94-405;790056470;jan.dabrowski852@gmail.com;1956-11-27;zwykly
U00322;RD0003;KL00001017;Weronika;Wieczorek;62744688517;DOK889853;150;10;93-091;847158530;weronika.wieczorek679@gmail.com;1988-02-28;firmowy
U00477;RD0005;KL00001018;Julia;Wisniewski;48815938195;DOK317935;82;;39-549;696823687;julia.wisniewski970@gmail.com;1958-03-12;VIP
U00625;RD0005;KL00001019;Alicja;Pawlak;63352617651;DOK454775;47;;53-747;585621813;alicja.pawlak204@gmail.com;1968-09-05;VIP
U00639;RD0004;KL00001020;Adam;Kowalczyk;27219895184;DOK117030;35;;83-110;615709770;adam.kowalczyk210@gmail.com;1955-09-05;VIP
U00203;RD0005;KL00001021;Jan;Zielinska;71883140679;DOK562393;18;8;95-922;729660641;jan.zielinska803@gmail.com;1986-01-19;staly
U00438;RD0003;KL00001022;Jan;Piotrowski;77756999151;DOK739287;157;;50-255;530422079;jan.piotrowski178@gmail.com;1973-12-01;staly
U00081;RD0003;KL00001023;Pawel;Nowak;43974201419;DOK870405;149;17;72-174;626158119;pawel.nowak30@gmail.com;1969-10-02;staly
U00048;RD0003;KL00001024;Marcin;Kowalczyk;50974777277;DOK580722;18;52;84-828;898035500;marcin.kowalczyk817@gmail.com;2007-06-09;zwykly
U00167;RD0003;KL00001025;Piotr;Piotrowski;49223371167;DOK154650;96;;62-938;639019234;piotr.piotrowski677@gmail.com;1992-03-09;firmowy
U00488;RD0008;KL00001026;Ewa;Wojcik;66953199547;DOK211013;160;39;33-947;641578044;ewa.wojcik52@gmail.com;1981-04-15;staly
U00233;RD0009;KL00001027;Wojciech;Pawlak;29072688106;DOK926927;174;;28-347;771543532;wojciech.pawlak894@gmail.com;1959-05-12;VIP
U00614;RD0001;KL00001028;Marek;Kozlowski;55905008138;DOK503992;101;19;42-936;772265081;marek.kozlowski743@gmail.com;2005-04-28;VIP
U00256;RD0004;KL00001029;Zofia;Grabowska;89248028634;DOK906796;20;7;26-086;546145491;zofia.grabowska49@gmail.com;1963-02-11;nowy
U00043;RD0004;KL00001030;Krzysztof;Nowicka;60237756037;DOK821797;142;;88-051;859493935;krzysztof.nowicka939@gmail.com;1960-01-12;firmowy
U00299;RD0001;KL00001031;Anna;Grabowska;99326462462;DOK336490;154;;23-601;832551995;anna.grabowska633@gmail.com;1972-02-19;staly
U00326;RD0002;KL00001032;Alicja;Krol;25006580315;DOK281050;45;;73-968;708204136;alicja.krol767@gmail.com;1972-04-27;VIP
U00466;RD0003;KL00001033;Zofia;Pawlak;10702440934;DOK478238;75;;24-384;594568506;zofia.pawlak386@gmail.com;2001-03-19;staly
U00606;RD0007;KL00001034;Marta;Szymanski;13160840703;DOK825987;139;13;47-301;662157521;marta.szymanski454@gmail.com;1956-04-05;staly
U00512;RD0009;KL00001035;Adam;Nowicka;89883042995;DOK446652;4;;12-823;589233375;adam.nowicka11@gmail.com;1980-06-18;nowy
U00520;RD0006;KL00001036;Marta;Mazur;91910916614;DOK903302;81;;97-458;766736364;marta.mazur264@gmail.com;1997-06-16;VIP
U00650;RD0004;KL00001037;Tomasz;Krawczyk;95373848705;DOK877079;82;;44-189;742853842;tomasz.krawczyk944@gmail.com;1988-11-21;firmowy
U00164;RD0006;KL00001038;Jakub;Kaminska;29616140968;DOK118388;108;;61-357;791379681;jakub.kaminska86@gmail.com;1964-08-24;nowy
U00670;RD0006;KL00001039;Marek;Kowalski;35458188653;DOK258239;152;;19-330;720392336;marek.kowalski224@gmail.com;1957-11-10;VIP
U00324;RD0010;KL00001040;Mateusz;Kozlowski;41792306558;DOK557065;63;;29-661;719368434;mateusz.kozlowski177@gmail.com;1997-05-10;staly
U00044;RD0007;KL00001041;Marta;Kaminska;20209065182;DOK451508;170;;75-027;846983499;marta.kaminska685@gmail.com;1992-07-05;staly
U00210;RD0002;KL00001042;Katarzyna;Lewandowski;96857275223;DOK664458;11;;83-547;620500425;katarzyna.lewandowski722@gmail.com;1965-09-08;zwykly
U00182;RD0003;KL00001043;Wojciech;Wisniewski;35034658684;DOK920102;20;;47-523;855809198;wojciech.wisniewski934@gmail.com;1962-08-31;staly
U00446;RD0009;KL00001044;Weronika;Kowalczyk;84806116998;DOK623767;103;;11-106;812914744;weronika.kowalczyk113@gmail.com;1991-02-15;staly
U00551;RD0001;KL00001045;Michal;Pawlak;50327438288;DOK420439;35;44;10-043;708449329;michal.pawlak182@gmail.com;1993-10-15;nowy
U00654;RD0009;KL00001046;Magdalena;Piotrowski;42128251776;DOK972319;81;50;59-653;715675331;magdalena.piotrowski289@gmail.com;1982-03-04;staly
U00122;RD0010;KL00001047;Damian;Zajac;36325148097;DOK410582;169;;88-144;883787011;damian.zajac953@gmail.com;1984-09-04;VIP
U00198;RD0003;KL00001048;Alicja;Wisniewski;48728182897;DOK823703;17;;30-626;635793791;alicja.wisniewski545@gmail.com;1969-10-06;zwykly
U00498;RD0009;KL00001049;Julia;Zajac;26603661114;DOK194421;121;29;29-845;718104491;julia.zajac603@gmail.com;1996-06-20;nowy
U00590;RD0009;KL00001050;Aleksandra;Szymanski;96313960901;DOK268698;132;8;80-020;530608653;aleksandra.szymanski225@gmail.com;1984-05-25;firmowy
U00173;RD0001;KL00001051;Karolina;Kowalski;10267954252;DOK464731;51;35;53-198;792042651;karolina.kowalski406@gmail.com;1967-10-31;zwykly
U00647;RD0001;KL00001052;Jan;Kozlowski;45130515062;DOK356137;136;36;10-957;690738452;jan.kozlowski567@gmail.com;2001-11-22;VIP
U00176;RD0010;KL00001053;Karolina;Krol;94899934372;DOK165481;16;;78-714;732033218;karolina.krol168@gmail.com;1986-02-15;firmowy
U00182;RD0009;KL00001054;Zofia;Zielinska;82465034762;DOK739016;99;57;36-219;759658788;zofia.zielinska418@gmail.com;2005-10-31;zwykly
U00651;RD0002;KL00001055;Adam;Kozlowski;99692973796;DOK668675;104;;68-107;633053877;adam.kozlowski445@gmail.com;1992-07-28;staly
U00001;RD0002;KL00001056;Damian;Wojcik;27995362868;DOK796069;130;13;38-734;826832946;damian.wojcik157@gmail.com;1961-09-30;nowy
U00230;RD0006;KL00001057;Adam;Zajac;35330478031;DOK583484;154;5;77-488;674679991;adam.zajac726@gmail.com;2007-01-03;zwykly
U00505;RD0007;KL00001058;Tomasz;Grabowska;96307247227;DOK145559;109;47;57-845;812459503;tomasz.grabowska172@gmail.com;1955-06-05;nowy
U00670;RD0005;KL00001059;Adam;Wojcik;91926760384;DOK233625;120;27;24-471;770136248;adam.wojcik712@gmail.com;1962-07-13;staly
U00594;RD0009;KL00001060;Mateusz;Krawczyk;42827515254;DOK667298;178;;94-509;595667752;mateusz.krawczyk753@gmail.com;2000-12-21;zwykly
U00155;RD0007;KL00001061;Marcin;Zajac;58863286250;DOK829736;103;49;31-626;689999618;marcin.zajac589@gmail.com;1961-05-30;VIP
U00210;RD0005;KL00001062;Jakub;Piotrowski;81368366282;DOK721990;145;11;53-333;619999076;jakub.piotrowski617@gmail.com;1973-07-26;firmowy
U00010;RD0008;KL00001063;Wojciech;Wieczorek;51825139343;DOK243134;149;2;66-274;836833659;wojciech.wieczorek487@gmail.com;1964-09-17;nowy
U00605;RD0005;KL00001064;Karolina;Krawczyk;89190060494;DOK748791;102;;81-003;797021575;karolina.krawczyk801@gmail.com;1995-07-05;firmowy
U00697;RD0008;KL00001065;Julia;Wrobel;84109274565;DOK469039;176;37;46-415;648068788;julia.wrobel78@gmail.com;1989-08-22;VIP
U00517;RD0005;KL00001066;Olga;Krol;66317950061;DOK584487;63;;68-531;838182369;olga.krol352@gmail.com;1969-01-13;firmowy
U00550;RD0009;KL00001067;Ewa;Michalski;50290317865;DOK914120;150;17;47-323;505302311;ewa.michalski812@gmail.com;1996-03-01;VIP
U00528;RD0007;KL00001068;Marta;Wieczorek;13761696781;DOK442535;44;;14-167;713927804;marta.wieczorek143@gmail.com;1986-03-19;zwykly
U00297;RD0009;KL00001069;Tomasz;Mazur;10262880146;DOK980664;140;;78-853;635647237;tomasz.mazur368@gmail.com;1990-05-23;zwykly
U00001;RD0009;KL00001070;Damian;Zielinska;86782246273;DOK700974;143;;95-823;522091706;damian.zielinska338@gmail.com;1987-10-31;staly
U00565;RD0004;KL00001071;Marta;Pawlak;94262337890;DOK872688;122;;23-566;686634036;marta.pawlak426@gmail.com;1971-02-05;zwykly
U00380;RD0001;KL00001072;Marek;Piotrowski;10202908421;DOK323193;12;47;59-778;864441481;marek.piotrowski413@gmail.com;1961-12-05;nowy
U00365;RD0004;KL00001073;Damian;Krol;63074785175;DOK407006;25;50;82-196;735297052;damian.krol555@gmail.com;2000-04-01;staly
U00584;RD0001;KL00001074;Karolina;Piotrowski;95983122147;DOK224062;136;;63-899;845067900;karolina.piotrowski823@gmail.com;1957-05-17;zwykly
U00209;RD0007;KL00001075;Katarzyna;Wieczorek;25839547942;DOK149917;60;;47-310;635326369;katarzyna.wieczorek135@gmail.com;1995-12-06;nowy
U00496;RD0005;KL00001076;Anna;Mazur;55806965043;DOK542435;144;26;57-168;661535587;anna.mazur963@gmail.com;1957-08-17;firmowy
U00120;RD0006;KL00001077;Marek;Kowalczyk;61153752813;DOK740975;153;;71-140;669343244;marek.kowalczyk955@gmail.com;1983-12-15;VIP
U00128;RD0010;KL00001078;Alicja;Kaminska;52983665053;DOK347371;56;42;94-301;735996011;alicja.kaminska813@gmail.com;1956-12-31;staly
U00492;RD0007;KL00001079;Magdalena;Dabrowski;84318284384;DOK402591;176;24;86-228;822542524;magdalena.dabrowski448@gmail.com;1977-03-15;VIP
U00548;RD0004;KL00001080;Katarzyna;Zielinska;11342348308;DOK612857;21;19;52-746;686669025;katarzyna.zielinska224@gmail.com;1961-11-30;VIP
U00058;RD0001;KL00001081;Marcin;Krol;43247437725;DOK513544;33;6;18-951;885006855;marcin.krol798@gmail.com;1987-02-21;VIP
U00147;RD0008;KL00001082;Damian;Wieczorek;33599357002;DOK546272;70;35;41-632;686028483;damian.wieczorek570@gmail.com;1976-11-04;staly
U00176;RD0003;KL00001083;Weronika;Kozlowski;32785977663;DOK814361;89;;50-103;718012658;weronika.kozlowski119@gmail.com;1989-03-09;staly
U00630;RD0002;KL00001084;Magdalena;Jankowski;20516771492;DOK157398;87;34;91-048;695030607;magdalena.jankowski316@gmail.com;1995-10-13;zwykly
U00466;RD0005;KL00001085;Michal;Piotrowski;75580907924;DOK341509;94;23;28-304;735342951;michal.piotrowski895@gmail.com;1990-12-29;staly
U00122;RD0006;KL00001086;Katarzyna;Piotrowski;51148281909;DOK836444;147;;43-296;823751720;katarzyna.piotrowski209@gmail.com;1957-06-29;staly
U00523;RD0009;KL00001087;Zofia;Grabowska;40194844895;DOK304719;32;27;20-894;536854939;zofia.grabowska705@gmail.com;1968-09-05;VIP
U00616;RD0003;KL00001088;Wojciech;Nowicka;78880256963;DOK597480;130;12;81-069;689314841;wojciech.nowicka814@gmail.com;1966-11-05;firmowy
U00202;RD0001;KL00001089;Weronika;Grabowska;68217645813;DOK292890;81;21;33-125;738999005;weronika.grabowska709@gmail.com;1975-10-21;firmowy
U00218;RD0006;KL00001090;Jakub;Wrobel;43195538295;DOK606075;132;;75-578;557649163;jakub.wrobel365@gmail.com;1983-11-29;firmowy
U00286;RD0007;KL00001091;Pawel;Dabrowski;20722660842;DOK870934;123;;58-955;587287304;pawel.dabrowski607@gmail.com;1982-01-18;nowy
U00230;RD0004;KL00001092;Piotr;Dabrowski;65034133107;DOK243184;151;17;58-644;730860733;piotr.dabrowski269@gmail.com;1978-03-27;zwykly
U00589;RD0010;KL00001093;Aleksandra;Michalski;13394298135;DOK822986;10;;78-609;797482096;aleksandra.michalski349@gmail.com;1987-08-23;VIP
U00545;RD0004;KL00001094;Mateusz;Kowalski;32936760234;DOK199824;22;27;94-534;655966032;mateusz.kowalski927@gmail.com;1974-07-25;VIP
U00400;RD0005;KL00001095;Wojciech;Dabrowski;50873927322;DOK749334;172;30;84-379;735171161;wojciech.dabrowski175@gmail.com;1993-03-06;staly
U00337;RD0010;KL00001096;Damian;Grabowska;29412819636;DOK643490;29;4;32-146;538363243;damian.grabowska452@gmail.com;2005-09-16;nowy
U00552;RD0010;KL00001097;Krzysztof;Zajac;49245946547;DOK654504;139;;87-929;742586844;krzysztof.zajac921@gmail.com;1960-07-29;firmowy
U00595;RD0009;KL00001098;Jan;Kozlowski;48506470266;DOK444699;26;51;36-435;766470370;jan.kozlowski779@gmail.com;1965-11-17;nowy
U00108;RD0002;KL00001099;Tomasz;Nowicka;96834093170;DOK131126;54;22;65-869;787964706;tomasz.nowicka117@gmail.com;2007-10-06;zwykly
U00625;RD0008;KL00001100;Mateusz;Zielinska;86597701554;DOK183662;71;22;83-011;512167599;mateusz.zielinska756@gmail.com;1996-12-31;nowy
U00108;RD0008;KL00001101;Wojciech;Kaminska;89319500383;DOK149276;95;;81-882;728291169;wojciech.kaminska947@gmail.com;1983-10-13;nowy
U00383;RD0002;KL00001102;Pawel;Zielinska;55771436218;DOK880679;130;2;69-984;506382715;pawel.zielinska788@gmail.com;2000-07-09;staly
U00690;RD0007;KL00001103;Pawel;Kowalczyk;26082132266;DOK227780;148;;84-081;505602373;pawel.kowalczyk255@gmail.com;1991-03-31;VIP
U00315;RD0003;KL00001104;Mateusz;Grabowska;58598195413;DOK227153;63;3;83-060;870486265;mateusz.grabowska544@gmail.com;1977-04-29;nowy
U00515;RD0002;KL00001105;Olga;Wojcik;48838171629;DOK443660;16;20;37-731;747518180;olga.wojcik212@gmail.com;1982-04-02;zwykly
U00544;RD0008;KL00001106;Jakub;Stepien;62422831420;DOK894323;103;;66-080;616518683;jakub.stepien707@gmail.com;1978-09-23;nowy
U00411;RD0010;KL00001107;Ewa;Krol;36823556958;DOK470388;62;4;10-641;679241549;ewa.krol558@gmail.com;1976-11-23;firmowy
U00649;RD0005;KL00001108;Piotr;Jankowski;19647829109;DOK782268;86;53;58-245;813953074;piotr.jankowski500@gmail.com;1993-08-29;VIP
U00119;RD0002;KL00001109;Natalia;Jankowski;50286066759;DOK358053;101;40;15-675;571953544;natalia.jankowski859@gmail.com;1989-07-28;VIP
U00187;RD0008;KL00001110;Magdalena;Grabowska;83694800997;DOK723379;108;42;58-419;502515770;magdalena.grabowska352@gmail.com;1971-12-21;staly
U00085;RD0007;KL00001111;Alicja;Nowicka;47826798881;DOK368880;18;44;62-078;518770037;alicja.nowicka915@gmail.com;1962-02-18;nowy
U00332;RD0004;KL00001112;Marcin;Piotrowski;84452236330;DOK957877;163;27;43-043;700416581;marcin.piotrowski987@gmail.com;1963-06-20;zwykly
U00574;RD0009;KL00001113;Pawel;Wrobel;27185119448;DOK614237;55;;28-498;725323878;pawel.wrobel214@gmail.com;1983-09-25;VIP
U00270;RD0005;KL00001114;Adam;Wojcik;47264992587;DOK575306;30;38;39-606;670181918;adam.wojcik814@gmail.com;1969-05-21;zwykly
U00589;RD0001;KL00001115;Mateusz;Krawczyk;76221476867;DOK521665;67;56;94-880;825779802;mateusz.krawczyk642@gmail.com;2002-02-04;zwykly
U00178;RD0009;KL00001116;Mateusz;Kaminska;48045663125;DOK743475;131;;44-892;671745571;mateusz.kaminska773@gmail.com;1978-11-10;zwykly
U00337;RD0009;KL00001117;Marcin;Zielinska;29128386306;DOK986946;126;;44-909;605519826;marcin.zielinska22@gmail.com;1998-09-04;firmowy
U00574;RD0002;KL00001118;Olga;Pawlak;26272927497;DOK894358;99;53;44-794;886999797;olga.pawlak785@gmail.com;1957-05-22;VIP
U00605;RD0009;KL00001119;Julia;Lewandowski;81983680594;DOK168163;130;;80-481;737934457;julia.lewandowski668@gmail.com;2005-11-11;staly
U00240;RD0004;KL00001120;Adam;Zielinska;50392891734;DOK897946;122;;42-096;624848348;adam.zielinska735@gmail.com;1955-07-29;nowy
U00116;RD0006;KL00001121;Jan;Krol;79548411378;DOK966023;164;2;33-558;568567161;jan.krol406@gmail.com;1964-01-25;staly
U00041;RD0005;KL00001122;Michal;Kaminska;96190630914;DOK988544;44;15;20-625;518710063;michal.kaminska742@gmail.com;1999-05-24;staly
U00138;RD0001;KL00001123;Krzysztof;Piotrowski;19790371423;DOK120636;15;32;98-605;878040066;krzysztof.piotrowski279@gmail.com;1961-10-14;nowy
U00278;RD0006;KL00001124;Pawel;Kaminska;98265178415;DOK178940;16;46;88-316;553037843;pawel.kaminska978@gmail.com;1998-03-01;VIP
U00558;RD0008;KL00001125;Marek;Szymanski;87430363089;DOK865659;143;;59-261;808344429;marek.szymanski417@gmail.com;1968-12-05;VIP
U00081;RD0008;KL00001126;Alicja;Jankowski;52270990417;DOK931993;37;;11-271;872533229;alicja.jankowski662@gmail.com;2000-10-29;VIP
U00103;RD0002;KL00001127;Alicja;Krawczyk;16965822639;DOK137167;50;;77-441;553266592;alicja.krawczyk705@gmail.com;1980-12-16;VIP
U00013;RD0003;KL00001128;Anna;Grabowska;63885326885;DOK570444;178;4;29-797;518869892;anna.grabowska33@gmail.com;1995-06-17;staly
U00401;RD0007;KL00001129;Damian;Zielinska;30278437699;DOK173482;147;;62-981;791897445;damian.zielinska598@gmail.com;1957-02-13;zwykly
U00488;RD0010;KL00001130;Jakub;Piotrowski;11344275311;DOK162843;25;;27-341;802304387;jakub.piotrowski989@gmail.com;1955-11-03;zwykly
U00222;RD0010;KL00001131;Olga;Piotrowski;20571972372;DOK298712;9;11;30-095;558603260;olga.piotrowski210@gmail.com;1991-10-14;firmowy
U00522;RD0008;KL00001132;Mateusz;Nowak;22389260518;DOK786907;100;;33-122;513395854;mateusz.nowak824@gmail.com;1972-04-11;staly
U00418;RD0002;KL00001133;Marcin;Szymanski;78714295335;DOK216349;146;;18-485;503376202;marcin.szymanski466@gmail.com;1972-06-23;staly
U00056;RD0003;KL00001134;Zofia;Krawczyk;43608344840;DOK896473;78;;26-188;693566614;zofia.krawczyk148@gmail.com;1961-04-26;firmowy
U00351;RD0003;KL00001135;Jan;Kowalczyk;46883947142;DOK892019;22;;95-747;509136283;jan.kowalczyk598@gmail.com;1973-06-25;staly
U00486;RD0003;KL00001136;Ewa;Piotrowski;93218545960;DOK123701;54;27;92-640;689581060;ewa.piotrowski324@gmail.com;1961-06-03;VIP
U00419;RD0002;KL00001137;Marek;Grabowska;72927909511;DOK731953;77;2;96-137;645142187;marek.grabowska971@gmail.com;1978-06-22;staly
U00360;RD0002;KL00001138;Mateusz;Pawlak;15936782680;DOK237796;28;;95-113;671621061;mateusz.pawlak979@gmail.com;1991-07-18;nowy
U00441;RD0009;KL00001139;Piotr;Kaminska;65322796090;DOK894241;180;;87-821;787687982;piotr.kaminska907@gmail.com;1983-02-23;staly
U00439;RD0009;KL00001140;Magdalena;Pawlak;68731377880;DOK233066;55;;17-929;505192411;magdalena.pawlak513@gmail.com;1990-10-05;staly
U00266;RD0001;KL00001141;Julia;Piotrowski;71120482490;DOK960738;169;6;82-112;807029531;julia.piotrowski34@gmail.com;1988-05-23;staly
U00134;RD0002;KL00001142;Aleksandra;Michalski;50532393286;DOK145730;13;;77-955;608233181;aleksandra.michalski403@gmail.com;1996-05-15;VIP
U00236;RD0005;KL00001143;Pawel;Kozlowski;46680448534;DOK634628;112;;15-516;584675460;pawel.kozlowski121@gmail.com;1970-03-30;nowy
U00327;RD0005;KL00001144;Adam;Krawczyk;33328945774;DOK255225;3;;31-204;899152955;adam.krawczyk745@gmail.com;1988-06-16;VIP
U00337;RD0001;KL00001145;Jan;Jankowski;39543573496;DOK898346;56;;12-018;794497179;jan.jankowski532@gmail.com;1980-08-24;VIP
U00413;RD0008;KL00001146;Olga;Dabrowski;88337079728;DOK216632;157;;76-533;806949118;olga.dabrowski787@gmail.com;2007-12-14;nowy
U00259;RD0002;KL00001147;Piotr;Wojcik;10011382159;DOK707801;24;;90-155;626216712;piotr.wojcik143@gmail.com;2001-08-25;firmowy
U00596;RD0009;KL00001148;Pawel;Piotrowski;94681125096;DOK146902;100;;53-307;791696282;pawel.piotrowski863@gmail.com;1960-08-05;nowy
U00265;RD0007;KL00001149;Karolina;Grabowska;15346993134;DOK153123;6;53;85-527;648890422;karolina.grabowska701@gmail.com;1969-11-29;VIP
U00100;RD0004;KL00001150;Karolina;Wojcik;74223042235;DOK186488;25;6;50-094;855490577;karolina.wojcik619@gmail.com;1992-10-14;staly
U00338;RD0009;KL00001151;Marcin;Szymanski;52111535275;DOK257371;5;;43-824;856874580;marcin.szymanski13@gmail.com;1959-08-28;staly
U00245;RD0005;KL00001152;Pawel;Kozlowski;67607850627;DOK131427;115;;83-621;820635654;pawel.kozlowski257@gmail.com;1974-04-14;nowy
U00415;RD0007;KL00001153;Marcin;Szymanski;29076598711;DOK850899;14;;80-141;643342687;marcin.szymanski903@gmail.com;1998-10-27;zwykly
U00553;RD0002;KL00001154;Olga;Kowalczyk;81677499452;DOK259601;36;33;67-610;655148157;olga.kowalczyk992@gmail.com;1955-01-29;VIP
U00035;RD0009;KL00001155;Tomasz;Kowalczyk;80208329805;DOK173429;128;;51-926;572983939;tomasz.kowalczyk479@gmail.com;1970-06-23;staly
U00422;RD0005;KL00001156;Wojciech;Lewandowski;44061461993;DOK461172;117;;47-089;585614996;wojciech.lewandowski635@gmail.com;1961-06-11;nowy
U00340;RD0002;KL00001157;Marek;Pawlak;25242633014;DOK819971;108;41;32-805;839059035;marek.pawlak998@gmail.com;1977-04-11;staly
U00294;RD0007;KL00001158;Mateusz;Kowalski;14431148470;DOK587219;155;;17-270;728959629;mateusz.kowalski419@gmail.com;1956-08-07;zwykly
U00576;RD0004;KL00001159;Piotr;Kowalczyk;29423438084;DOK580542;23;;32-205;568264352;piotr.kowalczyk582@gmail.com;2005-01-06;firmowy
U00092;RD0003;KL00001160;Piotr;Jankowski;96025467933;DOK377339;137;1;73-753;730523360;piotr.jankowski446@gmail.com;2006-02-18;staly
U00265;RD0005;KL00001161;Zofia;Zajac;52414173267;DOK786913;46;29;63-224;840383184;zofia.zajac308@gmail.com;1981-01-19;zwykly
U00091;RD0006;KL00001162;Katarzyna;Krol;11016179916;DOK483727;128;52;90-209;892929912;katarzyna.krol317@gmail.com;1988-06-20;VIP
U00359;RD0009;KL00001163;Michal;Zielinska;69962478755;DOK187109;126;35;31-167;670644590;michal.zielinska776@gmail.com;1961-11-29;VIP
U00188;RD0007;KL00001164;Krzysztof;Wrobel;78735769054;DOK511025;108;25;54-954;875160009;krzysztof.wrobel802@gmail.com;1982-03-26;VIP
U00079;RD0010;KL00001165;Marek;Szymanski;73906197338;DOK528626;140;;44-809;834763341;marek.szymanski301@gmail.com;1987-03-18;firmowy
U00164;RD0010;KL00001166;Piotr;Wrobel;96157428465;DOK317782;93;;62-998;558440061;piotr.wrobel826@gmail.com;1989-09-21;staly
U00495;RD0005;KL00001167;Adam;Michalski;31361253124;DOK231652;61;;44-831;612460978;adam.michalski315@gmail.com;1958-08-26;staly
U00388;RD0009;KL00001168;Ewa;Krawczyk;27654303516;DOK191100;87;28;42-619;896347521;ewa.krawczyk770@gmail.com;1979-03-31;VIP
U00589;RD0003;KL00001169;Natalia;Szymanski;47327373433;DOK939940;73;6;25-103;860015224;natalia.szymanski728@gmail.com;1996-09-04;firmowy
U00560;RD0009;KL00001170;Damian;Lewandowski;79064396348;DOK253880;119;;95-439;625360284;damian.lewandowski315@gmail.com;1970-05-03;staly
U00295;RD0009;KL00001171;Marta;Michalski;78997674114;DOK641922;71;27;78-023;717514214;marta.michalski415@gmail.com;1972-09-02;zwykly
U00104;RD0001;KL00001172;Natalia;Wojcik;19370522750;DOK268818;95;;94-767;649768675;natalia.wojcik85@gmail.com;2004-06-01;VIP
U00122;RD0007;KL00001173;Zofia;Kowalski;48873567331;DOK740995;136;;40-508;576384715;zofia.kowalski103@gmail.com;2003-07-22;nowy
U00060;RD0004;KL00001174;Tomasz;Nowak;14995715549;DOK832815;52;;67-563;817949275;tomasz.nowak638@gmail.com;1996-02-17;zwykly
U00283;RD0001;KL00001175;Piotr;Wisniewski;14030218650;DOK320050;77;31;24-246;557411805;piotr.wisniewski769@gmail.com;2001-12-11;firmowy
U00604;RD0008;KL00001176;Ewa;Wojcik;99171799989;DOK681724;107;;23-905;838411722;ewa.wojcik776@gmail.com;1981-05-26;VIP
U00632;RD0001;KL00001177;Damian;Jankowski;81819406049;DOK370921;26;19;91-477;781257809;damian.jankowski337@gmail.com;1979-10-25;zwykly
U00079;RD0004;KL00001178;Wojciech;Wojcik;74244998778;DOK457277;58;;31-723;564091572;wojciech.wojcik24@gmail.com;1987-02-27;VIP
U00693;RD0008;KL00001179;Weronika;Nowicka;74439383394;DOK244285;120;4;39-479;560103293;weronika.nowicka969@gmail.com;1983-04-11;zwykly
U00566;RD0009;KL00001180;Karolina;Kowalski;77068360133;DOK975340;40;;35-693;819825755;karolina.kowalski901@gmail.com;2006-08-05;nowy
U00258;RD0008;KL00001181;Wojciech;Mazur;83532479231;DOK307581;125;;39-041;740200714;wojciech.mazur900@gmail.com;1983-07-12;nowy
U00187;RD0005;KL00001182;Katarzyna;Kowalski;12349475467;DOK806463;141;;55-476;768704588;katarzyna.kowalski33@gmail.com;1956-01-02;VIP
U00686;RD0005;KL00001183;Wojciech;Szymanski;30478543100;DOK323647;102;11;25-400;814112536;wojciech.szymanski39@gmail.com;1981-02-28;nowy
U00565;RD0006;KL00001184;Marta;Mazur;73767018376;DOK372191;102;2;59-820;737556792;marta.mazur699@gmail.com;2001-06-15;staly
U00635;RD0002;KL00001185;Piotr;Krawczyk;88365577349;DOK990979;94;57;28-091;672794085;piotr.krawczyk57@gmail.com;2005-01-26;zwykly
U00149;RD0007;KL00001186;Karolina;Dabrowski;10312242559;DOK603675;3;;56-047;848309892;karolina.dabrowski536@gmail.com;2007-03-09;staly
U00289;RD0004;KL00001187;Olga;Kaminska;25869209005;DOK750120;138;37;27-295;790892394;olga.kaminska876@gmail.com;1974-12-05;nowy
U00025;RD0001;KL00001188;Piotr;Zielinska;93430110744;DOK948684;20;21;39-047;579113354;piotr.zielinska104@gmail.com;1980-01-24;zwykly
U00374;RD0009;KL00001189;Tomasz;Grabowska;65788024939;DOK832205;75;;41-236;858493727;tomasz.grabowska889@gmail.com;1996-10-24;staly
U00564;RD0002;KL00001190;Zofia;Dabrowski;10401460920;DOK441680;5;57;45-933;767720836;zofia.dabrowski431@gmail.com;1972-08-30;VIP
U00600;RD0007;KL00001191;Magdalena;Nowicka;53474859331;DOK595408;64;21;24-140;793136167;magdalena.nowicka789@gmail.com;1960-03-12;firmowy
U00101;RD0003;KL00001192;Magdalena;Kozlowski;88315336570;DOK490191;145;;22-349;694497910;magdalena.kozlowski266@gmail.com;1965-07-13;firmowy
U00688;RD0010;KL00001193;Wojciech;Nowak;33458509131;DOK338113;99;;47-805;657152196;wojciech.nowak446@gmail.com;2006-08-10;staly
U00433;RD0008;KL00001194;Damian;Szymanski;29192335468;DOK138460;92;;23-027;747332437;damian.szymanski209@gmail.com;1959-02-28;nowy
U00371;RD0007;KL00001195;Krzysztof;Wojcik;47819373034;DOK891358;167;;92-770;623415960;krzysztof.wojcik493@gmail.com;2000-03-23;zwykly
U00499;RD0006;KL00001196;Pawel;Wojcik;79699892843;DOK116720;48;19;19-860;661981528;pawel.wojcik516@gmail.com;1977-01-25;firmowy
U00393;RD0001;KL00001197;Marta;Kaminska;88005185935;DOK281150;86;;60-701;783509345;marta.kaminska413@gmail.com;1965-01-14;firmowy
U00529;RD0005;KL00001198;Alicja;Pawlak;18577185839;DOK570490;107;;27-010;739079114;alicja.pawlak669@gmail.com;1980-09-02;VIP
U00070;RD0004;KL00001199;Marek;Grabowska;57000166979;DOK318361;141;26;70-427;871315254;marek.grabowska142@gmail.com;1979-05-16;nowy
U00542;RD0007;KL00001200;Marek;Lewandowski;81820595868;DOK976500;122;27;95-710;516218624;marek.lewandowski817@gmail.com;1972-11-30;nowy
U00606;RD0004;KL00001201;Adam;Mazur;15052448802;DOK827629;86;50;40-265;503235418;adam.mazur356@gmail.com;1956-09-23;nowy
U00486;RD0004;KL00001202;Aleksandra;Kowalczyk;68315822583;DOK878256;22;21;86-874;741254774;aleksandra.kowalczyk440@gmail.com;1972-07-07;zwykly
U00699;RD0006;KL00001203;Jakub;Lewandowski;71896894941;DOK160579;122;57;69-511;881543388;jakub.lewandowski348@gmail.com;1978-06-05;staly
U00079;RD0010;KL00001204;Alicja;Krawczyk;40183403449;DOK971548;135;;33-488;612773968;alicja.krawczyk881@gmail.com;1982-05-21;VIP
U00212;RD0003;KL00001205;Krzysztof;Zajac;32231024415;DOK774721;38;;23-779;540271361;krzysztof.zajac856@gmail.com;1986-08-18;staly
U00437;RD0010;KL00001206;Wojciech;Grabowska;24997251859;DOK543478;43;;47-161;831135581;wojciech.grabowska905@gmail.com;1991-12-19;staly
U00275;RD0009;KL00001207;Katarzyna;Dabrowski;89045215112;DOK680343;60;;32-962;555601224;katarzyna.dabrowski856@gmail.com;1983-11-29;nowy
U00599;RD0003;KL00001208;Jan;Lewandowski;10803933938;DOK288935;106;37;80-014;551354578;jan.lewandowski912@gmail.com;1973-02-09;VIP
U00276;RD0008;KL00001209;Marta;Mazur;22149711994;DOK163491;109;56;19-461;749405055;marta.mazur905@gmail.com;2006-09-06;zwykly
U00410;RD0004;KL00001210;Pawel;Wisniewski;17638738403;DOK459067;176;;14-298;813158159;pawel.wisniewski204@gmail.com;1969-03-14;VIP
U00188;RD0005;KL00001211;Karolina;Piotrowski;48297451752;DOK495035;148;;24-883;736528998;karolina.piotrowski164@gmail.com;1993-04-29;staly
U00444;RD0004;KL00001212;Olga;Piotrowski;86948117785;DOK105588;139;;82-033;898053778;olga.piotrowski408@gmail.com;2006-06-18;staly
U00161;RD0006;KL00001213;Michal;Nowak;87252033473;DOK440839;28;15;87-230;568301018;michal.nowak474@gmail.com;2002-09-07;VIP
U00185;RD0009;KL00001214;Damian;Grabowska;22288670181;DOK267840;147;;59-227;686864189;damian.grabowska668@gmail.com;1958-04-02;staly
U00440;RD0001;KL00001215;Damian;Michalski;71932489104;DOK514326;166;;31-464;589230331;damian.michalski567@gmail.com;1998-11-10;staly
U00603;RD0008;KL00001216;Natalia;Lewandowski;92741578529;DOK885298;161;2;67-740;500306306;natalia.lewandowski518@gmail.com;1992-03-01;firmowy
U00429;RD0008;KL00001217;Julia;Kowalski;61512623600;DOK890141;106;2;31-045;792938402;julia.kowalski11@gmail.com;2000-04-05;zwykly
U00610;RD0001;KL00001218;Mateusz;Kaminska;32187388540;DOK909130;20;50;48-903;627880831;mateusz.kaminska635@gmail.com;1957-03-20;staly
U00587;RD0001;KL00001219;Michal;Pawlak;42576388845;DOK281773;41;;34-253;610751087;michal.pawlak178@gmail.com;1955-06-13;VIP
U00069;RD0001;KL00001220;Zofia;Jankowski;58667926917;DOK994966;16;;38-345;652299491;zofia.jankowski337@gmail.com;2003-11-08;zwykly
U00595;RD0009;KL00001221;Zofia;Mazur;86506936960;DOK947811;144;;36-638;603960240;zofia.mazur774@gmail.com;2007-10-16;VIP
U00302;RD0004;KL00001222;Pawel;Kaminska;88010398860;DOK547484;34;;78-027;686197367;pawel.kaminska578@gmail.com;2005-10-22;nowy
U00126;RD0003;KL00001223;Wojciech;Zielinska;47747007892;DOK889219;70;;84-058;738548397;wojciech.zielinska799@gmail.com;1977-09-07;nowy
U00627;RD0010;KL00001224;Tomasz;Kozlowski;29820363869;DOK159183;31;;73-411;606347642;tomasz.kozlowski78@gmail.com;1987-09-28;firmowy
U00381;RD0005;KL00001225;Julia;Michalski;19277357472;DOK115610;99;;44-656;549878930;julia.michalski580@gmail.com;1968-10-28;firmowy
U00101;RD0010;KL00001226;Jakub;Krol;32043658036;DOK514736;115;;39-102;758566469;jakub.krol382@gmail.com;1970-10-18;firmowy
U00281;RD0008;KL00001227;Marek;Krawczyk;28547824538;DOK800217;131;26;42-392;555236295;marek.krawczyk919@gmail.com;1964-08-27;zwykly
U00124;RD0008;KL00001228;Aleksandra;Krawczyk;10981694813;DOK104728;147;43;78-924;644192625;aleksandra.krawczyk323@gmail.com;1964-05-08;staly
U00171;RD0002;KL00001229;Anna;Lewandowski;57514341012;DOK824653;59;23;11-325;550512652;anna.lewandowski278@gmail.com;1969-04-13;VIP
U00656;RD0002;KL00001230;Katarzyna;Michalski;41351168317;DOK798551;13;29;72-939;817440868;katarzyna.michalski473@gmail.com;1998-05-25;VIP
U00620;RD0003;KL00001231;Michal;Piotrowski;47543378575;DOK237669;40;33;79-241;880209823;michal.piotrowski839@gmail.com;1972-04-23;staly
U00113;RD0010;KL00001232;Marcin;Pawlak;48686590039;DOK909144;139;;15-441;764521295;marcin.pawlak650@gmail.com;1981-01-03;nowy
U00241;RD0003;KL00001233;Pawel;Lewandowski;89838767866;DOK685304;111;;55-893;831523808;pawel.lewandowski966@gmail.com;1958-11-21;VIP
U00556;RD0005;KL00001234;Jakub;Piotrowski;69957893812;DOK388292;15;22;91-515;692885514;jakub.piotrowski753@gmail.com;1990-11-18;nowy
U00555;RD0003;KL00001235;Pawel;Zajac;77833574059;DOK241532;104;2;75-272;713620175;pawel.zajac494@gmail.com;1963-07-13;nowy
U00372;RD0005;KL00001236;Damian;Kaminska;39738258087;DOK918035;164;48;57-082;814392806;damian.kaminska402@gmail.com;1966-06-26;nowy
U00188;RD0006;KL00001237;Alicja;Kaminska;83470954145;DOK292257;91;43;91-415;590195733;alicja.kaminska776@gmail.com;1975-05-29;firmowy
U00422;RD0004;KL00001238;Alicja;Pawlak;96673643042;DOK113329;24;11;30-251;646848674;alicja.pawlak90@gmail.com;1974-07-25;nowy
U00609;RD0001;KL00001239;Mateusz;Kaminska;13384696270;DOK734896;180;26;31-851;872386582;mateusz.kaminska455@gmail.com;1957-09-15;VIP
U00001;RD0005;KL00001240;Karolina;Mazur;56780161491;DOK968253;14;24;65-198;599381006;karolina.mazur69@gmail.com;1987-06-23;staly
U00020;RD0004;KL00001241;Wojciech;Nowak;21229291784;DOK152326;22;16;57-781;607799491;wojciech.nowak552@gmail.com;1997-02-18;VIP
U00306;RD0008;KL00001242;Marek;Kaminska;18992141750;DOK720637;57;;10-711;525113161;marek.kaminska430@gmail.com;1956-06-12;nowy
U00498;RD0001;KL00001243;Marek;Piotrowski;62915589650;DOK394635;103;;97-766;724404153;marek.piotrowski851@gmail.com;1958-09-26;firmowy
U00401;RD0005;KL00001244;Karolina;Kowalczyk;61279302263;DOK110824;4;15;69-177;607312544;karolina.kowalczyk278@gmail.com;1983-10-31;zwykly
U00675;RD0003;KL00001245;Krzysztof;Krawczyk;43747231755;DOK806002;29;;35-805;720313890;krzysztof.krawczyk118@gmail.com;1955-11-05;nowy
U00096;RD0007;KL00001246;Michal;Dabrowski;28466943244;DOK309767;26;;45-921;654460677;michal.dabrowski120@gmail.com;2005-12-17;VIP
U00476;RD0008;KL00001247;Krzysztof;Kaminska;80387476643;DOK479597;123;58;14-432;871808080;krzysztof.kaminska214@gmail.com;1972-01-30;nowy
U00639;RD0001;KL00001248;Julia;Kaminska;47876412300;DOK549384;18;;53-102;774661579;julia.kaminska564@gmail.com;1985-01-13;zwykly
U00635;RD0010;KL00001249;Piotr;Grabowska;38194879481;DOK280811;77;3;31-293;800842014;piotr.grabowska225@gmail.com;1985-04-20;staly
U00080;RD0008;KL00001250;Michal;Szymanski;40787263037;DOK381719;89;;52-815;605425673;michal.szymanski514@gmail.com;1981-06-14;nowy
U00584;RD0001;KL00001251;Michal;Piotrowski;57955490842;DOK407675;138;;38-387;573452250;michal.piotrowski429@gmail.com;1993-01-25;nowy
U00479;RD0003;KL00001252;Anna;Szymanski;79569278961;DOK554949;69;;11-980;501724915;anna.szymanski610@gmail.com;1978-01-23;VIP
U00641;RD0006;KL00001253;Adam;Kozlowski;48412497413;DOK282851;24;;45-240;672489690;adam.kozlowski799@gmail.com;1995-02-23;nowy
U00596;RD0004;KL00001254;Jan;Nowak;85062952691;DOK181424;68;4;49-500;847647215;jan.nowak651@gmail.com;1982-12-09;zwykly
U00467;RD0009;KL00001255;Julia;Zielinska;46604074761;DOK389204;55;;60-745;701421341;julia.zielinska85@gmail.com;1991-11-25;firmowy
U00426;RD0005;KL00001256;Wojciech;Jankowski;69683283870;DOK990324;120;;59-773;625541922;wojciech.jankowski414@gmail.com;1992-08-30;zwykly
U00305;RD0002;KL00001257;Natalia;Wrobel;59475734944;DOK956137;133;37;14-960;532110501;natalia.wrobel153@gmail.com;1985-10-24;firmowy
U00591;RD0002;KL00001258;Marcin;Kaminska;50875303376;DOK450771;11;42;81-394;510970348;marcin.kaminska298@gmail.com;1971-01-27;staly
U00035;RD0006;KL00001259;Karolina;Krawczyk;18157969445;DOK338963;64;;64-606;773372549;karolina.krawczyk252@gmail.com;1969-05-18;zwykly
U00661;RD0008;KL00001260;Tomasz;Grabowska;38629701849;DOK123334;104;;25-561;572820806;tomasz.grabowska188@gmail.com;2005-01-03;VIP
U00487;RD0010;KL00001261;Karolina;Krawczyk;47118709756;DOK913801;21;50;75-462;772776189;karolina.krawczyk663@gmail.com;1989-07-04;firmowy
U00515;RD0006;KL00001262;Jakub;Lewandowski;94508862192;DOK947603;12;;36-586;722645759;jakub.lewandowski210@gmail.com;1975-09-25;VIP
U00633;RD0009;KL00001263;Marcin;Nowicka;77671242260;DOK519225;7;21;91-330;511761391;marcin.nowicka865@gmail.com;2000-08-23;staly
U00143;RD0002;KL00001264;Mateusz;Kowalczyk;73112265145;DOK161533;68;36;64-783;875894890;mateusz.kowalczyk784@gmail.com;1960-04-16;nowy
U00454;RD0001;KL00001265;Tomasz;Wrobel;63288238902;DOK315936;48;49;18-411;587434416;tomasz.wrobel592@gmail.com;2001-01-05;zwykly
U00595;RD0010;KL00001266;Magdalena;Lewandowski;82314269417;DOK980075;158;;82-835;788035421;magdalena.lewandowski953@gmail.com;1965-11-14;firmowy
U00158;RD0007;KL00001267;Katarzyna;Pawlak;55966577932;DOK906841;53;15;69-092;745640531;katarzyna.pawlak756@gmail.com;1955-06-01;nowy
U00626;RD0005;KL00001268;Karolina;Dabrowski;62276691254;DOK715841;75;;36-735;873370119;karolina.dabrowski606@gmail.com;1991-06-12;VIP
U00244;RD0006;KL00001269;Piotr;Wrobel;22967698928;DOK395988;92;40;63-460;514379578;piotr.wrobel390@gmail.com;1995-10-01;VIP
U00349;RD0009;KL00001270;Piotr;Krol;37656107066;DOK102088;95;;87-543;587191097;piotr.krol982@gmail.com;1973-06-24;VIP
U00285;RD0004;KL00001271;Weronika;Nowicka;17781291317;DOK831250;38;45;96-841;897488958;weronika.nowicka78@gmail.com;1986-09-15;nowy
U00483;RD0009;KL00001272;Katarzyna;Krawczyk;61563575122;DOK764815;97;18;94-227;863891551;katarzyna.krawczyk117@gmail.com;1978-05-23;nowy
U00106;RD0007;KL00001273;Mateusz;Nowak;90626838892;DOK857819;169;;93-523;550011468;mateusz.nowak337@gmail.com;1955-02-06;VIP
U00118;RD0008;KL00001274;Krzysztof;Nowak;66504915825;DOK761453;77;;16-208;516690149;krzysztof.nowak526@gmail.com;1997-10-23;nowy
U00656;RD0002;KL00001275;Anna;Nowicka;33425875189;DOK521644;39;39;63-563;593336749;anna.nowicka667@gmail.com;2007-06-05;staly
U00335;RD0001;KL00001276;Julia;Nowicka;70212179708;DOK254460;133;38;53-974;803303558;julia.nowicka189@gmail.com;1998-08-29;firmowy
U00091;RD0002;KL00001277;Wojciech;Szymanski;84813813586;DOK102288;109;44;24-736;822037072;wojciech.szymanski906@gmail.com;1981-03-11;zwykly
U00416;RD0007;KL00001278;Alicja;Grabowska;10568789848;DOK684548;9;54;12-245;835490871;alicja.grabowska123@gmail.com;1986-01-19;zwykly
U00432;RD0004;KL00001279;Wojciech;Kaminska;48149459291;DOK394241;69;;86-390;838343600;wojciech.kaminska667@gmail.com;1967-07-07;staly
U00697;RD0008;KL00001280;Jakub;Nowicka;13865428738;DOK185168;46;;47-829;855367710;jakub.nowicka953@gmail.com;1999-10-05;VIP
U00674;RD0006;KL00001281;Julia;Kaminska;66757776460;DOK725654;5;60;29-979;619630352;julia.kaminska470@gmail.com;1979-10-15;VIP
U00565;RD0005;KL00001282;Jan;Kaminska;72577141836;DOK524745;16;;58-664;740979510;jan.kaminska1@gmail.com;1963-12-22;staly
U00326;RD0003;KL00001283;Zofia;Mazur;15619271896;DOK469025;91;;64-261;769096967;zofia.mazur772@gmail.com;1960-05-21;nowy
U00286;RD0001;KL00001284;Krzysztof;Jankowski;44234743218;DOK519543;180;;75-559;578850338;krzysztof.jankowski122@gmail.com;1978-12-21;nowy
U00255;RD0009;KL00001285;Krzysztof;Grabowska;45946465425;DOK846900;103;;35-983;568275551;krzysztof.grabowska237@gmail.com;1984-02-13;zwykly
U00475;RD0010;KL00001286;Tomasz;Mazur;94934966113;DOK654633;105;;19-132;700163305;tomasz.mazur596@gmail.com;1976-02-15;nowy
U00179;RD0003;KL00001287;Magdalena;Wrobel;17509727634;DOK369035;48;25;33-169;720508432;magdalena.wrobel578@gmail.com;1997-03-08;VIP
U00427;RD0007;KL00001288;Jan;Mazur;91309813516;DOK711746;105;;54-386;827637727;jan.mazur605@gmail.com;1995-11-20;VIP
U00618;RD0009;KL00001289;Mateusz;Zajac;36834733819;DOK436190;142;56;61-569;776363903;mateusz.zajac476@gmail.com;2003-04-29;firmowy
U00192;RD0006;KL00001290;Krzysztof;Krol;11863278556;DOK415734;32;;77-176;526229220;krzysztof.krol536@gmail.com;1972-02-11;nowy
U00336;RD0004;KL00001291;Zofia;Wojcik;81309868298;DOK882275;49;39;20-158;567675119;zofia.wojcik413@gmail.com;1955-09-02;zwykly
U00297;RD0005;KL00001292;Jan;Wisniewski;96112678431;DOK790198;179;;61-150;831216976;jan.wisniewski742@gmail.com;2005-10-31;zwykly
U00668;RD0004;KL00001293;Olga;Dabrowski;17958175273;DOK398051;145;;48-121;508956444;olga.dabrowski210@gmail.com;1990-02-25;nowy
U00156;RD0009;KL00001294;Magdalena;Kozlowski;29198835891;DOK134783;152;28;92-335;860434633;magdalena.kozlowski393@gmail.com;1975-03-22;VIP
U00139;RD0005;KL00001295;Ewa;Wrobel;13902367397;DOK445512;159;42;29-056;778415992;ewa.wrobel188@gmail.com;1970-11-22;staly
U00584;RD0008;KL00001296;Zofia;Kowalski;70100878339;DOK548902;156;7;89-965;640133389;zofia.kowalski573@gmail.com;1997-03-22;firmowy
U00559;RD0001;KL00001297;Marek;Michalski;60926743673;DOK521840;137;;10-087;754400612;marek.michalski675@gmail.com;1979-10-21;VIP
U00460;RD0010;KL00001298;Wojciech;Kowalski;67589031111;DOK205386;135;;52-491;582106456;wojciech.kowalski776@gmail.com;2007-01-09;staly
U00254;RD0005;KL00001299;Jan;Dabrowski;46467504401;DOK226370;42;;19-672;604244850;jan.dabrowski494@gmail.com;1999-12-12;nowy
U00100;RD0001;KL00001300;Jakub;Mazur;74647116737;DOK614003;127;;31-075;766464629;jakub.mazur994@gmail.com;1978-10-16;zwykly
U00089;RD0010;KL00001301;Zofia;Krawczyk;27373093346;DOK828770;86;48;84-611;887746159;zofia.krawczyk73@gmail.com;1995-03-16;VIP
U00199;RD0004;KL00001302;Adam;Grabowska;16269028127;DOK299100;77;52;47-872;666703192;adam.grabowska282@gmail.com;1985-07-10;staly
U00001;RD0005;KL00001303;Weronika;Krol;67953635696;DOK126919;114;35;63-886;569079604;weronika.krol794@gmail.com;1970-05-06;staly
U00482;RD0007;KL00001304;Piotr;Kowalski;19970134229;DOK915154;156;;70-644;518315902;piotr.kowalski941@gmail.com;2001-10-27;nowy
U00092;RD0008;KL00001305;Damian;Jankowski;43050101994;DOK789344;43;38;54-080;643873104;damian.jankowski361@gmail.com;1981-02-05;VIP
U00620;RD0002;KL00001306;Michal;Nowak;80239971349;DOK101526;89;;20-746;895462387;michal.nowak828@gmail.com;1961-06-30;staly
U00278;RD0010;KL00001307;Krzysztof;Szymanski;41635635657;DOK731533;171;;60-048;847147423;krzysztof.szymanski504@gmail.com;1987-03-05;zwykly
U00012;RD0010;KL00001308;Anna;Dabrowski;54287479609;DOK426902;31;2;41-618;882167947;anna.dabrowski560@gmail.com;1965-03-07;VIP
U00025;RD0004;KL00001309;Piotr;Pawlak;64067480777;DOK512778;42;48;15-244;775812879;piotr.pawlak381@gmail.com;1992-01-07;nowy
U00286;RD0001;KL00001310;Tomasz;Wrobel;72964527526;DOK660126;139;;60-329;584529167;tomasz.wrobel623@gmail.com;2002-06-27;staly
U00290;RD0007;KL00001311;Piotr;Mazur;94650773059;DOK316684;53;22;63-135;607421180;piotr.mazur57@gmail.com;1967-12-03;nowy
U00270;RD0001;KL00001312;Krzysztof;Dabrowski;76279946268;DOK144639;130;39;81-494;522849289;krzysztof.dabrowski611@gmail.com;1966-06-12;zwykly
U00121;RD0010;KL00001313;Marta;Stepien;94607812827;DOK197157;139;53;98-644;651476786;marta.stepien887@gmail.com;1970-02-17;zwykly
U00698;RD0003;KL00001314;Piotr;Lewandowski;65021781805;DOK496961;26;;78-282;797182118;piotr.lewandowski347@gmail.com;1993-03-02;zwykly
U00409;RD0004;KL00001315;Jakub;Kaminska;23397312426;DOK722853;168;;47-465;867082356;jakub.kaminska689@gmail.com;1965-10-25;VIP
U00232;RD0010;KL00001316;Jan;Kozlowski;78311385400;DOK811060;2;;44-372;881805485;jan.kozlowski286@gmail.com;1975-02-28;firmowy
U00059;RD0009;KL00001317;Ewa;Stepien;19434695935;DOK565350;17;;19-842;831564278;ewa.stepien587@gmail.com;1978-01-24;VIP
U00432;RD0008;KL00001318;Mateusz;Szymanski;64992359660;DOK528001;34;12;41-334;877486291;mateusz.szymanski778@gmail.com;1994-03-18;firmowy
U00238;RD0001;KL00001319;Jan;Jankowski;20240779613;DOK875802;137;;26-382;761006134;jan.jankowski833@gmail.com;1992-10-20;firmowy
U00398;RD0009;KL00001320;Jan;Lewandowski;16018472261;DOK446705;14;;15-405;712498737;jan.lewandowski245@gmail.com;1984-07-13;zwykly
U00133;RD0009;KL00001321;Natalia;Nowak;99709408954;DOK191991;166;18;11-638;792604666;natalia.nowak602@gmail.com;1963-03-19;zwykly
U00045;RD0010;KL00001322;Pawel;Michalski;15003245233;DOK944621;61;10;56-138;512512035;pawel.michalski623@gmail.com;1972-11-06;staly
U00205;RD0008;KL00001323;Alicja;Stepien;60495827988;DOK696035;120;24;39-878;560190695;alicja.stepien589@gmail.com;1999-03-08;VIP
U00051;RD0010;KL00001324;Tomasz;Nowak;86092251207;DOK551289;12;;69-357;764675579;tomasz.nowak957@gmail.com;1975-02-04;staly
U00646;RD0010;KL00001325;Michal;Szymanski;31267901862;DOK145974;82;;81-985;824793426;michal.szymanski289@gmail.com;2002-03-11;staly
U00527;RD0002;KL00001326;Jakub;Zielinska;83548547805;DOK117081;162;46;80-609;708998290;jakub.zielinska357@gmail.com;1997-10-27;staly
U00291;RD0005;KL00001327;Adam;Lewandowski;56222820559;DOK517476;104;;31-611;868201506;adam.lewandowski380@gmail.com;1965-03-02;zwykly
U00507;RD0001;KL00001328;Magdalena;Krol;63289382477;DOK112658;61;27;23-830;725485284;magdalena.krol861@gmail.com;1964-06-30;staly
U00032;RD0008;KL00001329;Weronika;Krawczyk;48699738423;DOK570715;164;;63-923;718025976;weronika.krawczyk17@gmail.com;1963-12-03;VIP
U00375;RD0009;KL00001330;Natalia;Wisniewski;11568375742;DOK174455;96;44;10-069;736877689;natalia.wisniewski236@gmail.com;2001-03-26;zwykly
U00097;RD0006;KL00001331;Karolina;Grabowska;16112798232;DOK463710;135;;17-382;569228725;karolina.grabowska184@gmail.com;1972-05-25;staly
U00252;RD0010;KL00001332;Piotr;Lewandowski;50056571205;DOK563824;146;;58-991;641849040;piotr.lewandowski750@gmail.com;2005-09-20;staly
U00697;RD0006;KL00001333;Pawel;Wojcik;89317472819;DOK157057;82;8;83-955;894782505;pawel.wojcik82@gmail.com;2006-08-12;nowy
U00545;RD0007;KL00001334;Wojciech;Michalski;64625562373;DOK708946;55;;59-906;566064835;wojciech.michalski568@gmail.com;1970-12-30;VIP
U00622;RD0008;KL00001335;Jakub;Stepien;97032543629;DOK803125;144;;80-977;503712769;jakub.stepien384@gmail.com;2001-09-23;firmowy
U00249;RD0008;KL00001336;Anna;Kaminska;78064773261;DOK940212;23;16;10-825;844879990;anna.kaminska103@gmail.com;1993-05-10;VIP
U00618;RD0006;KL00001337;Alicja;Kowalski;76282025444;DOK353645;56;;28-706;879282220;alicja.kowalski619@gmail.com;2002-07-16;firmowy
U00137;RD0004;KL00001338;Pawel;Wrobel;65235903574;DOK403138;67;;81-943;571603226;pawel.wrobel330@gmail.com;1971-05-04;VIP
U00386;RD0010;KL00001339;Tomasz;Piotrowski;91000790657;DOK784448;48;;66-484;627107994;tomasz.piotrowski637@gmail.com;2003-04-03;VIP
U00548;RD0006;KL00001340;Zofia;Zajac;29978923264;DOK149004;35;;33-022;808825140;zofia.zajac97@gmail.com;1972-02-08;zwykly
U00632;RD0004;KL00001341;Piotr;Krawczyk;34903836373;DOK641343;72;;37-984;659409019;piotr.krawczyk507@gmail.com;1999-11-26;zwykly
U00538;RD0003;KL00001342;Aleksandra;Michalski;95424571594;DOK109534;173;;51-882;545152832;aleksandra.michalski337@gmail.com;1973-04-15;staly
U00059;RD0008;KL00001343;Marek;Mazur;67224458281;DOK696004;177;5;35-564;618722145;marek.mazur128@gmail.com;1957-01-02;zwykly
U00292;RD0004;KL00001344;Marcin;Mazur;32139377294;DOK911028;111;47;29-935;568870328;marcin.mazur505@gmail.com;1985-07-31;firmowy
U00209;RD0002;KL00001345;Krzysztof;Lewandowski;81837522358;DOK833839;9;26;48-747;756700782;krzysztof.lewandowski29@gmail.com;1985-02-21;zwykly
U00371;RD0001;KL00001346;Pawel;Pawlak;62561982443;DOK936313;9;;50-173;834956409;pawel.pawlak516@gmail.com;1975-09-14;VIP
U00087;RD0001;KL00001347;Wojciech;Dabrowski;77174633624;DOK929513;77;9;73-276;509933523;wojciech.dabrowski692@gmail.com;1999-02-05;firmowy
U00519;RD0003;KL00001348;Magdalena;Jankowski;71967906837;DOK540661;36;;10-862;730693388;magdalena.jankowski851@gmail.com;1965-11-18;zwykly
U00415;RD0004;KL00001349;Anna;Zielinska;82176282258;DOK794534;92;51;61-904;640859974;anna.zielinska969@gmail.com;1983-01-04;zwykly
U00459;RD0005;KL00001350;Julia;Michalski;92957556517;DOK609294;166;7;76-947;616817385;julia.michalski602@gmail.com;2002-07-26;nowy
U00589;RD0009;KL00001351;Marta;Grabowska;47400864965;DOK983020;154;17;86-935;879066139;marta.grabowska519@gmail.com;1984-01-28;zwykly
U00636;RD0006;KL00001352;Mateusz;Zajac;56445207688;DOK114896;73;52;94-212;576730907;mateusz.zajac844@gmail.com;1983-05-17;firmowy
U00131;RD0003;KL00001353;Julia;Lewandowski;43265816901;DOK719160;66;7;26-103;584261070;julia.lewandowski736@gmail.com;1992-04-17;nowy
U00667;RD0002;KL00001354;Marcin;Pawlak;26794307854;DOK445552;158;;53-233;635011133;marcin.pawlak17@gmail.com;1955-04-12;zwykly
U00462;RD0007;KL00001355;Alicja;Wrobel;35235843474;DOK244148;50;34;48-961;767204795;alicja.wrobel308@gmail.com;1966-09-30;VIP
U00473;RD0009;KL00001356;Jakub;Mazur;77414164402;DOK167333;132;34;28-930;569131723;jakub.mazur210@gmail.com;1985-08-22;nowy
U00665;RD0008;KL00001357;Wojciech;Pawlak;53197958905;DOK789191;140;19;18-397;780330662;wojciech.pawlak51@gmail.com;1981-02-27;zwykly
U00262;RD0010;KL00001358;Ewa;Lewandowski;60003872497;DOK520283;79;;83-613;788020587;ewa.lewandowski996@gmail.com;1973-06-11;firmowy
U00333;RD0009;KL00001359;Jan;Wrobel;93510582961;DOK382422;146;25;34-904;864143837;jan.wrobel555@gmail.com;1971-06-07;zwykly
U00158;RD0004;KL00001360;Aleksandra;Piotrowski;14807486594;DOK980185;140;;28-427;544922147;aleksandra.piotrowski394@gmail.com;1982-04-10;VIP
U00429;RD0006;KL00001361;Jan;Wojcik;68010265366;DOK391276;85;;76-969;713995251;jan.wojcik331@gmail.com;1977-04-21;staly
U00103;RD0003;KL00001362;Magdalena;Jankowski;75518719777;DOK551887;71;;16-395;781199505;magdalena.jankowski458@gmail.com;1977-12-21;nowy
U00544;RD0003;KL00001363;Olga;Krawczyk;57491557230;DOK174754;107;;42-332;557182861;olga.krawczyk158@gmail.com;1966-12-01;staly
U00071;RD0009;KL00001364;Julia;Szymanski;94132947930;DOK595252;76;;35-206;784157005;julia.szymanski417@gmail.com;1991-05-14;firmowy
U00239;RD0006;KL00001365;Jan;Nowicka;77948883307;DOK143931;17;;41-418;604145369;jan.nowicka47@gmail.com;1997-05-05;staly
U00158;RD0004;KL00001366;Olga;Szymanski;98101352222;DOK531187;16;;98-340;892625519;olga.szymanski50@gmail.com;1991-10-14;nowy
U00229;RD0001;KL00001367;Ewa;Pawlak;95826843720;DOK914595;72;14;44-684;810518839;ewa.pawlak13@gmail.com;1994-09-25;firmowy
U00622;RD0008;KL00001368;Wojciech;Wisniewski;76985927616;DOK985662;148;9;44-344;582064247;wojciech.wisniewski569@gmail.com;1973-04-15;zwykly
U00399;RD0010;KL00001369;Pawel;Jankowski;79880414139;DOK113822;77;;15-475;609867390;pawel.jankowski363@gmail.com;2006-04-11;firmowy
U00504;RD0005;KL00001370;Damian;Stepien;82962290760;DOK114848;147;;91-654;619599815;damian.stepien587@gmail.com;1972-02-04;zwykly
U00644;RD0009;KL00001371;Jakub;Michalski;27373818711;DOK789817;111;;88-256;645097336;jakub.michalski151@gmail.com;1999-04-12;zwykly
U00093;RD0006;KL00001372;Olga;Zielinska;82633684739;DOK729632;36;;45-625;509428653;olga.zielinska480@gmail.com;1968-01-05;staly
U00233;RD0002;KL00001373;Marek;Nowak;76399491439;DOK399581;137;;56-624;696118754;marek.nowak979@gmail.com;1962-09-26;staly
U00436;RD0005;KL00001374;Piotr;Nowicka;81668984675;DOK856688;41;;74-534;888645570;piotr.nowicka133@gmail.com;1996-04-06;staly
U00533;RD0007;KL00001375;Olga;Wieczorek;81710197212;DOK945132;71;;63-162;631368320;olga.wieczorek663@gmail.com;2007-02-27;VIP
U00032;RD0006;KL00001376;Alicja;Krawczyk;86117865288;DOK495044;160;11;68-430;758001671;alicja.krawczyk300@gmail.com;1990-02-20;VIP
U00198;RD0001;KL00001377;Katarzyna;Piotrowski;63188656299;DOK290624;152;;92-936;865814260;katarzyna.piotrowski89@gmail.com;1980-04-13;zwykly
U00093;RD0008;KL00001378;Olga;Nowicka;81042548810;DOK256847;76;57;58-843;694247313;olga.nowicka842@gmail.com;1978-02-16;nowy
U00638;RD0009;KL00001379;Julia;Krawczyk;40720881232;DOK240003;118;15;93-485;563912933;julia.krawczyk462@gmail.com;1997-07-05;nowy
U00156;RD0003;KL00001380;Mateusz;Kowalski;75403757641;DOK812307;147;;64-323;646422263;mateusz.kowalski894@gmail.com;2003-08-15;nowy
U00459;RD0001;KL00001381;Wojciech;Wieczorek;46731373049;DOK949262;120;38;51-720;639312682;wojciech.wieczorek73@gmail.com;1997-09-04;firmowy
U00322;RD0006;KL00001382;Karolina;Grabowska;88179249787;DOK650325;20;57;79-553;835176685;karolina.grabowska702@gmail.com;1957-09-16;firmowy
U00474;RD0009;KL00001383;Ewa;Lewandowski;57529434878;DOK711514;17;;87-059;799480740;ewa.lewandowski595@gmail.com;1975-08-02;staly
U00643;RD0007;KL00001384;Adam;Krol;62259651374;DOK966935;141;;43-563;774731039;adam.krol454@gmail.com;1982-12-21;VIP
U00160;RD0001;KL00001385;Adam;Kowalski;77367626518;DOK517955;21;;85-408;865748012;adam.kowalski112@gmail.com;1967-04-12;zwykly
U00618;RD0001;KL00001386;Wojciech;Wrobel;83393327846;DOK946494;140;;82-662;789921237;wojciech.wrobel536@gmail.com;1998-10-18;firmowy
U00524;RD0003;KL00001387;Wojciech;Wojcik;96013389754;DOK967717;126;;61-397;884006917;wojciech.wojcik779@gmail.com;1995-07-23;zwykly
U00466;RD0010;KL00001388;Katarzyna;Nowak;40631514223;DOK604415;38;10;59-566;825717100;katarzyna.nowak915@gmail.com;1970-09-19;VIP
U00524;RD0007;KL00001389;Michal;Stepien;51495194929;DOK736980;117;16;50-045;725874008;michal.stepien503@gmail.com;1977-04-25;firmowy
U00424;RD0009;KL00001390;Adam;Krol;43780052004;DOK300287;87;;67-013;761369368;adam.krol453@gmail.com;1971-01-25;zwykly
U00674;RD0004;KL00001391;Damian;Kaminska;53379814120;DOK445264;88;44;50-450;862988700;damian.kaminska927@gmail.com;1957-03-24;staly
U00096;RD0009;KL00001392;Marek;Wieczorek;93659267686;DOK732819;173;15;76-280;881666008;marek.wieczorek842@gmail.com;1974-01-24;staly
U00377;RD0009;KL00001393;Anna;Dabrowski;38077897361;DOK209755;20;;49-909;759521932;anna.dabrowski974@gmail.com;1958-07-01;zwykly
U00233;RD0006;KL00001394;Damian;Kowalczyk;17949261938;DOK308092;103;29;24-332;837039617;damian.kowalczyk769@gmail.com;1981-10-12;nowy
U00039;RD0010;KL00001395;Aleksandra;Wisniewski;72873468401;DOK572209;159;;16-894;576302047;aleksandra.wisniewski238@gmail.com;1998-06-21;staly
U00274;RD0006;KL00001396;Olga;Wieczorek;80550643273;DOK406102;68;;70-588;657541794;olga.wieczorek26@gmail.com;2006-10-21;VIP
U00438;RD0005;KL00001397;Damian;Krawczyk;13497836530;DOK169618;111;;27-627;671421809;damian.krawczyk492@gmail.com;1969-11-17;firmowy
U00214;RD0002;KL00001398;Adam;Wrobel;88834413478;DOK622420;94;;30-615;877581745;adam.wrobel686@gmail.com;1965-01-09;firmowy
U00522;RD0007;KL00001399;Zofia;Wojcik;87145051148;DOK911622;54;9;82-849;547635610;zofia.wojcik340@gmail.com;1993-01-20;staly
U00312;RD0003;KL00001400;Marcin;Wrobel;41038735009;DOK283553;77;;57-070;795273745;marcin.wrobel356@gmail.com;1997-08-27;staly
U00598;RD0007;KL00001401;Weronika;Zielinska;64963112987;DOK125130;120;20;47-813;706319842;weronika.zielinska867@gmail.com;1987-01-18;staly
U00126;RD0006;KL00001402;Tomasz;Kaminska;99090551576;DOK700102;92;42;20-943;836677953;tomasz.kaminska499@gmail.com;1973-03-21;nowy
U00066;RD0008;KL00001403;Katarzyna;Krawczyk;52962288932;DOK113765;42;5;75-680;550489131;katarzyna.krawczyk415@gmail.com;1993-06-01;nowy
U00294;RD0002;KL00001404;Piotr;Wieczorek;51932659923;DOK978472;71;25;99-910;531446472;piotr.wieczorek723@gmail.com;1995-03-16;staly
U00499;RD0008;KL00001405;Weronika;Lewandowski;11236098235;DOK871693;33;47;26-548;717469278;weronika.lewandowski296@gmail.com;2000-03-19;VIP
U00156;RD0007;KL00001406;Pawel;Kowalski;59969431515;DOK885489;8;42;84-393;879610778;pawel.kowalski839@gmail.com;1967-09-27;zwykly
U00426;RD0007;KL00001407;Weronika;Lewandowski;72072670763;DOK229094;154;27;62-445;541854200;weronika.lewandowski2@gmail.com;1964-06-30;staly
U00247;RD0005;KL00001408;Ewa;Mazur;27317615765;DOK931975;33;;99-225;644238355;ewa.mazur629@gmail.com;1995-01-15;nowy
U00214;RD0008;KL00001409;Anna;Wisniewski;70009065192;DOK680624;57;32;55-632;897482795;anna.wisniewski17@gmail.com;1961-05-20;firmowy
U00074;RD0006;KL00001410;Krzysztof;Krol;96542388132;DOK419217;71;8;45-300;514442782;krzysztof.krol632@gmail.com;1966-03-05;VIP
U00065;RD0008;KL00001411;Zofia;Jankowski;67382895546;DOK422090;36;25;16-112;795056453;zofia.jankowski393@gmail.com;1971-10-06;firmowy
U00389;RD0004;KL00001412;Damian;Kowalczyk;87594959546;DOK712951;92;42;58-915;828747831;damian.kowalczyk649@gmail.com;1977-10-14;staly
U00655;RD0003;KL00001413;Mateusz;Kaminska;63423687875;DOK992136;68;20;87-046;514133560;mateusz.kaminska222@gmail.com;1992-04-06;staly
U00343;RD0006;KL00001414;Jan;Kaminska;48519602582;DOK917351;74;17;80-408;758294578;jan.kaminska145@gmail.com;1967-04-16;nowy
U00587;RD0001;KL00001415;Weronika;Zielinska;75715963399;DOK891704;62;5;42-947;693916272;weronika.zielinska283@gmail.com;1980-09-20;zwykly
U00494;RD0005;KL00001416;Natalia;Wrobel;28030156985;DOK474968;24;;99-800;815873486;natalia.wrobel469@gmail.com;1990-10-17;nowy
U00325;RD0004;KL00001417;Krzysztof;Michalski;27452718425;DOK821633;3;;84-329;653230958;krzysztof.michalski250@gmail.com;1984-12-30;firmowy
U00436;RD0002;KL00001418;Wojciech;Krawczyk;37976698764;DOK154282;179;24;74-052;532091213;wojciech.krawczyk103@gmail.com;2004-03-16;nowy
U00088;RD0005;KL00001419;Magdalena;Zielinska;88194734765;DOK188403;84;;18-256;622857517;magdalena.zielinska444@gmail.com;1987-10-04;nowy
U00647;RD0002;KL00001420;Karolina;Kaminska;74487998255;DOK937216;141;;68-099;524340284;karolina.kaminska630@gmail.com;2000-09-08;firmowy
U00328;RD0007;KL00001421;Wojciech;Nowicka;28473480275;DOK446731;117;27;92-561;849877603;wojciech.nowicka858@gmail.com;1955-02-27;VIP
U00673;RD0004;KL00001422;Karolina;Michalski;57554315990;DOK376066;46;13;11-413;517845789;karolina.michalski55@gmail.com;1967-07-27;VIP
U00515;RD0007;KL00001423;Anna;Kaminska;56704671494;DOK778462;177;59;99-019;862538253;anna.kaminska335@gmail.com;1964-05-25;VIP
U00098;RD0002;KL00001424;Julia;Zajac;10658858909;DOK523326;105;;23-322;540473552;julia.zajac263@gmail.com;1976-10-04;nowy
U00020;RD0002;KL00001425;Mateusz;Kowalczyk;67560272701;DOK361985;53;34;28-131;572844493;mateusz.kowalczyk874@gmail.com;1964-04-18;staly
U00328;RD0004;KL00001426;Anna;Nowak;29701471138;DOK293136;171;;57-386;575075033;anna.nowak671@gmail.com;1956-11-15;zwykly
U00629;RD0001;KL00001427;Marta;Zajac;22242101537;DOK219403;54;;49-214;620058918;marta.zajac590@gmail.com;1961-11-16;VIP
U00179;RD0006;KL00001428;Zofia;Wieczorek;79499165627;DOK497234;30;11;41-750;820890356;zofia.wieczorek261@gmail.com;1977-10-31;firmowy
U00342;RD0003;KL00001429;Marta;Dabrowski;49584902537;DOK294689;129;;48-624;737682651;marta.dabrowski439@gmail.com;1955-05-04;VIP
U00525;RD0007;KL00001430;Michal;Michalski;37614057470;DOK380622;45;47;84-973;691453129;michal.michalski254@gmail.com;1984-10-03;firmowy
U00485;RD0004;KL00001431;Wojciech;Wrobel;85474809225;DOK767917;161;;89-483;624582689;wojciech.wrobel365@gmail.com;1982-07-18;zwykly
U00182;RD0007;KL00001432;Jakub;Stepien;58981027643;DOK953618;86;5;44-499;709426214;jakub.stepien984@gmail.com;1965-09-24;staly
U00655;RD0009;KL00001433;Olga;Zielinska;91864562042;DOK536790;107;;44-484;698359798;olga.zielinska225@gmail.com;1971-12-17;firmowy
U00380;RD0003;KL00001434;Mateusz;Stepien;64823900176;DOK555398;82;22;36-574;811685892;mateusz.stepien716@gmail.com;2001-11-30;firmowy
U00591;RD0009;KL00001435;Marek;Wieczorek;56764576530;DOK884269;64;;35-898;879607510;marek.wieczorek774@gmail.com;1981-06-03;firmowy
U00305;RD0002;KL00001436;Mateusz;Kowalczyk;75879450053;DOK185769;41;56;92-714;724598726;mateusz.kowalczyk974@gmail.com;1968-05-16;nowy
U00278;RD0004;KL00001437;Zofia;Kozlowski;67065594930;DOK675174;85;28;41-684;810177791;zofia.kozlowski27@gmail.com;1983-02-07;zwykly
U00552;RD0003;KL00001438;Tomasz;Zajac;88580872393;DOK593238;152;40;87-770;793334991;tomasz.zajac807@gmail.com;1999-09-23;zwykly
U00363;RD0004;KL00001439;Karolina;Wojcik;20737817961;DOK206436;101;33;93-201;872931044;karolina.wojcik473@gmail.com;1961-01-05;zwykly
U00510;RD0004;KL00001440;Zofia;Kowalski;29215614112;DOK497976;16;;31-793;502183413;zofia.kowalski966@gmail.com;1961-06-29;staly
U00434;RD0008;KL00001441;Weronika;Krol;87132999205;DOK846144;5;9;59-749;647692379;weronika.krol588@gmail.com;1969-02-26;zwykly
U00293;RD0007;KL00001442;Marek;Wojcik;39136003056;DOK720917;77;29;60-188;673578273;marek.wojcik658@gmail.com;1973-12-01;VIP
U00649;RD0003;KL00001443;Ewa;Michalski;51672054514;DOK461205;104;;34-612;558457062;ewa.michalski472@gmail.com;1964-06-09;nowy
U00646;RD0005;KL00001444;Olga;Michalski;35818543747;DOK514619;147;;95-081;858506057;olga.michalski113@gmail.com;1967-05-09;firmowy
U00300;RD0010;KL00001445;Marcin;Mazur;20566326450;DOK750559;105;;96-026;721026486;marcin.mazur699@gmail.com;1992-06-22;VIP
U00226;RD0010;KL00001446;Pawel;Kozlowski;14771440456;DOK209973;100;;54-804;806670976;pawel.kozlowski29@gmail.com;1962-09-24;firmowy
U00253;RD0010;KL00001447;Damian;Stepien;46943727963;DOK866909;150;;20-199;621559070;damian.stepien238@gmail.com;1973-07-09;staly
U00682;RD0007;KL00001448;Pawel;Grabowska;78003208290;DOK788695;53;18;78-813;553896938;pawel.grabowska289@gmail.com;1958-02-07;nowy
U00272;RD0002;KL00001449;Weronika;Stepien;17423294347;DOK174615;112;;37-038;539681970;weronika.stepien258@gmail.com;1992-01-18;zwykly
U00011;RD0005;KL00001450;Katarzyna;Mazur;98383305487;DOK844884;152;6;13-048;667262412;katarzyna.mazur672@gmail.com;1965-12-29;zwykly
U00576;RD0007;KL00001451;Marek;Nowicka;69499108786;DOK224853;104;3;19-897;833313318;marek.nowicka617@gmail.com;1957-09-10;VIP
U00125;RD0004;KL00001452;Julia;Kowalczyk;79826792138;DOK878796;85;;43-909;583717682;julia.kowalczyk62@gmail.com;1969-04-04;staly
U00436;RD0001;KL00001453;Pawel;Wisniewski;77411053359;DOK692942;172;;85-102;610278063;pawel.wisniewski943@gmail.com;1991-12-27;firmowy
U00332;RD0008;KL00001454;Anna;Wisniewski;25013111433;DOK313152;35;7;84-698;666127760;anna.wisniewski949@gmail.com;1956-02-08;VIP
U00686;RD0001;KL00001455;Julia;Piotrowski;82726047346;DOK682636;168;;21-122;571146138;julia.piotrowski861@gmail.com;1991-04-25;firmowy
U00325;RD0003;KL00001456;Wojciech;Dabrowski;78327083978;DOK831067;20;39;37-993;734150777;wojciech.dabrowski488@gmail.com;1989-09-17;staly
U00302;RD0007;KL00001457;Magdalena;Mazur;92409780739;DOK175232;62;6;14-940;842068460;magdalena.mazur512@gmail.com;1975-07-12;nowy
U00389;RD0002;KL00001458;Katarzyna;Wrobel;90670040284;DOK400173;44;;29-121;687019571;katarzyna.wrobel291@gmail.com;1958-04-05;zwykly
U00085;RD0006;KL00001459;Marcin;Zielinska;53885095317;DOK153895;106;28;94-189;708593708;marcin.zielinska69@gmail.com;1982-08-31;nowy
U00346;RD0003;KL00001460;Michal;Jankowski;57237512045;DOK284025;168;;49-914;540293121;michal.jankowski3@gmail.com;1964-06-15;staly
U00067;RD0008;KL00001461;Julia;Grabowska;85521628968;DOK726220;158;;77-936;692676549;julia.grabowska437@gmail.com;1981-07-27;nowy
U00584;RD0010;KL00001462;Julia;Nowicka;10250629827;DOK487180;28;41;99-748;682929701;julia.nowicka444@gmail.com;1985-09-20;staly
U00214;RD0006;KL00001463;Marta;Mazur;50823087661;DOK252719;48;;21-466;583785312;marta.mazur400@gmail.com;1982-07-04;VIP
U00371;RD0007;KL00001464;Damian;Wieczorek;11576074022;DOK371571;98;31;12-679;522996021;damian.wieczorek85@gmail.com;1975-01-04;staly
U00006;RD0007;KL00001465;Katarzyna;Zielinska;98086532330;DOK541428;47;;99-524;738950351;katarzyna.zielinska797@gmail.com;1961-12-25;zwykly
U00422;RD0007;KL00001466;Jan;Wieczorek;93930083558;DOK161860;173;;22-497;572786596;jan.wieczorek550@gmail.com;1964-07-29;zwykly
U00173;RD0004;KL00001467;Magdalena;Krawczyk;23363020565;DOK468232;169;;39-146;796467739;magdalena.krawczyk152@gmail.com;1967-04-26;VIP
U00291;RD0001;KL00001468;Weronika;Kowalczyk;46662055752;DOK593923;84;34;34-366;825341456;weronika.kowalczyk606@gmail.com;1995-07-11;staly
U00280;RD0002;KL00001469;Anna;Kowalski;86241292976;DOK380993;116;8;39-381;554642639;anna.kowalski722@gmail.com;1962-11-09;VIP
U00031;RD0006;KL00001470;Natalia;Wrobel;53783927058;DOK917646;114;11;92-543;817853713;natalia.wrobel135@gmail.com;1955-07-10;firmowy
U00655;RD0006;KL00001471;Julia;Wojcik;78532656504;DOK683558;11;30;77-246;515682348;julia.wojcik131@gmail.com;1991-10-11;zwykly
U00308;RD0002;KL00001472;Piotr;Kowalski;51326431633;DOK846895;85;;19-627;678733099;piotr.kowalski893@gmail.com;2006-08-27;VIP
U00098;RD0005;KL00001473;Olga;Nowicka;75661078683;DOK682662;105;19;90-131;795602563;olga.nowicka38@gmail.com;1966-12-05;zwykly
U00691;RD0009;KL00001474;Wojciech;Nowicka;95582971657;DOK334118;6;;54-509;800242584;wojciech.nowicka658@gmail.com;2003-05-05;zwykly
U00476;RD0009;KL00001475;Marta;Zielinska;23511576149;DOK332698;170;58;66-256;628607848;marta.zielinska842@gmail.com;2004-01-12;firmowy
U00015;RD0006;KL00001476;Aleksandra;Michalski;56447155892;DOK679390;83;59;73-803;699759735;aleksandra.michalski607@gmail.com;1993-12-08;staly
U00558;RD0005;KL00001477;Marcin;Kowalski;88110734001;DOK872350;1;39;65-580;842326489;marcin.kowalski51@gmail.com;2001-12-01;staly
U00533;RD0010;KL00001478;Natalia;Kowalczyk;86454724156;DOK549997;4;;16-397;678004631;natalia.kowalczyk431@gmail.com;1986-04-13;VIP
U00280;RD0006;KL00001479;Zofia;Piotrowski;18775611579;DOK518458;82;;63-095;619545427;zofia.piotrowski429@gmail.com;2000-03-05;nowy
U00602;RD0009;KL00001480;Piotr;Dabrowski;27431495066;DOK475090;57;33;45-199;757113186;piotr.dabrowski741@gmail.com;1982-02-11;nowy
U00656;RD0010;KL00001481;Aleksandra;Kaminska;65185517325;DOK410127;69;;73-880;596824689;aleksandra.kaminska331@gmail.com;1955-08-16;nowy
U00189;RD0004;KL00001482;Julia;Wrobel;30375095664;DOK362702;45;;75-004;517131410;julia.wrobel281@gmail.com;1960-06-11;firmowy
U00316;RD0002;KL00001483;Marcin;Kowalczyk;56042677698;DOK458621;64;26;86-110;675894030;marcin.kowalczyk548@gmail.com;1978-01-01;staly
U00599;RD0001;KL00001484;Krzysztof;Dabrowski;33124845746;DOK974613;128;25;11-166;649008744;krzysztof.dabrowski169@gmail.com;1980-02-08;firmowy
U00219;RD0004;KL00001485;Anna;Zielinska;30002345490;DOK750728;87;19;55-185;619314811;anna.zielinska869@gmail.com;1960-08-14;staly
U00143;RD0009;KL00001486;Wojciech;Pawlak;41726386006;DOK148329;72;;27-619;733583596;wojciech.pawlak402@gmail.com;1967-07-05;nowy
U00454;RD0003;KL00001487;Aleksandra;Wisniewski;74850607868;DOK409844;41;54;26-027;662154066;aleksandra.wisniewski90@gmail.com;1982-09-18;firmowy
U00123;RD0006;KL00001488;Weronika;Kaminska;43004663481;DOK719016;46;25;87-214;754927277;weronika.kaminska880@gmail.com;1955-05-04;firmowy
U00364;RD0001;KL00001489;Zofia;Kowalczyk;39940974971;DOK226993;60;33;15-309;785421417;zofia.kowalczyk799@gmail.com;1979-05-20;zwykly
U00047;RD0007;KL00001490;Alicja;Kowalczyk;16807689243;DOK211403;148;;41-216;700613521;alicja.kowalczyk634@gmail.com;1970-05-11;firmowy
U00087;RD0010;KL00001491;Aleksandra;Grabowska;10265403963;DOK160958;166;;84-663;683390602;aleksandra.grabowska441@gmail.com;1961-10-07;firmowy
U00349;RD0007;KL00001492;Marek;Kaminska;47267496930;DOK834017;127;;57-362;821962619;marek.kaminska317@gmail.com;1955-03-03;firmowy
U00147;RD0004;KL00001493;Mateusz;Krol;48656726304;DOK932487;89;14;27-760;625806472;mateusz.krol85@gmail.com;1981-03-15;firmowy
U00078;RD0005;KL00001494;Krzysztof;Pawlak;62963379164;DOK403694;113;54;41-454;506898005;krzysztof.pawlak802@gmail.com;2005-05-13;zwykly
U00362;RD0004;KL00001495;Aleksandra;Dabrowski;94514988455;DOK833268;27;43;67-997;767873487;aleksandra.dabrowski439@gmail.com;1983-08-19;firmowy
U00353;RD0003;KL00001496;Jakub;Nowak;77254177493;DOK779584;108;;13-802;808968482;jakub.nowak164@gmail.com;1992-09-07;zwykly
U00329;RD0008;KL00001497;Marcin;Wieczorek;16646204100;DOK526539;170;;89-061;583687258;marcin.wieczorek136@gmail.com;1971-09-26;zwykly
U00401;RD0008;KL00001498;Marta;Wojcik;85703366643;DOK812772;114;;90-845;756529466;marta.wojcik648@gmail.com;1984-02-05;VIP
U00139;RD0003;KL00001499;Jakub;Zielinska;24973520389;DOK665340;92;5;27-387;841320466;jakub.zielinska530@gmail.com;2004-01-11;staly
U00377;RD0007;KL00001500;Wojciech;Nowicka;20728743210;DOK187164;74;39;49-197;511582159;wojciech.nowicka42@gmail.com;1956-12-19;VIP
U00252;RD0010;KL00001501;Krzysztof;Kozlowski;86245726108;DOK692025;179;;41-719;874355482;krzysztof.kozlowski75@gmail.com;1969-02-05;VIP
U00353;RD0010;KL00001502;Michal;Krawczyk;98728464885;DOK626599;98;;36-129;757025748;michal.krawczyk774@gmail.com;1991-06-07;staly
U00675;RD0009;KL00001503;Katarzyna;Grabowska;77358020497;DOK532783;88;57;53-917;612908951;katarzyna.grabowska942@gmail.com;1990-08-23;VIP
U00101;RD0005;KL00001504;Anna;Wojcik;32991386088;DOK834348;110;;33-441;738970069;anna.wojcik887@gmail.com;1969-12-29;staly
U00500;RD0003;KL00001505;Piotr;Kowalczyk;48626458554;DOK431268;89;;41-500;696189498;piotr.kowalczyk689@gmail.com;1981-09-10;staly
U00629;RD0008;KL00001506;Damian;Mazur;70032595412;DOK372816;136;;47-602;728632111;damian.mazur164@gmail.com;1966-03-17;staly
U00295;RD0006;KL00001507;Olga;Michalski;26451704613;DOK122733;79;;27-322;503121132;olga.michalski982@gmail.com;1983-02-15;nowy
U00429;RD0006;KL00001508;Marek;Michalski;84659749399;DOK450017;29;;96-055;726399226;marek.michalski785@gmail.com;1963-08-08;firmowy
U00505;RD0003;KL00001509;Karolina;Stepien;91697944080;DOK562264;150;17;97-898;644574443;karolina.stepien888@gmail.com;1964-06-04;zwykly
U00113;RD0005;KL00001510;Marek;Michalski;31493607069;DOK254501;51;;73-472;795334761;marek.michalski878@gmail.com;2001-12-04;zwykly
U00505;RD0010;KL00001511;Julia;Jankowski;30947503079;DOK491727;30;19;99-671;527884838;julia.jankowski470@gmail.com;1956-08-25;VIP
U00626;RD0009;KL00001512;Zofia;Wieczorek;19165264247;DOK406818;116;54;28-792;630467940;zofia.wieczorek198@gmail.com;1985-04-06;VIP
U00582;RD0005;KL00001513;Marcin;Nowak;19949962385;DOK852634;102;;66-012;712291724;marcin.nowak202@gmail.com;1982-09-11;VIP
U00533;RD0007;KL00001514;Marta;Kowalczyk;10860974508;DOK218304;18;57;29-027;526312234;marta.kowalczyk913@gmail.com;2003-12-31;nowy
U00275;RD0003;KL00001515;Julia;Nowicka;38102559625;DOK314531;55;;67-691;809375728;julia.nowicka391@gmail.com;1956-07-24;nowy
U00554;RD0010;KL00001516;Alicja;Stepien;76165997043;DOK858940;164;;36-390;504685305;alicja.stepien873@gmail.com;1977-11-01;staly
U00446;RD0010;KL00001517;Aleksandra;Dabrowski;10571577634;DOK689605;95;18;82-732;527916520;aleksandra.dabrowski117@gmail.com;1967-10-12;VIP
U00379;RD0002;KL00001518;Michal;Krol;91209657260;DOK325600;96;;93-992;500490925;michal.krol80@gmail.com;1962-05-15;staly
U00113;RD0008;KL00001519;Julia;Mazur;82583359277;DOK850146;177;42;17-553;526192626;julia.mazur222@gmail.com;1990-08-27;nowy
U00037;RD0005;KL00001520;Mateusz;Wieczorek;96995769012;DOK171447;16;;44-247;534292296;mateusz.wieczorek357@gmail.com;1982-08-09;firmowy
U00078;RD0004;KL00001521;Adam;Kozlowski;56530120248;DOK300206;134;7;45-527;846671630;adam.kozlowski223@gmail.com;1987-06-25;staly
U00361;RD0009;KL00001522;Krzysztof;Kozlowski;35984288775;DOK144106;160;7;61-528;670596720;krzysztof.kozlowski391@gmail.com;1974-03-06;firmowy
U00462;RD0009;KL00001523;Katarzyna;Grabowska;15421382762;DOK195641;156;;69-809;852755306;katarzyna.grabowska106@gmail.com;1982-07-19;nowy
U00573;RD0004;KL00001524;Adam;Stepien;66276229369;DOK197946;28;;59-434;777755045;adam.stepien433@gmail.com;1962-09-05;zwykly
U00482;RD0007;KL00001525;Mateusz;Michalski;59128158336;DOK707274;134;;35-163;722169647;mateusz.michalski68@gmail.com;1987-06-05;zwykly
U00029;RD0006;KL00001526;Ewa;Kozlowski;38073236559;DOK493136;49;;92-552;535956310;ewa.kozlowski603@gmail.com;1978-09-01;firmowy
U00154;RD0009;KL00001527;Jakub;Piotrowski;41652266232;DOK482463;62;38;93-607;773363856;jakub.piotrowski168@gmail.com;1974-03-18;VIP
U00676;RD0003;KL00001528;Tomasz;Mazur;70534404433;DOK914509;180;;81-044;535721154;tomasz.mazur698@gmail.com;1977-06-22;nowy
U00439;RD0009;KL00001529;Michal;Krawczyk;93686911221;DOK318122;2;50;35-006;581403000;michal.krawczyk808@gmail.com;1990-01-28;staly
U00474;RD0003;KL00001530;Pawel;Kaminska;67484910248;DOK721309;144;15;42-324;537383592;pawel.kaminska654@gmail.com;1980-03-30;zwykly
U00129;RD0009;KL00001531;Alicja;Kozlowski;67122310063;DOK211668;62;;79-478;602243529;alicja.kozlowski964@gmail.com;1955-07-10;nowy
U00129;RD0001;KL00001532;Mateusz;Grabowska;72873633557;DOK902711;58;46;31-972;759727535;mateusz.grabowska813@gmail.com;1987-05-02;firmowy
U00119;RD0002;KL00001533;Krzysztof;Zajac;50807612501;DOK247019;82;;71-668;770558411;krzysztof.zajac944@gmail.com;1981-07-14;VIP
U00063;RD0001;KL00001534;Jan;Krol;27536111770;DOK176738;13;46;45-144;603864183;jan.krol303@gmail.com;2000-12-10;staly
U00695;RD0001;KL00001535;Magdalena;Lewandowski;77253376092;DOK989995;178;31;22-775;832346480;magdalena.lewandowski855@gmail.com;2003-06-10;firmowy
U00594;RD0010;KL00001536;Katarzyna;Wrobel;77134190643;DOK213598;97;;88-444;687833416;katarzyna.wrobel791@gmail.com;1982-02-19;firmowy
U00417;RD0005;KL00001537;Damian;Piotrowski;91779149104;DOK739002;175;;40-199;654389078;damian.piotrowski798@gmail.com;1973-02-06;zwykly
U00376;RD0003;KL00001538;Jan;Krol;64436409246;DOK815286;94;;68-639;607530277;jan.krol981@gmail.com;2002-04-07;VIP
U00594;RD0002;KL00001539;Marek;Wisniewski;47624940231;DOK355723;160;30;12-370;872201570;marek.wisniewski292@gmail.com;1987-07-18;VIP
U00117;RD0006;KL00001540;Karolina;Nowak;90060508610;DOK219841;22;22;14-763;876936539;karolina.nowak99@gmail.com;1957-12-26;zwykly
U00156;RD0007;KL00001541;Tomasz;Stepien;10038282607;DOK628397;9;;54-573;806993845;tomasz.stepien735@gmail.com;1969-03-21;staly
U00613;RD0008;KL00001542;Krzysztof;Kozlowski;86723221480;DOK995369;53;;46-519;768646812;krzysztof.kozlowski731@gmail.com;1969-02-01;staly
U00615;RD0003;KL00001543;Magdalena;Wisniewski;49117690053;DOK698165;104;;21-837;635371521;magdalena.wisniewski394@gmail.com;1971-07-02;nowy
U00397;RD0005;KL00001544;Karolina;Wieczorek;10669011302;DOK317756;24;32;98-142;852938769;karolina.wieczorek418@gmail.com;1983-10-21;staly
U00146;RD0005;KL00001545;Marek;Nowicka;84701702139;DOK449251;68;38;31-737;767393913;marek.nowicka686@gmail.com;1963-09-30;staly
U00036;RD0003;KL00001546;Jan;Nowak;83103741201;DOK510122;171;;48-682;702395133;jan.nowak809@gmail.com;1956-03-10;staly
U00025;RD0009;KL00001547;Piotr;Michalski;56238287139;DOK393395;54;32;24-410;849880064;piotr.michalski208@gmail.com;2004-08-26;zwykly
U00203;RD0004;KL00001548;Wojciech;Stepien;62471917938;DOK727334;52;6;17-058;887825830;wojciech.stepien39@gmail.com;1995-02-07;zwykly
U00603;RD0004;KL00001549;Adam;Krol;83297767995;DOK564904;134;;10-828;666281043;adam.krol875@gmail.com;1991-03-08;zwykly
U00660;RD0004;KL00001550;Alicja;Nowicka;48447857035;DOK167600;86;39;33-639;866652132;alicja.nowicka52@gmail.com;1997-04-20;VIP
U00226;RD0008;KL00001551;Anna;Szymanski;67626259365;DOK192820;63;26;31-546;845045437;anna.szymanski26@gmail.com;1989-10-30;zwykly
U00691;RD0007;KL00001552;Marek;Kowalczyk;20822943106;DOK465732;147;;68-915;874417837;marek.kowalczyk263@gmail.com;2007-05-04;firmowy
U00226;RD0002;KL00001553;Jan;Jankowski;14674113919;DOK465797;175;14;96-798;898187415;jan.jankowski251@gmail.com;1955-07-27;nowy
U00208;RD0010;KL00001554;Karolina;Grabowska;93527942414;DOK628312;75;7;81-598;566997185;karolina.grabowska765@gmail.com;1975-12-27;VIP
U00621;RD0004;KL00001555;Marta;Krawczyk;60953406164;DOK779098;8;7;61-831;760823572;marta.krawczyk438@gmail.com;1987-08-05;zwykly
U00491;RD0007;KL00001556;Adam;Grabowska;85294085435;DOK949861;56;;40-442;792458790;adam.grabowska539@gmail.com;2000-03-28;staly
U00671;RD0007;KL00001557;Jan;Wisniewski;99259370991;DOK269308;118;12;85-162;598824752;jan.wisniewski436@gmail.com;1984-05-31;firmowy
U00528;RD0001;KL00001558;Krzysztof;Nowicka;38723824614;DOK569286;165;;60-836;674410383;krzysztof.nowicka174@gmail.com;1967-09-29;nowy
U00693;RD0009;KL00001559;Wojciech;Krol;95759570289;DOK100708;119;;84-247;670720174;wojciech.krol580@gmail.com;1991-06-09;zwykly
U00350;RD0010;KL00001560;Marek;Kozlowski;76471581856;DOK587433;39;;87-856;766290964;marek.kozlowski390@gmail.com;1975-03-03;zwykly
U00571;RD0006;KL00001561;Weronika;Lewandowski;12285786281;DOK432490;8;59;47-127;736661690;weronika.lewandowski112@gmail.com;1981-05-16;staly
U00597;RD0004;KL00001562;Magdalena;Pawlak;21045183446;DOK962941;36;56;55-888;712859494;magdalena.pawlak360@gmail.com;1961-04-25;nowy
U00083;RD0002;KL00001563;Weronika;Piotrowski;80043915208;DOK549346;11;;93-369;523400532;weronika.piotrowski5@gmail.com;2003-11-20;nowy
U00277;RD0010;KL00001564;Alicja;Szymanski;98923028680;DOK289736;134;36;72-357;843303183;alicja.szymanski475@gmail.com;1958-05-22;VIP
U00145;RD0010;KL00001565;Wojciech;Kowalski;10842573576;DOK229489;27;10;53-648;507082809;wojciech.kowalski66@gmail.com;1998-10-22;nowy
U00037;RD0008;KL00001566;Tomasz;Wieczorek;32656970592;DOK699387;6;;92-615;685021582;tomasz.wieczorek153@gmail.com;1967-04-30;VIP
U00418;RD0010;KL00001567;Zofia;Lewandowski;96410731485;DOK688034;5;;15-013;767616632;zofia.lewandowski655@gmail.com;1968-04-22;zwykly
U00177;RD0007;KL00001568;Marek;Szymanski;28998678488;DOK372170;180;29;56-244;752100368;marek.szymanski968@gmail.com;2004-12-31;staly
U00335;RD0008;KL00001569;Jan;Stepien;21555092197;DOK945948;165;20;60-968;856130799;jan.stepien985@gmail.com;1995-08-31;staly
U00508;RD0005;KL00001570;Karolina;Wrobel;84648375911;DOK616892;54;;48-259;700079817;karolina.wrobel225@gmail.com;1972-04-23;staly
U00288;RD0007;KL00001571;Ewa;Wisniewski;68649137286;DOK675639;138;27;55-949;776012499;ewa.wisniewski204@gmail.com;2000-05-03;staly
U00304;RD0009;KL00001572;Adam;Lewandowski;97416215469;DOK673605;110;55;63-852;765495242;adam.lewandowski222@gmail.com;1984-07-18;firmowy
U00321;RD0004;KL00001573;Julia;Nowicka;10662530809;DOK795201;118;;77-482;502456410;julia.nowicka947@gmail.com;1989-07-24;nowy
U00163;RD0007;KL00001574;Julia;Zielinska;85634734944;DOK329054;169;17;48-249;891271625;julia.zielinska441@gmail.com;1995-08-19;staly
U00365;RD0001;KL00001575;Weronika;Nowak;52049643542;DOK434629;16;;14-610;593881788;weronika.nowak545@gmail.com;1973-04-25;firmowy
U00009;RD0001;KL00001576;Krzysztof;Kaminska;37736407631;DOK393983;45;49;87-776;605307779;krzysztof.kaminska581@gmail.com;1958-02-09;firmowy
U00502;RD0003;KL00001577;Krzysztof;Zielinska;55484951318;DOK382739;163;23;95-643;868092167;krzysztof.zielinska5@gmail.com;1971-06-13;nowy
U00432;RD0003;KL00001578;Jan;Wisniewski;84453612390;DOK468222;29;;96-135;869972593;jan.wisniewski714@gmail.com;1998-04-13;zwykly
U00024;RD0003;KL00001579;Julia;Kozlowski;87135127754;DOK198789;80;;39-905;534751755;julia.kozlowski143@gmail.com;1986-07-29;nowy
U00689;RD0004;KL00001580;Michal;Wrobel;43605388213;DOK887057;126;54;52-192;542235289;michal.wrobel817@gmail.com;2004-02-07;zwykly
U00245;RD0006;KL00001581;Katarzyna;Kowalczyk;12474349799;DOK388118;43;;33-906;747346679;katarzyna.kowalczyk837@gmail.com;1972-12-23;VIP
U00692;RD0007;KL00001582;Weronika;Krawczyk;35366552258;DOK945282;171;;98-052;781090888;weronika.krawczyk373@gmail.com;1988-09-29;VIP
U00568;RD0006;KL00001583;Adam;Lewandowski;50151766312;DOK458845;21;;65-041;824070586;adam.lewandowski844@gmail.com;1997-08-02;zwykly
U00332;RD0002;KL00001584;Mateusz;Zielinska;74761202528;DOK797892;78;;55-320;867360971;mateusz.zielinska226@gmail.com;2001-11-11;firmowy
U00428;RD0003;KL00001585;Marcin;Nowak;33510248571;DOK670232;28;;35-253;737437526;marcin.nowak257@gmail.com;1981-03-20;zwykly
U00684;RD0006;KL00001586;Marek;Wisniewski;77991287947;DOK492746;109;49;31-779;728385950;marek.wisniewski264@gmail.com;1961-11-27;VIP
U00030;RD0009;KL00001587;Damian;Krawczyk;79825596451;DOK224285;131;42;66-401;585783254;damian.krawczyk15@gmail.com;1995-02-03;nowy
U00585;RD0004;KL00001588;Anna;Krawczyk;91964452670;DOK972685;111;;40-945;832036650;anna.krawczyk613@gmail.com;1977-11-12;zwykly
U00506;RD0001;KL00001589;Karolina;Zajac;54284397030;DOK134064;85;53;85-552;576685925;karolina.zajac940@gmail.com;1963-07-05;firmowy
U00693;RD0002;KL00001590;Krzysztof;Zielinska;35544931504;DOK897535;56;;39-847;785086914;krzysztof.zielinska942@gmail.com;1992-11-02;nowy
U00515;RD0006;KL00001591;Anna;Dabrowski;97152412640;DOK259649;15;;87-835;630079305;anna.dabrowski411@gmail.com;1975-04-07;staly
U00149;RD0009;KL00001592;Anna;Wrobel;43167248413;DOK212267;64;;70-370;699224976;anna.wrobel453@gmail.com;1980-10-06;firmowy
U00625;RD0002;KL00001593;Alicja;Krol;50077350961;DOK719152;7;41;43-198;545677453;alicja.krol534@gmail.com;2003-02-16;VIP
U00255;RD0007;KL00001594;Wojciech;Dabrowski;95396544438;DOK490607;58;6;14-702;850670086;wojciech.dabrowski877@gmail.com;1965-09-01;nowy
U00122;RD0002;KL00001595;Magdalena;Grabowska;11377367036;DOK527819;38;8;96-958;751094243;magdalena.grabowska620@gmail.com;1963-08-11;firmowy
U00066;RD0008;KL00001596;Olga;Kozlowski;79414074750;DOK216961;110;;88-085;899238292;olga.kozlowski55@gmail.com;2004-10-02;nowy
U00634;RD0003;KL00001597;Magdalena;Zielinska;23558055993;DOK722543;141;;82-921;540542350;magdalena.zielinska806@gmail.com;1976-12-05;firmowy
U00472;RD0007;KL00001598;Pawel;Wrobel;77766054304;DOK219441;7;;82-526;866384679;pawel.wrobel463@gmail.com;1988-02-29;zwykly
U00300;RD0006;KL00001599;Krzysztof;Wieczorek;95257002047;DOK876454;159;6;57-884;605493390;krzysztof.wieczorek58@gmail.com;1972-04-21;staly
U00011;RD0003;KL00001600;Jakub;Nowak;27205116735;DOK913814;166;;76-249;800895380;jakub.nowak507@gmail.com;1992-10-06;nowy
U00318;RD0006;KL00001601;Anna;Lewandowski;18076676395;DOK278363;153;;61-463;712923445;anna.lewandowski49@gmail.com;1971-03-07;zwykly
U00620;RD0004;KL00001602;Michal;Kowalski;67007712977;DOK818111;177;;54-304;835777180;michal.kowalski71@gmail.com;1991-07-05;VIP
U00555;RD0009;KL00001603;Zofia;Krawczyk;14708393418;DOK179185;63;43;26-457;592622664;zofia.krawczyk74@gmail.com;1958-04-19;staly
U00251;RD0005;KL00001604;Katarzyna;Zielinska;15906855450;DOK205434;140;;29-002;552903293;katarzyna.zielinska241@gmail.com;1991-06-08;nowy
U00242;RD0003;KL00001605;Alicja;Jankowski;21730432195;DOK888802;173;;25-741;842080671;alicja.jankowski421@gmail.com;1970-02-15;firmowy
U00551;RD0010;KL00001606;Jan;Zielinska;21511462487;DOK780014;180;;41-755;704212602;jan.zielinska615@gmail.com;1955-11-10;firmowy
U00607;RD0005;KL00001607;Ewa;Nowicka;77207717170;DOK549221;124;;15-023;689831214;ewa.nowicka133@gmail.com;1960-07-01;staly
U00103;RD0001;KL00001608;Marcin;Stepien;78575696699;DOK109264;117;;40-275;800985193;marcin.stepien374@gmail.com;1956-11-16;nowy
U00107;RD0003;KL00001609;Aleksandra;Kozlowski;71060225411;DOK106731;136;;24-903;813608214;aleksandra.kozlowski772@gmail.com;1960-06-23;nowy
U00312;RD0006;KL00001610;Michal;Wieczorek;67395231218;DOK734921;121;;60-352;681694047;michal.wieczorek399@gmail.com;1962-10-26;nowy
U00439;RD0008;KL00001611;Alicja;Piotrowski;40400840859;DOK560524;115;52;24-704;862779589;alicja.piotrowski514@gmail.com;1989-01-21;firmowy
U00436;RD0004;KL00001612;Damian;Kowalczyk;59755711406;DOK520260;28;;61-783;704914378;damian.kowalczyk946@gmail.com;2007-10-31;firmowy
U00026;RD0006;KL00001613;Weronika;Zielinska;75985542860;DOK317551;118;;79-866;781724572;weronika.zielinska490@gmail.com;2005-11-11;staly
U00144;RD0004;KL00001614;Anna;Kaminska;98851665982;DOK852235;74;5;48-304;709907025;anna.kaminska908@gmail.com;1980-12-11;VIP
U00210;RD0004;KL00001615;Magdalena;Krawczyk;48658349836;DOK813007;29;;68-426;551948874;magdalena.krawczyk701@gmail.com;1975-04-17;VIP
U00105;RD0006;KL00001616;Wojciech;Wrobel;49451717713;DOK636198;59;;60-544;895739343;wojciech.wrobel432@gmail.com;1969-02-06;firmowy
U00028;RD0005;KL00001617;Michal;Grabowska;54617400784;DOK495426;138;25;85-522;759328116;michal.grabowska950@gmail.com;1956-06-27;VIP
U00573;RD0004;KL00001618;Tomasz;Pawlak;10012841575;DOK391822;139;;97-617;843971293;tomasz.pawlak234@gmail.com;1982-04-29;VIP
U00353;RD0010;KL00001619;Marcin;Wisniewski;35664704144;DOK883097;38;46;86-116;855043813;marcin.wisniewski660@gmail.com;1966-05-30;firmowy
U00338;RD0010;KL00001620;Anna;Mazur;45317748872;DOK167542;12;4;58-760;868073999;anna.mazur149@gmail.com;1994-05-27;zwykly
U00463;RD0003;KL00001621;Piotr;Pawlak;79270445768;DOK264498;72;;76-197;510964114;piotr.pawlak90@gmail.com;1991-07-05;zwykly
U00598;RD0007;KL00001622;Krzysztof;Stepien;17095301550;DOK989173;123;;67-538;829006292;krzysztof.stepien747@gmail.com;2004-06-26;nowy
U00591;RD0008;KL00001623;Wojciech;Szymanski;52496081543;DOK709888;158;;86-058;669502941;wojciech.szymanski166@gmail.com;1964-03-05;zwykly
U00114;RD0005;KL00001624;Magdalena;Wojcik;59037827454;DOK641887;25;35;94-104;505053651;magdalena.wojcik444@gmail.com;1960-03-28;firmowy
U00321;RD0007;KL00001625;Pawel;Wieczorek;43765188476;DOK199313;105;;22-172;820177829;pawel.wieczorek473@gmail.com;1979-12-10;staly
U00425;RD0002;KL00001626;Krzysztof;Kaminska;93402047520;DOK419908;156;;72-935;800944983;krzysztof.kaminska520@gmail.com;1959-11-01;zwykly
U00539;RD0010;KL00001627;Mateusz;Lewandowski;90093710853;DOK713676;14;;31-714;525426817;mateusz.lewandowski117@gmail.com;2006-12-18;VIP
U00512;RD0002;KL00001628;Wojciech;Kowalski;59365287351;DOK297682;175;8;59-227;871006316;wojciech.kowalski200@gmail.com;1983-09-09;zwykly
U00079;RD0008;KL00001629;Olga;Zielinska;55212619955;DOK380767;149;;15-317;870036725;olga.zielinska617@gmail.com;1958-10-30;VIP
U00168;RD0010;KL00001630;Magdalena;Wrobel;58515321535;DOK640948;86;22;98-431;625853287;magdalena.wrobel697@gmail.com;1995-09-03;nowy
U00157;RD0008;KL00001631;Weronika;Wojcik;48013086509;DOK868100;56;10;28-932;672956528;weronika.wojcik796@gmail.com;1978-04-11;zwykly
U00072;RD0010;KL00001632;Krzysztof;Szymanski;53741046970;DOK684739;18;54;42-852;764962449;krzysztof.szymanski889@gmail.com;1983-08-25;VIP
U00187;RD0004;KL00001633;Katarzyna;Stepien;23045201479;DOK830032;139;;83-612;640187812;katarzyna.stepien367@gmail.com;1972-07-27;zwykly
U00569;RD0005;KL00001634;Pawel;Zajac;41432026790;DOK198373;81;;16-617;630116804;pawel.zajac9@gmail.com;2007-07-10;firmowy
U00534;RD0006;KL00001635;Aleksandra;Mazur;16965416414;DOK782216;151;;94-313;694541866;aleksandra.mazur904@gmail.com;1994-06-03;nowy
U00645;RD0005;KL00001636;Krzysztof;Kowalczyk;83152357353;DOK885654;157;12;99-110;747445012;krzysztof.kowalczyk496@gmail.com;1998-04-14;VIP
U00096;RD0007;KL00001637;Jakub;Wieczorek;80439439690;DOK167498;18;14;89-481;603137985;jakub.wieczorek957@gmail.com;1984-03-06;firmowy
U00140;RD0002;KL00001638;Jan;Grabowska;35425698031;DOK420476;34;42;31-752;645155311;jan.grabowska97@gmail.com;2001-11-03;nowy
U00236;RD0001;KL00001639;Adam;Zajac;43983339108;DOK293805;61;;49-923;507739544;adam.zajac97@gmail.com;1992-01-15;zwykly
U00298;RD0005;KL00001640;Wojciech;Dabrowski;49377101512;DOK897734;142;18;29-685;858712027;wojciech.dabrowski32@gmail.com;1965-09-15;staly
U00008;RD0010;KL00001641;Zofia;Jankowski;71450890282;DOK531334;90;6;25-684;895050349;zofia.jankowski528@gmail.com;1983-12-23;zwykly
U00281;RD0001;KL00001642;Jakub;Krawczyk;51128427028;DOK208055;80;;34-635;789454867;jakub.krawczyk635@gmail.com;2003-02-02;zwykly
U00040;RD0006;KL00001643;Pawel;Piotrowski;29912703140;DOK414658;84;44;91-638;529958762;pawel.piotrowski521@gmail.com;1967-03-10;firmowy
U00073;RD0001;KL00001644;Piotr;Wrobel;38531486075;DOK433768;99;;44-185;810261564;piotr.wrobel608@gmail.com;1966-12-09;zwykly
U00248;RD0008;KL00001645;Wojciech;Kaminska;67473554463;DOK711410;170;28;86-177;590130400;wojciech.kaminska584@gmail.com;1978-08-12;VIP
U00393;RD0002;KL00001646;Zofia;Pawlak;46802205260;DOK197376;17;35;34-623;863358149;zofia.pawlak17@gmail.com;1997-04-07;VIP
U00130;RD0005;KL00001647;Olga;Dabrowski;98706987549;DOK256024;76;;64-689;595388362;olga.dabrowski525@gmail.com;2005-09-04;VIP
U00196;RD0004;KL00001648;Michal;Krawczyk;52116249267;DOK807312;133;15;40-263;612037952;michal.krawczyk484@gmail.com;1980-03-29;zwykly
U00391;RD0007;KL00001649;Ewa;Nowicka;95480714880;DOK366759;10;50;56-831;654602776;ewa.nowicka180@gmail.com;1974-05-06;VIP
U00181;RD0007;KL00001650;Ewa;Pawlak;95657868351;DOK240038;142;;12-460;644412136;ewa.pawlak210@gmail.com;1978-02-20;zwykly
U00168;RD0009;KL00001651;Mateusz;Jankowski;82739337546;DOK946159;160;39;44-900;757485553;mateusz.jankowski864@gmail.com;1997-12-23;zwykly
U00438;RD0010;KL00001652;Zofia;Michalski;50466964692;DOK442631;54;;22-859;752503328;zofia.michalski415@gmail.com;1977-04-30;zwykly
U00128;RD0009;KL00001653;Michal;Piotrowski;38016216336;DOK104750;10;52;85-348;647085837;michal.piotrowski140@gmail.com;1992-06-17;nowy
U00282;RD0005;KL00001654;Krzysztof;Lewandowski;98521511976;DOK521491;171;;65-440;741577887;krzysztof.lewandowski604@gmail.com;1991-09-03;nowy
U00468;RD0001;KL00001655;Mateusz;Szymanski;70586920586;DOK834296;165;;65-598;527643623;mateusz.szymanski88@gmail.com;1972-10-01;nowy
U00083;RD0001;KL00001656;Krzysztof;Wisniewski;46608580963;DOK934789;115;;60-491;692466388;krzysztof.wisniewski429@gmail.com;1984-05-28;staly
U00347;RD0002;KL00001657;Jan;Wieczorek;68004320108;DOK120974;176;;72-678;657051478;jan.wieczorek268@gmail.com;1993-04-23;VIP
U00213;RD0006;KL00001658;Pawel;Dabrowski;89177452930;DOK642242;84;;45-331;508932910;pawel.dabrowski662@gmail.com;1977-10-21;firmowy
U00591;RD0004;KL00001659;Karolina;Stepien;55030466730;DOK425967;12;;43-922;595534929;karolina.stepien815@gmail.com;1993-03-05;firmowy
U00550;RD0010;KL00001660;Piotr;Grabowska;24799180008;DOK415267;9;22;17-882;866408429;piotr.grabowska880@gmail.com;1971-05-20;nowy
U00503;RD0007;KL00001661;Jakub;Stepien;34672732467;DOK892272;97;20;75-808;538302970;jakub.stepien645@gmail.com;1982-12-27;VIP
U00295;RD0010;KL00001662;Adam;Wieczorek;69050023718;DOK686455;14;13;51-524;688331073;adam.wieczorek227@gmail.com;1956-04-15;zwykly
U00145;RD0008;KL00001663;Jan;Wisniewski;89668514392;DOK495703;154;;88-664;611881878;jan.wisniewski2@gmail.com;2006-08-28;staly
U00378;RD0003;KL00001664;Wojciech;Nowicka;72232897345;DOK467293;135;;70-049;616090222;wojciech.nowicka397@gmail.com;1977-04-16;firmowy
U00199;RD0007;KL00001665;Marek;Nowak;45285870533;DOK418813;175;;90-609;638601267;marek.nowak413@gmail.com;1989-08-13;nowy
U00251;RD0004;KL00001666;Tomasz;Zajac;83465207725;DOK175433;173;13;38-379;736085989;tomasz.zajac696@gmail.com;1983-09-11;zwykly
U00049;RD0008;KL00001667;Magdalena;Stepien;43856348155;DOK978914;32;20;45-887;691839032;magdalena.stepien473@gmail.com;1986-05-29;firmowy
U00424;RD0003;KL00001668;Alicja;Wrobel;41731751730;DOK511475;114;45;15-521;829774679;alicja.wrobel924@gmail.com;1992-09-19;nowy
U00272;RD0008;KL00001669;Magdalena;Grabowska;60932686433;DOK743066;70;42;40-963;653147645;magdalena.grabowska860@gmail.com;1989-03-11;staly
U00363;RD0004;KL00001670;Marek;Michalski;75455413849;DOK508203;120;;70-288;513433684;marek.michalski272@gmail.com;1965-03-24;zwykly
U00479;RD0006;KL00001671;Magdalena;Krawczyk;49000523944;DOK725761;114;;48-090;540819023;magdalena.krawczyk325@gmail.com;2006-05-03;firmowy
U00668;RD0004;KL00001672;Damian;Lewandowski;91859478085;DOK716940;15;42;15-584;649122990;damian.lewandowski757@gmail.com;1957-04-12;firmowy
U00366;RD0009;KL00001673;Natalia;Mazur;40709081169;DOK881047;75;22;41-537;679063730;natalia.mazur671@gmail.com;1999-09-22;firmowy
U00351;RD0003;KL00001674;Natalia;Zielinska;39694493790;DOK809711;34;28;14-646;866971829;natalia.zielinska938@gmail.com;2000-09-01;zwykly
U00478;RD0001;KL00001675;Anna;Szymanski;18927868518;DOK162841;63;38;95-370;726245583;anna.szymanski80@gmail.com;1960-05-09;nowy
U00514;RD0010;KL00001676;Marcin;Krol;18935034361;DOK674219;27;21;74-220;740422609;marcin.krol807@gmail.com;1973-10-29;firmowy
U00320;RD0005;KL00001677;Karolina;Wisniewski;72149825334;DOK545697;24;49;92-418;774406388;karolina.wisniewski499@gmail.com;2000-07-09;zwykly
U00473;RD0010;KL00001678;Michal;Zajac;63307453637;DOK803819;167;54;59-560;579060269;michal.zajac726@gmail.com;1996-10-15;zwykly
U00137;RD0006;KL00001679;Ewa;Jankowski;54685338246;DOK729563;151;;77-657;832228698;ewa.jankowski70@gmail.com;1973-10-18;VIP
U00238;RD0001;KL00001680;Marcin;Zielinska;34610141146;DOK702146;48;;46-875;509314217;marcin.zielinska324@gmail.com;1973-12-07;firmowy
U00639;RD0009;KL00001681;Marta;Zielinska;33288734458;DOK263122;18;;55-068;616115222;marta.zielinska897@gmail.com;1961-01-02;nowy
U00034;RD0005;KL00001682;Tomasz;Mazur;50735847030;DOK572978;63;;85-858;548473366;tomasz.mazur260@gmail.com;1985-11-17;nowy
U00268;RD0008;KL00001683;Jakub;Kaminska;10550624593;DOK297108;84;19;23-017;860883387;jakub.kaminska171@gmail.com;2004-02-18;VIP
U00493;RD0004;KL00001684;Olga;Nowicka;60845122960;DOK186074;138;44;99-772;718123811;olga.nowicka424@gmail.com;1976-02-07;firmowy
U00098;RD0004;KL00001685;Magdalena;Dabrowski;20163906468;DOK630036;173;;28-363;776014318;magdalena.dabrowski383@gmail.com;1968-04-23;staly
U00548;RD0002;KL00001686;Karolina;Kozlowski;37269871737;DOK752215;135;24;91-171;872463035;karolina.kozlowski122@gmail.com;1988-04-10;nowy
U00352;RD0010;KL00001687;Aleksandra;Kozlowski;95069262568;DOK160697;148;46;96-812;540789424;aleksandra.kozlowski939@gmail.com;1966-08-16;nowy
U00370;RD0009;KL00001688;Tomasz;Kozlowski;62014639878;DOK583095;89;12;37-550;610345235;tomasz.kozlowski966@gmail.com;1961-08-10;nowy
U00546;RD0010;KL00001689;Zofia;Dabrowski;83408291916;DOK851280;11;13;78-066;638620568;zofia.dabrowski887@gmail.com;1981-03-18;VIP
U00622;RD0003;KL00001690;Michal;Kowalczyk;23559152457;DOK822612;156;37;69-762;630010110;michal.kowalczyk782@gmail.com;1958-07-17;nowy
U00178;RD0002;KL00001691;Ewa;Wojcik;55161625864;DOK262254;121;19;21-089;658765041;ewa.wojcik742@gmail.com;1982-04-30;zwykly
U00086;RD0006;KL00001692;Pawel;Zielinska;99690315246;DOK473668;93;;16-975;533700355;pawel.zielinska329@gmail.com;1970-03-17;zwykly
U00315;RD0005;KL00001693;Pawel;Nowak;70173620274;DOK562370;137;;22-915;525475936;pawel.nowak632@gmail.com;2005-05-20;firmowy
U00563;RD0005;KL00001694;Natalia;Krol;54293405390;DOK578799;105;46;65-243;663974754;natalia.krol334@gmail.com;1975-08-29;zwykly
U00189;RD0010;KL00001695;Olga;Pawlak;25423279950;DOK248225;105;55;86-273;683203551;olga.pawlak157@gmail.com;1958-09-30;firmowy
U00085;RD0010;KL00001696;Julia;Wrobel;26336730259;DOK124020;108;59;98-766;705323739;julia.wrobel657@gmail.com;1980-11-23;nowy
U00061;RD0009;KL00001697;Piotr;Kowalski;29913393565;DOK267811;171;;25-414;787519730;piotr.kowalski145@gmail.com;1983-05-28;nowy
U00086;RD0008;KL00001698;Marek;Kowalczyk;64279953872;DOK278781;167;54;89-582;704793989;marek.kowalczyk978@gmail.com;1964-12-08;zwykly
U00647;RD0005;KL00001699;Adam;Lewandowski;89442160432;DOK938473;23;1;54-582;623692135;adam.lewandowski143@gmail.com;2000-01-20;staly
U00136;RD0009;KL00001700;Magdalena;Kowalczyk;72823763418;DOK151544;52;;13-047;846490280;magdalena.kowalczyk677@gmail.com;1986-07-12;staly
U00631;RD0008;KL00001701;Weronika;Kozlowski;30336739159;DOK366431;49;8;28-624;687715927;weronika.kozlowski91@gmail.com;1975-02-03;staly
U00046;RD0006;KL00001702;Alicja;Stepien;12759599591;DOK840815;38;34;61-016;704066428;alicja.stepien45@gmail.com;1974-08-08;nowy
U00187;RD0005;KL00001703;Jan;Kaminska;65889523462;DOK921219;92;57;71-269;742212092;jan.kaminska978@gmail.com;1982-02-28;nowy
U00594;RD0001;KL00001704;Jakub;Nowak;96257681818;DOK627094;150;28;60-986;869265559;jakub.nowak266@gmail.com;1968-11-24;zwykly
U00338;RD0006;KL00001705;Katarzyna;Mazur;40642604033;DOK639831;144;;75-948;774045979;katarzyna.mazur454@gmail.com;2004-07-16;firmowy
U00629;RD0010;KL00001706;Natalia;Krawczyk;43627824072;DOK177666;53;;16-426;847438335;natalia.krawczyk132@gmail.com;1964-05-24;nowy
U00101;RD0004;KL00001707;Jan;Wisniewski;63927663382;DOK109564;72;;85-283;857238812;jan.wisniewski772@gmail.com;1985-06-07;zwykly
U00631;RD0001;KL00001708;Damian;Michalski;79639970078;DOK117486;54;;42-877;779739487;damian.michalski601@gmail.com;2007-01-29;staly
U00574;RD0003;KL00001709;Ewa;Zielinska;51100851959;DOK423003;19;49;25-265;746746644;ewa.zielinska829@gmail.com;1993-05-03;zwykly
U00316;RD0008;KL00001710;Natalia;Zielinska;83564826091;DOK350996;151;;21-980;894823759;natalia.zielinska419@gmail.com;1987-04-10;VIP
U00578;RD0006;KL00001711;Wojciech;Nowak;43194568956;DOK232219;169;32;11-827;798818694;wojciech.nowak262@gmail.com;1989-09-28;nowy
U00542;RD0007;KL00001712;Tomasz;Wieczorek;62964371345;DOK822224;170;;31-376;856231463;tomasz.wieczorek962@gmail.com;2000-01-29;nowy
U00163;RD0009;KL00001713;Marta;Kaminska;35367078527;DOK851728;138;49;24-539;617217060;marta.kaminska158@gmail.com;1971-09-15;staly
U00448;RD0009;KL00001714;Pawel;Nowak;55158313609;DOK547840;138;44;64-496;719850901;pawel.nowak655@gmail.com;1988-09-12;nowy
U00409;RD0005;KL00001715;Jan;Krol;42434150201;DOK602928;69;37;51-850;808615660;jan.krol487@gmail.com;1977-10-11;VIP
U00366;RD0004;KL00001716;Piotr;Zielinska;55000845881;DOK461352;176;22;86-643;585169587;piotr.zielinska946@gmail.com;1989-03-23;nowy
U00551;RD0008;KL00001717;Magdalena;Szymanski;48505962239;DOK191211;176;;91-298;782696545;magdalena.szymanski396@gmail.com;2001-07-16;VIP
U00331;RD0002;KL00001718;Karolina;Piotrowski;25684849994;DOK928279;158;28;42-342;620269686;karolina.piotrowski275@gmail.com;1996-09-21;firmowy
U00074;RD0006;KL00001719;Natalia;Kozlowski;99243621037;DOK557001;80;40;61-451;784213240;natalia.kozlowski614@gmail.com;1984-01-16;VIP
U00052;RD0010;KL00001720;Ewa;Kowalski;39873272909;DOK468010;130;4;24-405;602902721;ewa.kowalski858@gmail.com;1957-07-24;zwykly
U00336;RD0010;KL00001721;Damian;Zajac;97941173307;DOK770356;40;;45-148;567781401;damian.zajac537@gmail.com;1974-02-08;nowy
U00221;RD0005;KL00001722;Olga;Zajac;34052686137;DOK602894;98;;16-581;837385529;olga.zajac533@gmail.com;2007-02-23;staly
U00051;RD0002;KL00001723;Karolina;Wieczorek;99354494113;DOK630737;9;;36-201;661067770;karolina.wieczorek567@gmail.com;1955-05-05;zwykly
U00450;RD0004;KL00001724;Jakub;Zielinska;82503962604;DOK518520;103;32;23-950;685714686;jakub.zielinska335@gmail.com;1972-10-10;staly
U00354;RD0004;KL00001725;Karolina;Kowalski;29695734553;DOK512038;11;28;72-876;643518202;karolina.kowalski954@gmail.com;2005-11-19;firmowy
U00142;RD0008;KL00001726;Wojciech;Stepien;14879224678;DOK759686;86;26;99-873;660477441;wojciech.stepien640@gmail.com;1994-01-07;zwykly
U00157;RD0009;KL00001727;Katarzyna;Krol;67333622211;DOK566036;161;10;74-373;896137188;katarzyna.krol44@gmail.com;1966-08-14;zwykly
U00665;RD0004;KL00001728;Natalia;Kozlowski;42457423508;DOK120562;173;;53-895;671812433;natalia.kozlowski563@gmail.com;1964-06-10;zwykly
U00187;RD0007;KL00001729;Alicja;Mazur;36885729090;DOK736842;95;;92-524;643341815;alicja.mazur296@gmail.com;2005-12-05;firmowy
U00575;RD0010;KL00001730;Jan;Piotrowski;20064800073;DOK798670;145;7;87-516;534721638;jan.piotrowski468@gmail.com;1987-11-20;staly
U00157;RD0010;KL00001731;Natalia;Wisniewski;49845858069;DOK200639;79;11;53-210;860876213;natalia.wisniewski103@gmail.com;1984-03-22;staly
U00183;RD0009;KL00001732;Aleksandra;Pawlak;43328748475;DOK642480;165;;83-487;646089717;aleksandra.pawlak451@gmail.com;1985-04-12;firmowy
U00327;RD0010;KL00001733;Natalia;Mazur;18151377430;DOK604793;5;;48-742;828971441;natalia.mazur270@gmail.com;1999-02-21;VIP
U00228;RD0007;KL00001734;Wojciech;Dabrowski;76731093545;DOK789168;127;;62-819;802621946;wojciech.dabrowski179@gmail.com;1964-08-02;zwykly
U00628;RD0001;KL00001735;Mateusz;Szymanski;63630727858;DOK827642;62;;24-354;613016190;mateusz.szymanski369@gmail.com;1995-05-28;firmowy
U00053;RD0001;KL00001736;Krzysztof;Wojcik;23356445661;DOK449202;165;;68-879;622791066;krzysztof.wojcik785@gmail.com;1974-07-31;nowy
U00680;RD0002;KL00001737;Michal;Zielinska;47191252266;DOK827957;138;;32-360;696109503;michal.zielinska480@gmail.com;1989-01-21;staly
U00107;RD0004;KL00001738;Tomasz;Szymanski;45831231953;DOK779642;163;;22-402;786671478;tomasz.szymanski337@gmail.com;1999-02-22;staly
U00635;RD0006;KL00001739;Krzysztof;Lewandowski;40716097064;DOK251589;138;;57-357;796721944;krzysztof.lewandowski19@gmail.com;2007-10-03;nowy
U00498;RD0010;KL00001740;Olga;Jankowski;59339721561;DOK625950;26;26;15-159;785026400;olga.jankowski792@gmail.com;1972-11-11;zwykly
U00421;RD0003;KL00001741;Damian;Lewandowski;36793449807;DOK877690;168;41;48-454;501009831;damian.lewandowski308@gmail.com;1956-03-29;firmowy
U00411;RD0010;KL00001742;Katarzyna;Szymanski;97808838260;DOK851113;25;;73-685;816682549;katarzyna.szymanski501@gmail.com;2004-01-08;VIP
U00570;RD0006;KL00001743;Julia;Wojcik;56014752474;DOK699686;88;34;37-511;652149825;julia.wojcik382@gmail.com;2003-07-31;firmowy
U00473;RD0001;KL00001744;Anna;Wojcik;92424560617;DOK964703;100;;19-471;686795968;anna.wojcik631@gmail.com;2001-02-14;zwykly
U00108;RD0008;KL00001745;Marta;Nowak;17514924337;DOK501832;118;42;44-588;517954876;marta.nowak501@gmail.com;1991-12-14;firmowy
U00183;RD0009;KL00001746;Marcin;Krol;54292284411;DOK812931;26;;29-112;696046599;marcin.krol593@gmail.com;1971-01-31;nowy
U00435;RD0008;KL00001747;Damian;Michalski;58318324835;DOK307557;110;;40-376;861747232;damian.michalski815@gmail.com;1979-03-25;nowy
U00047;RD0008;KL00001748;Aleksandra;Krawczyk;70377760862;DOK234309;35;14;44-797;545835217;aleksandra.krawczyk991@gmail.com;1969-07-15;VIP
U00110;RD0004;KL00001749;Olga;Jankowski;12628914109;DOK178025;70;;87-479;666369569;olga.jankowski169@gmail.com;1988-07-07;staly
U00443;RD0007;KL00001750;Aleksandra;Zielinska;44028528001;DOK428884;123;47;82-423;737097996;aleksandra.zielinska788@gmail.com;1959-04-04;staly
U00201;RD0001;KL00001751;Adam;Kowalski;17147654925;DOK578441;173;52;56-792;837632922;adam.kowalski448@gmail.com;1979-10-28;nowy
U00026;RD0009;KL00001752;Marek;Mazur;56599539502;DOK290290;172;;70-829;817450411;marek.mazur969@gmail.com;1972-12-29;zwykly
U00536;RD0007;KL00001753;Marek;Nowicka;25390044498;DOK192757;33;13;31-077;641655585;marek.nowicka642@gmail.com;1999-10-03;VIP
U00387;RD0002;KL00001754;Jakub;Kaminska;26850328806;DOK714026;126;35;82-825;578784045;jakub.kaminska864@gmail.com;1977-09-02;nowy
U00327;RD0008;KL00001755;Julia;Mazur;48499060448;DOK759739;162;;57-716;615303843;julia.mazur186@gmail.com;1980-07-03;staly
U00079;RD0002;KL00001756;Michal;Dabrowski;25121600214;DOK936021;177;55;99-350;545810158;michal.dabrowski219@gmail.com;1980-12-30;firmowy
U00019;RD0006;KL00001757;Pawel;Nowicka;14915093940;DOK316087;142;42;79-102;870449910;pawel.nowicka608@gmail.com;1969-09-22;firmowy
U00526;RD0005;KL00001758;Ewa;Krawczyk;26236363543;DOK663145;72;6;43-391;860111908;ewa.krawczyk138@gmail.com;1966-04-14;zwykly
U00678;RD0009;KL00001759;Piotr;Szymanski;36817046121;DOK354734;83;;17-920;552315887;piotr.szymanski114@gmail.com;1967-07-24;firmowy
U00213;RD0007;KL00001760;Alicja;Pawlak;35818843377;DOK101698;131;;60-942;656272317;alicja.pawlak480@gmail.com;1987-11-11;zwykly
U00011;RD0007;KL00001761;Ewa;Michalski;67909767651;DOK213673;140;;69-386;577514073;ewa.michalski759@gmail.com;1996-01-31;staly
U00432;RD0008;KL00001762;Jan;Grabowska;96181441256;DOK536245;48;32;28-042;651364809;jan.grabowska559@gmail.com;1990-08-17;nowy
U00051;RD0005;KL00001763;Tomasz;Pawlak;79161764029;DOK508872;148;;38-907;860394075;tomasz.pawlak166@gmail.com;1981-05-05;staly
U00411;RD0005;KL00001764;Wojciech;Kozlowski;68474941555;DOK589966;77;;88-085;715434506;wojciech.kozlowski38@gmail.com;1976-12-21;VIP
U00021;RD0007;KL00001765;Aleksandra;Wrobel;90735093023;DOK134802;145;49;72-660;508303144;aleksandra.wrobel235@gmail.com;1975-04-21;VIP
U00118;RD0010;KL00001766;Jakub;Wrobel;23112880044;DOK679140;18;24;81-587;553601754;jakub.wrobel193@gmail.com;1982-01-09;nowy
U00401;RD0008;KL00001767;Marek;Michalski;14099480454;DOK584831;71;;52-944;632393902;marek.michalski69@gmail.com;1995-09-20;VIP
U00142;RD0006;KL00001768;Wojciech;Mazur;35566224708;DOK521033;1;;24-433;806760938;wojciech.mazur753@gmail.com;2006-06-30;zwykly
U00523;RD0008;KL00001769;Weronika;Stepien;79906366919;DOK110972;37;60;87-237;606830208;weronika.stepien792@gmail.com;1980-01-18;nowy
U00306;RD0004;KL00001770;Zofia;Nowicka;98568915474;DOK186699;2;;67-245;675165632;zofia.nowicka872@gmail.com;1960-09-30;firmowy
U00260;RD0007;KL00001771;Julia;Kozlowski;38234729094;DOK908964;177;8;13-897;587469356;julia.kozlowski753@gmail.com;1960-07-18;staly
U00155;RD0009;KL00001772;Anna;Wisniewski;36820110038;DOK190996;147;;75-974;840798132;anna.wisniewski597@gmail.com;2003-01-29;firmowy
U00013;RD0004;KL00001773;Mateusz;Michalski;72718969604;DOK204822;127;6;72-716;514401938;mateusz.michalski197@gmail.com;1957-03-22;staly
U00463;RD0001;KL00001774;Karolina;Nowicka;91145898209;DOK418205;19;;99-391;502583806;karolina.nowicka338@gmail.com;1961-05-06;firmowy
U00238;RD0009;KL00001775;Michal;Pawlak;55486266270;DOK318978;62;;81-265;561902992;michal.pawlak775@gmail.com;1992-12-05;firmowy
U00469;RD0008;KL00001776;Damian;Mazur;10260451177;DOK506610;72;;51-964;852216881;damian.mazur864@gmail.com;2003-08-13;nowy
U00466;RD0004;KL00001777;Olga;Stepien;22209554998;DOK770095;121;3;39-231;595051424;olga.stepien271@gmail.com;1994-06-24;firmowy
U00463;RD0006;KL00001778;Ewa;Zajac;78649180539;DOK376852;88;;10-309;791437770;ewa.zajac288@gmail.com;1991-04-17;zwykly
U00450;RD0004;KL00001779;Mateusz;Dabrowski;26508554198;DOK667700;24;25;12-877;683022072;mateusz.dabrowski866@gmail.com;1974-09-13;VIP
U00466;RD0010;KL00001780;Magdalena;Nowak;61278890980;DOK957345;149;20;71-423;563010932;magdalena.nowak108@gmail.com;1962-04-25;zwykly
U00485;RD0007;KL00001781;Magdalena;Michalski;59175550151;DOK404013;173;27;53-472;580454430;magdalena.michalski525@gmail.com;1993-06-19;firmowy
U00397;RD0010;KL00001782;Marek;Kaminska;49557028103;DOK631533;87;;97-025;609101581;marek.kaminska594@gmail.com;1955-09-16;nowy
U00390;RD0009;KL00001783;Adam;Szymanski;60930888237;DOK877669;107;;65-388;888460948;adam.szymanski605@gmail.com;2004-08-08;nowy
U00418;RD0002;KL00001784;Alicja;Wieczorek;79657857794;DOK238639;105;31;14-639;737758277;alicja.wieczorek905@gmail.com;1984-12-27;firmowy
U00384;RD0008;KL00001785;Krzysztof;Krol;38579805390;DOK697167;145;27;28-385;619626178;krzysztof.krol509@gmail.com;1986-11-17;nowy
U00455;RD0002;KL00001786;Alicja;Zajac;14661753141;DOK559071;62;8;26-567;820551627;alicja.zajac430@gmail.com;1966-09-24;VIP
U00417;RD0009;KL00001787;Marta;Nowak;49375938787;DOK311514;42;;97-964;629845656;marta.nowak54@gmail.com;1964-09-26;VIP
U00236;RD0005;KL00001788;Aleksandra;Michalski;62741867646;DOK123653;103;57;13-854;702854456;aleksandra.michalski580@gmail.com;1972-08-06;VIP
U00409;RD0010;KL00001789;Marta;Kowalski;97375912030;DOK236854;49;;78-901;710339471;marta.kowalski331@gmail.com;2007-12-24;VIP
U00093;RD0003;KL00001790;Aleksandra;Dabrowski;55122274919;DOK354216;124;4;14-804;705374689;aleksandra.dabrowski883@gmail.com;1973-01-10;staly
U00345;RD0005;KL00001791;Adam;Pawlak;76708178159;DOK917755;88;;24-984;810664266;adam.pawlak647@gmail.com;2006-04-09;nowy
U00263;RD0003;KL00001792;Olga;Kowalski;58799890859;DOK426126;37;1;51-253;738406326;olga.kowalski421@gmail.com;2006-09-23;staly
U00342;RD0001;KL00001793;Marek;Jankowski;85074616459;DOK544886;141;29;79-406;514717255;marek.jankowski696@gmail.com;1967-04-12;zwykly
U00605;RD0003;KL00001794;Zofia;Zajac;23609822785;DOK361207;20;3;21-636;884980375;zofia.zajac926@gmail.com;1977-03-09;nowy
U00214;RD0010;KL00001795;Tomasz;Krawczyk;90640956673;DOK793982;34;31;82-537;759864931;tomasz.krawczyk164@gmail.com;1990-05-06;firmowy
U00079;RD0005;KL00001796;Pawel;Stepien;34916989815;DOK944696;80;52;62-177;809386494;pawel.stepien838@gmail.com;1962-09-12;firmowy
U00402;RD0005;KL00001797;Marta;Michalski;24175183345;DOK547857;3;;33-554;798880271;marta.michalski519@gmail.com;1955-06-14;firmowy
U00332;RD0002;KL00001798;Jan;Kowalski;17308246877;DOK287482;135;;53-701;542567426;jan.kowalski154@gmail.com;1956-06-10;VIP
U00672;RD0001;KL00001799;Marta;Kaminska;78236065209;DOK478381;77;;44-068;713861907;marta.kaminska283@gmail.com;1991-01-20;firmowy
U00675;RD0002;KL00001800;Aleksandra;Kowalczyk;48173866728;DOK525502;107;;69-327;849091695;aleksandra.kowalczyk758@gmail.com;1956-03-21;zwykly
U00416;RD0010;KL00001801;Natalia;Kaminska;46280948061;DOK389170;44;15;60-056;758386015;natalia.kaminska548@gmail.com;2007-03-12;staly
U00556;RD0004;KL00001802;Julia;Zajac;10866136814;DOK700692;96;32;28-923;627725707;julia.zajac706@gmail.com;1992-10-17;VIP
U00660;RD0001;KL00001803;Tomasz;Pawlak;16125674199;DOK934269;23;22;67-608;582425340;tomasz.pawlak235@gmail.com;1964-02-28;firmowy
U00275;RD0009;KL00001804;Magdalena;Wisniewski;80189389516;DOK837877;26;30;10-097;695948534;magdalena.wisniewski46@gmail.com;2004-02-27;zwykly
U00509;RD0010;KL00001805;Mateusz;Krawczyk;78613954697;DOK801821;34;;26-358;539521191;mateusz.krawczyk586@gmail.com;1963-11-23;zwykly
U00159;RD0009;KL00001806;Katarzyna;Pawlak;28695269486;DOK349849;59;37;67-861;502013721;katarzyna.pawlak852@gmail.com;1973-04-13;nowy
U00489;RD0010;KL00001807;Wojciech;Lewandowski;80181766413;DOK269371;152;22;78-987;839105281;wojciech.lewandowski931@gmail.com;1980-04-23;staly
U00080;RD0007;KL00001808;Olga;Wojcik;39387531409;DOK941033;155;6;46-615;588515883;olga.wojcik997@gmail.com;1956-04-27;firmowy
U00310;RD0002;KL00001809;Jakub;Piotrowski;52791498785;DOK292433;77;30;40-596;721215196;jakub.piotrowski163@gmail.com;1981-03-26;VIP
U00082;RD0009;KL00001810;Natalia;Krol;86990192787;DOK349282;178;;48-668;808757021;natalia.krol976@gmail.com;1986-12-21;firmowy
U00445;RD0008;KL00001811;Zofia;Wieczorek;33536491474;DOK888000;67;;91-313;606060442;zofia.wieczorek645@gmail.com;1978-04-25;staly
U00532;RD0008;KL00001812;Aleksandra;Piotrowski;92312150221;DOK494675;93;;53-925;718023600;aleksandra.piotrowski771@gmail.com;2003-05-21;staly
U00693;RD0001;KL00001813;Zofia;Nowicka;35060781275;DOK743179;147;;38-276;786657365;zofia.nowicka663@gmail.com;1956-04-11;staly
U00483;RD0010;KL00001814;Marek;Dabrowski;69546045044;DOK153020;161;;16-581;654125154;marek.dabrowski10@gmail.com;1995-12-05;zwykly
U00363;RD0008;KL00001815;Karolina;Stepien;75403996149;DOK535368;33;;31-415;705054083;karolina.stepien712@gmail.com;2002-03-21;VIP
U00268;RD0010;KL00001816;Marek;Jankowski;40206732469;DOK532633;154;;86-778;545380935;marek.jankowski736@gmail.com;1973-04-07;zwykly
U00341;RD0003;KL00001817;Katarzyna;Wrobel;42069494224;DOK214015;30;12;33-405;666826792;katarzyna.wrobel934@gmail.com;1959-06-25;staly
U00432;RD0010;KL00001818;Magdalena;Kozlowski;95948847461;DOK168970;134;;88-816;619600992;magdalena.kozlowski223@gmail.com;1977-06-15;nowy
U00280;RD0008;KL00001819;Adam;Zajac;52095521451;DOK271530;41;41;41-854;847559876;adam.zajac781@gmail.com;1976-12-25;nowy
U00426;RD0008;KL00001820;Karolina;Wrobel;77806867599;DOK935977;22;16;86-020;590629568;karolina.wrobel171@gmail.com;1984-05-07;VIP
U00477;RD0004;KL00001821;Ewa;Dabrowski;54679187767;DOK111112;11;10;87-576;508535835;ewa.dabrowski589@gmail.com;1957-07-31;zwykly
U00465;RD0007;KL00001822;Karolina;Dabrowski;99510172397;DOK426908;78;;74-500;633906096;karolina.dabrowski863@gmail.com;2005-03-10;staly
U00675;RD0001;KL00001823;Jakub;Szymanski;32695209334;DOK772449;64;;89-504;821419785;jakub.szymanski148@gmail.com;2004-04-11;zwykly
U00454;RD0006;KL00001824;Ewa;Krawczyk;42516786544;DOK752185;51;;39-700;808469163;ewa.krawczyk410@gmail.com;1994-12-23;zwykly
U00218;RD0010;KL00001825;Michal;Kozlowski;35190526207;DOK929617;177;;75-480;799539563;michal.kozlowski711@gmail.com;1970-02-19;staly
U00255;RD0009;KL00001826;Krzysztof;Lewandowski;41015312042;DOK120650;124;;53-254;837730078;krzysztof.lewandowski920@gmail.com;2001-03-21;VIP
U00236;RD0007;KL00001827;Anna;Kaminska;24217313097;DOK986187;46;;70-955;636095750;anna.kaminska23@gmail.com;1998-02-10;nowy
U00196;RD0008;KL00001828;Weronika;Jankowski;14970490626;DOK353469;59;;51-937;538989128;weronika.jankowski410@gmail.com;1958-04-12;VIP
U00335;RD0002;KL00001829;Zofia;Kowalczyk;13516949342;DOK611153;23;;55-332;786861625;zofia.kowalczyk880@gmail.com;1988-12-07;zwykly
U00274;RD0001;KL00001830;Olga;Michalski;28354039551;DOK259711;166;44;48-969;683013369;olga.michalski403@gmail.com;1975-10-17;zwykly
U00636;RD0003;KL00001831;Piotr;Michalski;27556114276;DOK436322;60;53;14-963;761087896;piotr.michalski790@gmail.com;1990-03-04;zwykly
U00256;RD0006;KL00001832;Mateusz;Wisniewski;13880153607;DOK466263;58;20;88-984;636326755;mateusz.wisniewski954@gmail.com;2006-11-10;zwykly
U00482;RD0002;KL00001833;Aleksandra;Stepien;56198603001;DOK475329;128;58;60-442;623810004;aleksandra.stepien178@gmail.com;1990-01-15;VIP
U00252;RD0001;KL00001834;Michal;Krawczyk;24734242989;DOK881168;106;;19-687;859496718;michal.krawczyk894@gmail.com;1991-07-04;staly
U00244;RD0006;KL00001835;Marcin;Krawczyk;10564458789;DOK916949;1;;19-320;522299227;marcin.krawczyk297@gmail.com;1965-06-20;zwykly
U00576;RD0007;KL00001836;Jakub;Krol;68635456362;DOK724580;115;;19-313;601923582;jakub.krol703@gmail.com;1969-09-07;firmowy
U00044;RD0010;KL00001837;Jan;Nowicka;23047861582;DOK146275;21;49;63-750;551564831;jan.nowicka870@gmail.com;1958-05-29;VIP
U00498;RD0009;KL00001838;Aleksandra;Kowalczyk;80971950849;DOK684337;26;14;14-287;709776488;aleksandra.kowalczyk673@gmail.com;1962-10-18;firmowy
U00536;RD0002;KL00001839;Zofia;Pawlak;76607453071;DOK842099;138;6;77-836;867784226;zofia.pawlak362@gmail.com;1983-08-12;nowy
U00643;RD0001;KL00001840;Anna;Jankowski;90147690476;DOK500356;86;49;81-549;586066930;anna.jankowski390@gmail.com;1987-07-28;VIP
U00013;RD0008;KL00001841;Adam;Nowak;31256851402;DOK849244;125;;10-741;842694655;adam.nowak568@gmail.com;1962-08-22;staly
U00648;RD0004;KL00001842;Krzysztof;Kowalczyk;37737334280;DOK468789;108;;69-528;619870458;krzysztof.kowalczyk745@gmail.com;2004-04-18;zwykly
U00051;RD0007;KL00001843;Weronika;Zielinska;72722244029;DOK645709;154;37;57-105;844425903;weronika.zielinska262@gmail.com;1978-08-04;staly
U00210;RD0007;KL00001844;Aleksandra;Pawlak;44700891011;DOK506352;124;;14-966;733421547;aleksandra.pawlak389@gmail.com;1990-11-08;nowy
U00461;RD0006;KL00001845;Ewa;Krawczyk;55359951625;DOK899918;126;6;64-311;690225939;ewa.krawczyk442@gmail.com;1958-02-03;staly
U00375;RD0007;KL00001846;Marta;Krol;41369024682;DOK886950;23;59;90-671;735630254;marta.krol215@gmail.com;1995-01-20;VIP
U00034;RD0003;KL00001847;Jan;Zajac;80220524711;DOK975450;89;;37-245;752181931;jan.zajac721@gmail.com;1987-06-13;firmowy
U00019;RD0004;KL00001848;Olga;Zielinska;61966620349;DOK619180;177;7;85-801;586376234;olga.zielinska860@gmail.com;1983-04-15;zwykly
U00561;RD0008;KL00001849;Natalia;Dabrowski;30071660789;DOK113228;27;;95-058;574354316;natalia.dabrowski977@gmail.com;1980-07-07;staly
U00025;RD0001;KL00001850;Jakub;Kozlowski;57230843309;DOK410155;152;33;14-681;802572526;jakub.kozlowski601@gmail.com;1992-06-19;VIP
U00412;RD0008;KL00001851;Mateusz;Grabowska;79736961167;DOK634775;123;;58-099;710307254;mateusz.grabowska220@gmail.com;1955-11-24;VIP
U00255;RD0009;KL00001852;Olga;Dabrowski;17177966189;DOK128832;8;19;38-320;584497297;olga.dabrowski630@gmail.com;1975-11-27;nowy
U00504;RD0005;KL00001853;Zofia;Kowalski;70586340233;DOK695736;145;27;50-277;721895348;zofia.kowalski773@gmail.com;1981-05-15;VIP
U00509;RD0004;KL00001854;Adam;Krol;24427767094;DOK647219;156;11;28-344;583323919;adam.krol464@gmail.com;2007-12-11;staly
U00058;RD0001;KL00001855;Wojciech;Mazur;27892548514;DOK361946;10;;46-039;699866479;wojciech.mazur392@gmail.com;2005-08-07;firmowy
U00189;RD0006;KL00001856;Krzysztof;Wojcik;80304158803;DOK691252;12;7;76-871;837709730;krzysztof.wojcik170@gmail.com;2007-07-20;nowy
U00072;RD0007;KL00001857;Jan;Kozlowski;67563500783;DOK145554;139;55;33-222;810909852;jan.kozlowski131@gmail.com;1988-03-12;nowy
U00283;RD0008;KL00001858;Weronika;Dabrowski;94331191568;DOK135279;150;52;34-426;544505314;weronika.dabrowski335@gmail.com;1964-07-25;firmowy
U00331;RD0009;KL00001859;Tomasz;Krol;49865234466;DOK417646;40;;30-818;639329603;tomasz.krol711@gmail.com;1992-10-15;VIP
U00558;RD0007;KL00001860;Michal;Pawlak;40367551630;DOK583906;61;;48-375;522308263;michal.pawlak232@gmail.com;1960-01-06;zwykly
U00157;RD0007;KL00001861;Weronika;Nowak;64456061982;DOK761964;151;59;43-806;565241458;weronika.nowak619@gmail.com;2006-11-14;VIP
U00419;RD0001;KL00001862;Marta;Michalski;20235915441;DOK125697;68;;21-894;769165946;marta.michalski582@gmail.com;2005-08-27;zwykly
U00631;RD0003;KL00001863;Katarzyna;Michalski;56100622854;DOK988142;97;44;86-146;663087317;katarzyna.michalski744@gmail.com;1988-02-01;firmowy
U00686;RD0004;KL00001864;Weronika;Pawlak;19833181728;DOK147465;57;;45-095;606302666;weronika.pawlak774@gmail.com;1959-09-30;nowy
U00576;RD0002;KL00001865;Katarzyna;Wojcik;11340246568;DOK458409;22;15;30-322;841547015;katarzyna.wojcik119@gmail.com;1985-04-11;nowy
U00318;RD0005;KL00001866;Marta;Kowalski;16229574969;DOK626729;93;;83-762;647580703;marta.kowalski812@gmail.com;1958-04-02;firmowy
U00304;RD0009;KL00001867;Krzysztof;Wojcik;80689884448;DOK323011;18;;23-268;689884503;krzysztof.wojcik782@gmail.com;1981-07-09;staly
U00129;RD0003;KL00001868;Jakub;Grabowska;54915585317;DOK793520;121;51;16-465;889577107;jakub.grabowska275@gmail.com;1956-11-10;VIP
U00272;RD0005;KL00001869;Pawel;Piotrowski;98554653103;DOK708828;158;34;67-003;824414238;pawel.piotrowski966@gmail.com;1970-08-18;VIP
U00235;RD0007;KL00001870;Aleksandra;Wojcik;95894530788;DOK402965;23;;90-414;661307964;aleksandra.wojcik73@gmail.com;1955-04-18;firmowy
U00172;RD0007;KL00001871;Jan;Zielinska;59181328127;DOK345097;17;36;15-356;762481788;jan.zielinska948@gmail.com;1981-12-26;VIP
U00038;RD0002;KL00001872;Piotr;Wrobel;93897098386;DOK525770;165;;62-805;550799312;piotr.wrobel170@gmail.com;1976-12-02;VIP
U00398;RD0005;KL00001873;Tomasz;Nowak;14386528799;DOK394543;113;;76-409;749043219;tomasz.nowak614@gmail.com;1975-06-09;nowy
U00652;RD0010;KL00001874;Tomasz;Wieczorek;82225495373;DOK719647;70;34;18-478;506505288;tomasz.wieczorek920@gmail.com;1999-03-17;VIP
U00026;RD0001;KL00001875;Tomasz;Wojcik;12012343864;DOK890095;19;;38-669;757951170;tomasz.wojcik321@gmail.com;1994-01-25;staly
U00207;RD0001;KL00001876;Aleksandra;Lewandowski;80627091670;DOK208279;29;5;66-109;808021317;aleksandra.lewandowski721@gmail.com;2006-08-23;firmowy
U00285;RD0010;KL00001877;Anna;Nowak;31576309602;DOK197334;69;;21-967;691487000;anna.nowak343@gmail.com;1995-04-13;firmowy
U00233;RD0004;KL00001878;Krzysztof;Szymanski;81562656826;DOK417758;170;27;99-947;683847772;krzysztof.szymanski384@gmail.com;1966-01-03;VIP
U00492;RD0001;KL00001879;Mateusz;Wojcik;39285421417;DOK862202;60;;10-897;529743311;mateusz.wojcik319@gmail.com;1996-12-31;nowy
U00394;RD0007;KL00001880;Mateusz;Kaminska;61453479408;DOK324859;99;48;88-489;847674638;mateusz.kaminska852@gmail.com;1986-01-20;VIP
U00222;RD0010;KL00001881;Katarzyna;Piotrowski;52387260791;DOK900429;110;10;44-518;765917495;katarzyna.piotrowski735@gmail.com;2004-03-08;VIP
U00574;RD0006;KL00001882;Pawel;Zajac;82352149395;DOK494385;85;16;89-157;757248358;pawel.zajac675@gmail.com;1981-05-28;nowy
U00095;RD0005;KL00001883;Krzysztof;Wrobel;21601975322;DOK353153;71;51;25-916;758559740;krzysztof.wrobel940@gmail.com;1996-06-09;firmowy
U00441;RD0001;KL00001884;Krzysztof;Nowak;58813554421;DOK686379;165;;39-844;671492678;krzysztof.nowak474@gmail.com;1996-05-05;VIP
U00125;RD0007;KL00001885;Katarzyna;Stepien;53534851461;DOK125687;101;38;81-627;600919942;katarzyna.stepien957@gmail.com;1980-03-31;staly
U00411;RD0004;KL00001886;Tomasz;Dabrowski;90829610706;DOK661108;178;1;23-961;658898024;tomasz.dabrowski679@gmail.com;1997-10-05;staly
U00006;RD0004;KL00001887;Natalia;Grabowska;45379093176;DOK793540;34;;22-741;790450613;natalia.grabowska405@gmail.com;1982-01-19;nowy
U00330;RD0003;KL00001888;Marek;Jankowski;99559708636;DOK157420;85;;32-398;528774113;marek.jankowski8@gmail.com;1958-04-05;zwykly
U00684;RD0001;KL00001889;Olga;Wojcik;67237753333;DOK177384;107;;84-470;603361852;olga.wojcik576@gmail.com;1972-07-20;staly
U00639;RD0009;KL00001890;Damian;Zajac;27531629901;DOK191981;60;;96-757;798522328;damian.zajac525@gmail.com;1964-07-10;VIP
U00682;RD0007;KL00001891;Adam;Dabrowski;90883717787;DOK754828;14;44;81-873;717367763;adam.dabrowski490@gmail.com;1963-09-13;VIP
U00076;RD0001;KL00001892;Marta;Lewandowski;79846473521;DOK230934;127;30;90-250;837224535;marta.lewandowski423@gmail.com;1979-09-09;staly
U00072;RD0010;KL00001893;Ewa;Krawczyk;27774734498;DOK175310;136;57;27-021;720471787;ewa.krawczyk219@gmail.com;2006-01-30;zwykly
U00408;RD0005;KL00001894;Adam;Zajac;74946623913;DOK503079;17;41;38-848;515599195;adam.zajac160@gmail.com;1967-11-26;firmowy
U00643;RD0007;KL00001895;Michal;Wojcik;42674181458;DOK544135;130;;90-624;817320198;michal.wojcik68@gmail.com;1983-02-28;firmowy
U00016;RD0004;KL00001896;Karolina;Szymanski;40697599848;DOK919517;148;46;83-751;622468829;karolina.szymanski675@gmail.com;1967-03-25;staly
U00153;RD0007;KL00001897;Marek;Pawlak;73587176654;DOK206639;45;;87-246;747548692;marek.pawlak598@gmail.com;1972-09-11;nowy
U00329;RD0003;KL00001898;Aleksandra;Michalski;35496138840;DOK428226;48;27;42-264;661751033;aleksandra.michalski701@gmail.com;1990-05-27;staly
U00645;RD0007;KL00001899;Damian;Zielinska;86148249812;DOK556137;130;;24-076;665952299;damian.zielinska802@gmail.com;1970-02-22;VIP
U00264;RD0001;KL00001900;Anna;Krawczyk;12232254467;DOK436041;144;;20-861;679284648;anna.krawczyk325@gmail.com;2002-10-21;staly
U00676;RD0001;KL00001901;Aleksandra;Wrobel;99210436800;DOK507535;179;50;71-543;757112420;aleksandra.wrobel952@gmail.com;1996-06-29;zwykly
U00591;RD0002;KL00001902;Alicja;Jankowski;30135216599;DOK116579;69;16;69-172;562400422;alicja.jankowski423@gmail.com;1967-02-25;firmowy
U00024;RD0004;KL00001903;Tomasz;Zajac;36395813341;DOK439739;131;;78-815;503604272;tomasz.zajac180@gmail.com;1997-05-12;staly
U00635;RD0010;KL00001904;Natalia;Wrobel;72232812837;DOK906944;59;59;83-200;823005328;natalia.wrobel851@gmail.com;1979-06-07;firmowy
U00355;RD0002;KL00001905;Mateusz;Kozlowski;44987013119;DOK854777;116;;20-075;534569442;mateusz.kozlowski491@gmail.com;2000-12-17;VIP
U00013;RD0004;KL00001906;Tomasz;Piotrowski;81770982280;DOK546375;38;26;93-474;731438971;tomasz.piotrowski107@gmail.com;1962-01-14;VIP
U00299;RD0003;KL00001907;Natalia;Pawlak;36651501696;DOK132117;4;24;60-979;633812239;natalia.pawlak33@gmail.com;2005-07-27;nowy
U00592;RD0003;KL00001908;Marcin;Kowalczyk;47058174479;DOK768460;144;;69-228;591957158;marcin.kowalczyk819@gmail.com;1962-07-12;zwykly
U00535;RD0009;KL00001909;Magdalena;Wrobel;19460622352;DOK280108;163;;64-361;656018992;magdalena.wrobel558@gmail.com;1978-09-29;VIP
U00484;RD0003;KL00001910;Alicja;Kowalski;18618210508;DOK747162;115;36;47-141;792471157;alicja.kowalski482@gmail.com;1972-03-29;zwykly
U00165;RD0008;KL00001911;Karolina;Wrobel;39583835134;DOK759796;102;;30-639;892650701;karolina.wrobel749@gmail.com;1977-04-08;staly
U00020;RD0001;KL00001912;Jakub;Wisniewski;61354902720;DOK184687;9;40;48-705;788711009;jakub.wisniewski788@gmail.com;1972-06-01;VIP
U00178;RD0004;KL00001913;Marek;Krawczyk;17258845649;DOK113489;54;;67-137;569257380;marek.krawczyk247@gmail.com;1976-12-05;zwykly
U00670;RD0009;KL00001914;Marek;Zajac;10991767171;DOK839654;49;44;28-898;843460455;marek.zajac282@gmail.com;1968-06-09;firmowy
U00589;RD0002;KL00001915;Jakub;Lewandowski;70046266778;DOK904803;147;;81-030;825421438;jakub.lewandowski115@gmail.com;1983-04-12;firmowy
U00433;RD0007;KL00001916;Zofia;Wojcik;64169056589;DOK976765;143;;96-312;504965919;zofia.wojcik255@gmail.com;1969-01-15;zwykly
U00286;RD0005;KL00001917;Michal;Jankowski;61620610149;DOK204427;112;;84-475;502300056;michal.jankowski32@gmail.com;2001-09-01;nowy
U00340;RD0009;KL00001918;Julia;Dabrowski;23002881702;DOK445188;168;;62-306;576612165;julia.dabrowski595@gmail.com;1983-02-05;VIP
U00601;RD0003;KL00001919;Adam;Kowalski;24155001697;DOK224796;92;;12-669;827405088;adam.kowalski988@gmail.com;1982-10-05;nowy
U00426;RD0002;KL00001920;Mateusz;Stepien;39089110571;DOK228103;85;46;52-381;585790483;mateusz.stepien715@gmail.com;1971-08-23;VIP
U00566;RD0001;KL00001921;Marek;Wrobel;80112666211;DOK978133;141;;68-663;738936360;marek.wrobel652@gmail.com;1975-09-12;VIP
U00059;RD0005;KL00001922;Natalia;Szymanski;33212545439;DOK456371;174;;56-047;557180473;natalia.szymanski90@gmail.com;1962-11-18;staly
U00333;RD0006;KL00001923;Damian;Kaminska;70909409259;DOK566953;140;12;61-041;618674818;damian.kaminska85@gmail.com;1985-04-17;staly
U00020;RD0004;KL00001924;Weronika;Michalski;44445088190;DOK476170;137;33;10-723;818369229;weronika.michalski483@gmail.com;1963-01-05;nowy
U00317;RD0003;KL00001925;Karolina;Wisniewski;92369273106;DOK330881;95;22;98-786;658385846;karolina.wisniewski677@gmail.com;2004-09-25;staly
U00047;RD0006;KL00001926;Aleksandra;Kaminska;88823921743;DOK526524;114;;73-613;826023932;aleksandra.kaminska874@gmail.com;1961-01-02;zwykly
U00460;RD0010;KL00001927;Marta;Lewandowski;86439598751;DOK334356;5;49;52-478;721017495;marta.lewandowski995@gmail.com;1964-09-19;firmowy
U00700;RD0002;KL00001928;Michal;Kozlowski;11670976881;DOK676184;146;55;55-991;784867415;michal.kozlowski585@gmail.com;1986-08-17;zwykly
U00357;RD0003;KL00001929;Olga;Wojcik;23664584793;DOK914311;53;;76-609;701842530;olga.wojcik63@gmail.com;1955-07-12;nowy
U00470;RD0007;KL00001930;Pawel;Szymanski;27482011447;DOK804243;130;57;76-600;831478943;pawel.szymanski739@gmail.com;1970-06-20;zwykly
U00288;RD0007;KL00001931;Marta;Grabowska;26761126460;DOK876442;30;47;83-618;843087977;marta.grabowska491@gmail.com;1994-04-15;nowy
U00108;RD0006;KL00001932;Marek;Piotrowski;64528611380;DOK151001;57;;96-497;790448860;marek.piotrowski904@gmail.com;1990-04-28;staly
U00375;RD0009;KL00001933;Marek;Nowicka;95301401764;DOK636977;102;7;79-791;638621503;marek.nowicka795@gmail.com;1970-12-25;nowy
U00249;RD0001;KL00001934;Krzysztof;Mazur;91160043067;DOK108968;166;;40-508;815350197;krzysztof.mazur292@gmail.com;1996-11-18;nowy
U00670;RD0005;KL00001935;Aleksandra;Zajac;47717688920;DOK427819;119;42;94-258;666272604;aleksandra.zajac284@gmail.com;1962-07-05;zwykly
U00596;RD0003;KL00001936;Krzysztof;Mazur;69029246013;DOK242016;99;60;53-291;851216738;krzysztof.mazur238@gmail.com;1975-04-05;firmowy
U00112;RD0007;KL00001937;Natalia;Michalski;41177663926;DOK457441;149;33;36-943;828148335;natalia.michalski529@gmail.com;1977-06-01;nowy
U00474;RD0010;KL00001938;Ewa;Nowak;59088011431;DOK630874;81;;38-944;860740256;ewa.nowak509@gmail.com;1977-06-12;firmowy
U00074;RD0007;KL00001939;Marta;Pawlak;80767967163;DOK424460;56;44;14-500;872278993;marta.pawlak216@gmail.com;1958-11-12;firmowy
U00101;RD0008;KL00001940;Wojciech;Wrobel;24551046302;DOK819409;164;21;94-026;844627436;wojciech.wrobel642@gmail.com;1955-03-06;firmowy
U00224;RD0007;KL00001941;Adam;Pawlak;33982531364;DOK255831;49;;74-329;651677413;adam.pawlak14@gmail.com;1971-01-30;VIP
U00602;RD0010;KL00001942;Karolina;Michalski;28640448238;DOK681252;86;3;33-229;546706889;karolina.michalski784@gmail.com;1964-05-29;firmowy
U00163;RD0008;KL00001943;Jakub;Lewandowski;53971415118;DOK828084;172;52;25-291;834507588;jakub.lewandowski462@gmail.com;1965-08-10;staly
U00055;RD0004;KL00001944;Aleksandra;Stepien;40614350460;DOK380848;124;;47-434;828765907;aleksandra.stepien338@gmail.com;1957-04-09;nowy
U00366;RD0006;KL00001945;Zofia;Stepien;58825808618;DOK828614;116;3;29-037;521987287;zofia.stepien421@gmail.com;1962-09-23;firmowy
U00200;RD0007;KL00001946;Michal;Wisniewski;52839614536;DOK378364;93;52;70-818;710253655;michal.wisniewski114@gmail.com;2007-02-15;VIP
U00578;RD0004;KL00001947;Katarzyna;Pawlak;21154311155;DOK765706;38;;11-862;724667573;katarzyna.pawlak333@gmail.com;1957-01-07;firmowy
U00106;RD0003;KL00001948;Ewa;Mazur;87216745431;DOK780638;61;41;13-373;707341314;ewa.mazur304@gmail.com;1974-04-12;firmowy
U00362;RD0004;KL00001949;Weronika;Stepien;12882767769;DOK369137;95;;53-594;678760339;weronika.stepien53@gmail.com;1963-07-31;firmowy
U00341;RD0007;KL00001950;Pawel;Stepien;74452929029;DOK622630;125;39;96-319;616172158;pawel.stepien238@gmail.com;1998-12-21;VIP
U00197;RD0010;KL00001951;Magdalena;Krawczyk;94710390924;DOK164714;68;27;14-029;778930524;magdalena.krawczyk183@gmail.com;2002-03-31;VIP
U00387;RD0003;KL00001952;Tomasz;Michalski;91299998474;DOK118215;48;12;29-063;802920703;tomasz.michalski455@gmail.com;1980-06-26;staly
U00411;RD0002;KL00001953;Marta;Kowalski;16895536382;DOK552634;165;30;13-939;887246127;marta.kowalski69@gmail.com;1978-03-10;zwykly
U00058;RD0004;KL00001954;Alicja;Nowak;45256463605;DOK424365;157;;65-613;755348315;alicja.nowak916@gmail.com;1966-02-18;zwykly
U00076;RD0009;KL00001955;Tomasz;Kaminska;38557467022;DOK819183;61;53;39-602;894434620;tomasz.kaminska651@gmail.com;1959-12-09;nowy
U00387;RD0010;KL00001956;Alicja;Michalski;23514999128;DOK102563;87;;71-087;585692873;alicja.michalski178@gmail.com;1983-06-10;zwykly
U00129;RD0003;KL00001957;Anna;Pawlak;42259103598;DOK784057;119;;45-186;743755497;anna.pawlak799@gmail.com;1958-09-07;staly
U00574;RD0006;KL00001958;Julia;Krol;85340055930;DOK566516;43;60;28-063;714871499;julia.krol199@gmail.com;1965-04-04;VIP
U00531;RD0001;KL00001959;Marcin;Wrobel;22713041905;DOK275543;108;36;16-923;656302592;marcin.wrobel265@gmail.com;1983-04-22;firmowy
U00594;RD0006;KL00001960;Natalia;Nowicka;48143772997;DOK614923;105;;82-426;871842373;natalia.nowicka842@gmail.com;1956-04-28;firmowy
U00160;RD0005;KL00001961;Michal;Piotrowski;57241735986;DOK285476;93;;67-563;750061803;michal.piotrowski712@gmail.com;1972-01-20;firmowy
U00550;RD0005;KL00001962;Magdalena;Pawlak;70190075436;DOK103778;179;18;63-325;756920256;magdalena.pawlak480@gmail.com;1986-03-06;zwykly
U00146;RD0010;KL00001963;Karolina;Wisniewski;80926871311;DOK736132;117;10;79-313;583248925;karolina.wisniewski409@gmail.com;1990-07-21;zwykly
U00140;RD0009;KL00001964;Olga;Krol;21680391497;DOK841808;165;17;25-448;514412727;olga.krol2@gmail.com;1978-03-31;VIP
U00661;RD0009;KL00001965;Magdalena;Wisniewski;69878312839;DOK134891;86;;60-555;776655513;magdalena.wisniewski11@gmail.com;1968-09-11;zwykly
U00412;RD0007;KL00001966;Marcin;Wieczorek;91045797294;DOK978825;95;10;69-596;781157538;marcin.wieczorek196@gmail.com;1963-05-21;VIP
U00137;RD0009;KL00001967;Damian;Szymanski;60185456979;DOK349794;96;18;20-858;714162941;damian.szymanski811@gmail.com;1956-03-23;zwykly
U00088;RD0010;KL00001968;Mateusz;Krol;84138399353;DOK120678;134;;99-121;753017117;mateusz.krol2@gmail.com;2002-02-06;nowy
U00410;RD0008;KL00001969;Damian;Zajac;57686041461;DOK278834;11;;93-105;888979693;damian.zajac972@gmail.com;1958-09-24;firmowy
U00292;RD0004;KL00001970;Julia;Nowak;66800665041;DOK674590;149;;66-611;703638949;julia.nowak464@gmail.com;2002-08-05;VIP
U00423;RD0002;KL00001971;Wojciech;Dabrowski;17171267802;DOK443432;18;;83-947;500270465;wojciech.dabrowski53@gmail.com;2001-01-08;firmowy
U00509;RD0009;KL00001972;Anna;Wojcik;60409641329;DOK129440;46;;16-152;686839440;anna.wojcik682@gmail.com;1974-09-02;nowy
U00642;RD0004;KL00001973;Magdalena;Kaminska;34128153967;DOK134364;21;;96-176;832915824;magdalena.kaminska923@gmail.com;1987-01-11;staly
U00485;RD0005;KL00001974;Aleksandra;Krol;72914494412;DOK807200;178;56;52-655;623516900;aleksandra.krol889@gmail.com;1995-10-09;firmowy
U00463;RD0005;KL00001975;Jakub;Krol;34739372298;DOK463382;39;;96-696;830460203;jakub.krol782@gmail.com;2005-06-29;staly
U00170;RD0001;KL00001976;Marta;Wieczorek;19798025808;DOK524110;73;;37-451;656616375;marta.wieczorek41@gmail.com;2001-04-08;staly
U00245;RD0008;KL00001977;Piotr;Lewandowski;95827615800;DOK904625;59;51;64-815;712316163;piotr.lewandowski760@gmail.com;1994-01-08;nowy
U00547;RD0002;KL00001978;Krzysztof;Mazur;65407266846;DOK904386;2;21;53-508;547461320;krzysztof.mazur828@gmail.com;1986-02-25;staly
U00048;RD0006;KL00001979;Aleksandra;Wrobel;50892233275;DOK745269;101;6;45-279;815803987;aleksandra.wrobel627@gmail.com;1957-05-16;nowy
U00346;RD0009;KL00001980;Anna;Lewandowski;33196120883;DOK397000;12;29;42-271;677543756;anna.lewandowski28@gmail.com;1993-06-11;nowy
U00448;RD0004;KL00001981;Mateusz;Pawlak;45144245726;DOK492047;63;;66-754;817377927;mateusz.pawlak112@gmail.com;1961-08-12;zwykly
U00059;RD0009;KL00001982;Piotr;Stepien;46654247895;DOK530292;174;;75-624;797374415;piotr.stepien685@gmail.com;2004-06-19;staly
U00170;RD0002;KL00001983;Aleksandra;Zielinska;58287298828;DOK966913;148;;74-681;612552125;aleksandra.zielinska54@gmail.com;1999-11-07;firmowy
U00204;RD0005;KL00001984;Ewa;Stepien;86671271159;DOK108717;11;10;94-879;724729387;ewa.stepien272@gmail.com;1965-07-16;staly
U00679;RD0003;KL00001985;Aleksandra;Grabowska;52986832598;DOK992927;85;;30-842;808403523;aleksandra.grabowska530@gmail.com;1987-12-15;nowy
U00625;RD0003;KL00001986;Katarzyna;Stepien;22749118936;DOK995342;73;;97-261;826873976;katarzyna.stepien747@gmail.com;1991-09-26;staly
U00396;RD0001;KL00001987;Krzysztof;Dabrowski;32740509292;DOK712236;64;7;71-738;794013770;krzysztof.dabrowski941@gmail.com;1972-02-26;firmowy
U00083;RD0005;KL00001988;Olga;Kaminska;20435825967;DOK580259;47;;78-048;645719559;olga.kaminska353@gmail.com;1964-10-20;nowy
U00457;RD0007;KL00001989;Alicja;Krawczyk;80881765215;DOK780581;159;;79-537;747510469;alicja.krawczyk964@gmail.com;1987-01-10;staly
U00338;RD0009;KL00001990;Julia;Szymanski;40362288648;DOK391121;2;;88-948;573117836;julia.szymanski740@gmail.com;1994-07-21;VIP
U00337;RD0010;KL00001991;Karolina;Kowalski;33342993563;DOK829158;117;;18-715;812151162;karolina.kowalski214@gmail.com;1972-02-03;firmowy
U00618;RD0001;KL00001992;Zofia;Nowicka;27656094800;DOK981114;72;34;46-806;658165375;zofia.nowicka491@gmail.com;1996-02-08;VIP
U00686;RD0006;KL00001993;Karolina;Zajac;24633484277;DOK173301;93;;61-139;878628745;karolina.zajac136@gmail.com;2002-09-20;VIP
U00029;RD0007;KL00001994;Anna;Piotrowski;93044429065;DOK364580;133;;50-991;624589265;anna.piotrowski105@gmail.com;1980-10-10;zwykly
U00134;RD0008;KL00001995;Marek;Stepien;41351152718;DOK360126;14;;66-983;862488405;marek.stepien181@gmail.com;1999-04-09;firmowy
U00424;RD0003;KL00001996;Piotr;Pawlak;49875630943;DOK578746;91;;18-818;556446522;piotr.pawlak134@gmail.com;1997-07-26;zwykly
U00015;RD0008;KL00001997;Pawel;Pawlak;83813342549;DOK611988;139;4;60-426;541647364;pawel.pawlak327@gmail.com;2002-06-05;staly
U00523;RD0006;KL00001998;Natalia;Krol;63745500338;DOK495007;60;;51-725;659156341;natalia.krol82@gmail.com;1990-08-01;zwykly
U00565;RD0009;KL00001999;Alicja;Wieczorek;53705675642;DOK246286;20;59;94-535;878436502;alicja.wieczorek554@gmail.com;1980-12-10;firmowy
U00324;RD0010;KL00002000;Mateusz;Nowak;62710024323;DOK717959;156;20;32-549;769241583;mateusz.nowak912@gmail.com;1965-08-21;nowy
U00037;RD0006;KL00002001;Julia;Piotrowski;14956888002;DOK354320;21;54;96-171;831192332;julia.piotrowski554@gmail.com;1992-10-19;firmowy
U00172;RD0004;KL00002002;Piotr;Zajac;34677989388;DOK117585;54;25;76-446;657292384;piotr.zajac130@gmail.com;1985-02-10;firmowy
U00140;RD0007;KL00002003;Weronika;Mazur;87072076040;DOK836544;170;12;70-147;784103651;weronika.mazur474@gmail.com;2005-04-10;firmowy
U00250;RD0003;KL00002004;Jan;Zajac;78746501384;DOK606585;115;54;44-448;542946212;jan.zajac980@gmail.com;2005-08-02;zwykly
U00682;RD0009;KL00002005;Karolina;Kaminska;45312637991;DOK768704;163;;91-721;697720387;karolina.kaminska492@gmail.com;1971-07-08;staly
U00198;RD0003;KL00002006;Karolina;Kaminska;76369769363;DOK775614;10;;52-218;682351902;karolina.kaminska544@gmail.com;1979-04-04;nowy
U00063;RD0003;KL00002007;Magdalena;Lewandowski;73462218289;DOK331343;163;9;31-563;684893470;magdalena.lewandowski836@gmail.com;1985-07-01;zwykly
U00168;RD0005;KL00002008;Julia;Stepien;53604195891;DOK458804;87;;62-533;824072026;julia.stepien744@gmail.com;2002-08-29;VIP
U00470;RD0001;KL00002009;Mateusz;Piotrowski;24144064701;DOK209050;107;;81-550;537124898;mateusz.piotrowski369@gmail.com;1994-09-22;firmowy
U00410;RD0008;KL00002010;Wojciech;Dabrowski;79719545583;DOK509966;88;;11-304;649538669;wojciech.dabrowski528@gmail.com;2000-09-03;staly
U00442;RD0008;KL00002011;Ewa;Wrobel;43269292727;DOK317295;48;40;19-987;870324772;ewa.wrobel167@gmail.com;1974-04-15;nowy
U00361;RD0009;KL00002012;Aleksandra;Kozlowski;73090800924;DOK130416;3;28;30-244;863671096;aleksandra.kozlowski630@gmail.com;1972-10-24;staly
U00694;RD0005;KL00002013;Mateusz;Michalski;35593224874;DOK542232;71;;62-024;841546560;mateusz.michalski569@gmail.com;1995-06-19;staly
U00088;RD0003;KL00002014;Pawel;Nowak;40267486980;DOK356837;148;45;25-247;887266823;pawel.nowak969@gmail.com;1989-05-02;firmowy
U00148;RD0009;KL00002015;Piotr;Mazur;41026180809;DOK473139;109;4;51-912;794266688;piotr.mazur794@gmail.com;1960-02-25;zwykly
U00018;RD0002;KL00002016;Weronika;Wrobel;36708080918;DOK579235;72;13;51-413;746093145;weronika.wrobel22@gmail.com;1963-10-19;firmowy
U00524;RD0008;KL00002017;Magdalena;Kaminska;58880900832;DOK737694;111;24;69-713;812118519;magdalena.kaminska684@gmail.com;1975-02-17;staly
U00582;RD0006;KL00002018;Magdalena;Kozlowski;89936236550;DOK488868;95;;53-331;848181342;magdalena.kozlowski246@gmail.com;2001-11-03;firmowy
U00647;RD0002;KL00002019;Marek;Michalski;24788046767;DOK414952;132;;46-919;539893088;marek.michalski573@gmail.com;1970-04-05;nowy
U00321;RD0003;KL00002020;Natalia;Kaminska;28756007067;DOK948303;16;58;95-792;784323348;natalia.kaminska661@gmail.com;1989-01-25;VIP
U00404;RD0006;KL00002021;Damian;Wisniewski;91892575563;DOK759714;48;;57-503;658589632;damian.wisniewski728@gmail.com;1975-02-18;staly
U00210;RD0001;KL00002022;Marek;Nowak;30035210976;DOK596589;162;;89-902;640701553;marek.nowak475@gmail.com;1968-10-11;zwykly
U00561;RD0003;KL00002023;Adam;Zajac;36013257552;DOK962489;93;16;32-740;549156928;adam.zajac805@gmail.com;1966-06-20;staly
U00178;RD0010;KL00002024;Julia;Kowalski;69154171037;DOK344896;75;51;12-589;634493944;julia.kowalski93@gmail.com;1966-12-24;zwykly
U00371;RD0003;KL00002025;Weronika;Nowak;75943132167;DOK699443;82;4;13-289;756867431;weronika.nowak623@gmail.com;1972-03-17;zwykly
U00243;RD0003;KL00002026;Marek;Wieczorek;50050215652;DOK526389;3;;86-089;561124519;marek.wieczorek209@gmail.com;1975-08-05;VIP
U00376;RD0008;KL00002027;Michal;Nowicka;36064684878;DOK324750;154;40;65-708;594435932;michal.nowicka914@gmail.com;1986-06-02;firmowy
U00090;RD0003;KL00002028;Weronika;Krawczyk;42184633005;DOK404458;33;;24-154;513915645;weronika.krawczyk792@gmail.com;1966-04-04;nowy
U00209;RD0009;KL00002029;Piotr;Stepien;15256130838;DOK196748;75;20;81-035;587381729;piotr.stepien633@gmail.com;1990-10-08;nowy
U00559;RD0009;KL00002030;Anna;Pawlak;21645394525;DOK706491;98;20;56-161;601069122;anna.pawlak120@gmail.com;1993-12-11;zwykly
U00605;RD0001;KL00002031;Marta;Michalski;29383775595;DOK173508;172;;51-401;801500198;marta.michalski745@gmail.com;2002-05-17;VIP
U00156;RD0004;KL00002032;Katarzyna;Piotrowski;69100362055;DOK756445;103;;48-997;881996978;katarzyna.piotrowski902@gmail.com;2002-05-07;zwykly
U00012;RD0004;KL00002033;Magdalena;Wisniewski;85981328785;DOK690542;24;57;74-812;757232896;magdalena.wisniewski298@gmail.com;1957-06-07;staly
U00245;RD0004;KL00002034;Jan;Wojcik;34832305021;DOK124039;64;;43-606;697503986;jan.wojcik441@gmail.com;1956-11-22;firmowy
U00532;RD0008;KL00002035;Piotr;Szymanski;64846503623;DOK461698;15;32;68-355;877611235;piotr.szymanski158@gmail.com;1979-05-15;firmowy
U00078;RD0007;KL00002036;Marek;Zielinska;23782410774;DOK513531;7;43;73-982;844934059;marek.zielinska516@gmail.com;2004-07-18;zwykly
U00688;RD0001;KL00002037;Piotr;Wieczorek;73372427685;DOK988023;8;49;83-626;703536188;piotr.wieczorek881@gmail.com;2007-07-02;VIP
U00409;RD0008;KL00002038;Anna;Krawczyk;10097538346;DOK462146;153;26;86-883;713085350;anna.krawczyk407@gmail.com;2001-09-17;nowy
U00141;RD0004;KL00002039;Zofia;Stepien;16275860002;DOK130700;127;;97-325;780737824;zofia.stepien839@gmail.com;1955-08-10;zwykly
U00068;RD0005;KL00002040;Mateusz;Grabowska;17112312789;DOK686608;108;;33-221;660118793;mateusz.grabowska221@gmail.com;1957-01-31;firmowy
U00503;RD0005;KL00002041;Jakub;Pawlak;86003074368;DOK827176;135;40;93-175;630677511;jakub.pawlak480@gmail.com;1977-10-19;nowy
U00592;RD0008;KL00002042;Ewa;Kowalski;27980898423;DOK650081;84;54;98-144;868238009;ewa.kowalski383@gmail.com;1992-06-15;staly
U00365;RD0006;KL00002043;Ewa;Szymanski;36253286921;DOK750333;30;27;13-986;615304431;ewa.szymanski942@gmail.com;1976-02-25;nowy
U00439;RD0008;KL00002044;Alicja;Zielinska;85345155176;DOK316207;141;13;60-899;802039435;alicja.zielinska862@gmail.com;1998-03-16;VIP
U00545;RD0001;KL00002045;Marek;Zielinska;44499503306;DOK828610;61;;66-372;778572561;marek.zielinska319@gmail.com;1983-02-15;firmowy
U00530;RD0007;KL00002046;Olga;Szymanski;77594428406;DOK846283;69;;39-502;547425312;olga.szymanski134@gmail.com;1957-08-17;firmowy
U00469;RD0006;KL00002047;Zofia;Wojcik;88033787428;DOK563748;124;;25-266;692387827;zofia.wojcik526@gmail.com;1975-07-19;zwykly
U00114;RD0005;KL00002048;Adam;Wojcik;57585966320;DOK560757;46;46;49-728;614984802;adam.wojcik720@gmail.com;1980-10-22;zwykly
U00552;RD0007;KL00002049;Piotr;Krawczyk;23392836526;DOK421824;99;56;35-898;701354570;piotr.krawczyk78@gmail.com;1961-01-29;nowy
U00410;RD0001;KL00002050;Aleksandra;Kaminska;56311318542;DOK458293;87;18;58-994;688245279;aleksandra.kaminska932@gmail.com;1972-07-27;VIP
U00513;RD0004;KL00002051;Ewa;Mazur;80350597296;DOK889640;66;50;39-511;742707006;ewa.mazur92@gmail.com;1973-03-01;zwykly
U00693;RD0005;KL00002052;Pawel;Dabrowski;45711626128;DOK454379;146;;62-806;727628624;pawel.dabrowski30@gmail.com;1955-08-09;VIP
U00095;RD0010;KL00002053;Jan;Wisniewski;69937475724;DOK774788;36;;29-979;618404995;jan.wisniewski992@gmail.com;1990-07-26;firmowy
U00483;RD0005;KL00002054;Olga;Michalski;30130464544;DOK824005;26;47;66-761;611486278;olga.michalski400@gmail.com;1991-02-03;VIP
U00674;RD0001;KL00002055;Weronika;Jankowski;91356563599;DOK440623;174;2;84-198;638855089;weronika.jankowski31@gmail.com;2003-09-25;nowy
U00417;RD0006;KL00002056;Mateusz;Wisniewski;83156806393;DOK219015;18;;98-809;639383322;mateusz.wisniewski877@gmail.com;2006-04-14;zwykly
U00541;RD0005;KL00002057;Zofia;Szymanski;46773393684;DOK297991;122;3;11-707;725470980;zofia.szymanski177@gmail.com;1988-02-21;nowy
U00677;RD0010;KL00002058;Jakub;Stepien;25933573269;DOK419690;47;23;42-291;829132311;jakub.stepien767@gmail.com;1981-05-07;firmowy
U00301;RD0003;KL00002059;Mateusz;Kozlowski;22177550233;DOK877916;179;;99-714;689906476;mateusz.kozlowski866@gmail.com;1984-08-11;VIP
U00173;RD0009;KL00002060;Magdalena;Kozlowski;22936359174;DOK535060;18;29;36-277;664300203;magdalena.kozlowski473@gmail.com;1994-06-19;staly
U00600;RD0003;KL00002061;Marcin;Kozlowski;53955704184;DOK806905;31;46;37-564;622381315;marcin.kozlowski844@gmail.com;1966-01-17;firmowy
U00527;RD0010;KL00002062;Michal;Zajac;17955320411;DOK155596;24;;69-569;555533841;michal.zajac129@gmail.com;2001-06-26;nowy
U00672;RD0006;KL00002063;Julia;Wieczorek;63465778425;DOK178530;62;;44-894;804018490;julia.wieczorek309@gmail.com;1993-01-25;staly
U00296;RD0003;KL00002064;Piotr;Stepien;99726277484;DOK988991;63;;54-792;580397311;piotr.stepien807@gmail.com;1991-11-15;VIP
U00495;RD0003;KL00002065;Wojciech;Lewandowski;85911412090;DOK949008;121;56;61-674;764109727;wojciech.lewandowski588@gmail.com;1992-10-02;zwykly
U00050;RD0003;KL00002066;Marta;Lewandowski;62938527700;DOK387224;164;;70-098;544446257;marta.lewandowski350@gmail.com;1990-03-24;nowy
U00067;RD0009;KL00002067;Marek;Zajac;74253285893;DOK139341;173;51;86-284;539183157;marek.zajac955@gmail.com;2004-02-06;zwykly
U00591;RD0002;KL00002068;Magdalena;Zajac;24673849669;DOK179761;77;17;42-390;882554877;magdalena.zajac666@gmail.com;1960-07-24;zwykly
U00247;RD0001;KL00002069;Mateusz;Nowicka;90566063884;DOK579698;93;12;48-894;762783675;mateusz.nowicka218@gmail.com;2004-10-15;nowy
U00345;RD0003;KL00002070;Weronika;Wieczorek;75460350011;DOK856665;172;;47-572;862221747;weronika.wieczorek859@gmail.com;2004-07-16;firmowy
U00058;RD0008;KL00002071;Krzysztof;Kowalski;85420989305;DOK226877;162;;41-176;679494367;krzysztof.kowalski954@gmail.com;1961-06-14;VIP
U00569;RD0001;KL00002072;Piotr;Wieczorek;62252559685;DOK606536;147;4;88-418;857472393;piotr.wieczorek416@gmail.com;1983-01-12;zwykly
U00441;RD0006;KL00002073;Marek;Pawlak;39392984848;DOK675997;56;42;56-470;533918063;marek.pawlak420@gmail.com;1975-12-03;firmowy
U00543;RD0003;KL00002074;Damian;Wrobel;27072887647;DOK905868;1;13;97-762;753610603;damian.wrobel10@gmail.com;2006-07-07;nowy
U00048;RD0004;KL00002075;Jan;Piotrowski;80812921762;DOK914441;16;33;63-941;883108013;jan.piotrowski722@gmail.com;2006-12-21;firmowy
U00231;RD0003;KL00002076;Damian;Michalski;74581638479;DOK939435;9;57;75-240;646545585;damian.michalski517@gmail.com;1973-06-18;nowy
U00446;RD0008;KL00002077;Marek;Wrobel;51757975675;DOK667096;113;60;97-180;830546433;marek.wrobel420@gmail.com;1978-08-27;zwykly
U00690;RD0005;KL00002078;Magdalena;Dabrowski;56437504665;DOK514153;82;;64-482;712153790;magdalena.dabrowski370@gmail.com;2001-01-25;staly
U00523;RD0003;KL00002079;Piotr;Krol;25041598754;DOK568449;151;;71-591;687918229;piotr.krol4@gmail.com;1957-09-30;VIP
U00136;RD0003;KL00002080;Julia;Kozlowski;31736872980;DOK558713;46;;38-059;616343495;julia.kozlowski129@gmail.com;2005-07-29;firmowy
U00354;RD0003;KL00002081;Marta;Szymanski;41968736148;DOK353254;3;46;14-472;638464602;marta.szymanski795@gmail.com;2006-10-04;zwykly
U00233;RD0006;KL00002082;Ewa;Mazur;66206267202;DOK639954;88;;29-278;749636548;ewa.mazur410@gmail.com;2005-09-02;firmowy
U00129;RD0006;KL00002083;Natalia;Wojcik;86055668296;DOK309826;124;37;85-025;533204804;natalia.wojcik738@gmail.com;1979-05-17;VIP
U00418;RD0010;KL00002084;Tomasz;Zajac;39767145250;DOK303552;35;;39-222;638443963;tomasz.zajac133@gmail.com;1965-03-03;nowy
U00410;RD0003;KL00002085;Natalia;Stepien;82029943571;DOK342092;120;;38-509;861941944;natalia.stepien181@gmail.com;1967-09-03;staly
U00213;RD0002;KL00002086;Damian;Michalski;40216576903;DOK949255;59;53;99-731;528565102;damian.michalski8@gmail.com;1991-12-19;nowy
U00671;RD0004;KL00002087;Julia;Kowalczyk;18143752447;DOK314343;115;;35-195;625209874;julia.kowalczyk909@gmail.com;2006-10-31;VIP
U00648;RD0009;KL00002088;Marta;Wojcik;37980159045;DOK659284;72;;91-784;544286223;marta.wojcik131@gmail.com;1979-07-03;firmowy
U00013;RD0005;KL00002089;Weronika;Wieczorek;42060814213;DOK561256;26;52;92-641;699546606;weronika.wieczorek771@gmail.com;2001-10-03;zwykly
U00586;RD0007;KL00002090;Magdalena;Krawczyk;12320801752;DOK784246;161;;57-864;879041880;magdalena.krawczyk366@gmail.com;1975-11-26;staly
U00148;RD0002;KL00002091;Ewa;Stepien;76003550243;DOK798024;179;15;69-635;859014825;ewa.stepien162@gmail.com;1984-08-09;staly
U00212;RD0003;KL00002092;Jan;Kozlowski;37703837046;DOK779155;155;;77-371;831109949;jan.kozlowski210@gmail.com;1972-11-25;VIP
U00219;RD0010;KL00002093;Adam;Pawlak;40228049178;DOK732532;117;39;69-935;863428603;adam.pawlak689@gmail.com;1990-03-30;VIP
U00083;RD0006;KL00002094;Marta;Lewandowski;40162942255;DOK272994;25;24;84-844;861954426;marta.lewandowski431@gmail.com;1978-07-05;staly
U00698;RD0001;KL00002095;Damian;Wisniewski;53498427093;DOK112250;102;;93-536;717317983;damian.wisniewski654@gmail.com;2000-09-01;zwykly
U00469;RD0004;KL00002096;Tomasz;Wieczorek;52908729000;DOK618219;107;;48-848;805072238;tomasz.wieczorek591@gmail.com;2001-03-05;nowy
U00146;RD0009;KL00002097;Karolina;Zielinska;59751076047;DOK859335;158;;10-236;783326727;karolina.zielinska343@gmail.com;1967-08-09;staly
U00391;RD0003;KL00002098;Marek;Grabowska;23540760370;DOK441053;91;26;40-929;863464082;marek.grabowska453@gmail.com;1975-01-27;VIP
U00425;RD0004;KL00002099;Mateusz;Wrobel;94166630800;DOK369663;158;;86-295;503877647;mateusz.wrobel206@gmail.com;1992-11-09;nowy
U00293;RD0007;KL00002100;Natalia;Kozlowski;67390615125;DOK916521;170;13;19-481;531250078;natalia.kozlowski526@gmail.com;1988-05-20;VIP
U00154;RD0002;KL00002101;Anna;Nowak;62415883539;DOK804098;97;;31-359;895045930;anna.nowak400@gmail.com;1999-09-12;firmowy
U00191;RD0003;KL00002102;Pawel;Zajac;49533048376;DOK629522;116;;37-612;535064032;pawel.zajac437@gmail.com;2000-06-04;firmowy
U00595;RD0002;KL00002103;Jan;Wojcik;91747767278;DOK110880;78;28;60-737;890443115;jan.wojcik24@gmail.com;2005-11-20;firmowy
U00158;RD0007;KL00002104;Pawel;Zajac;49984177510;DOK892151;115;36;83-643;870897534;pawel.zajac203@gmail.com;2000-03-20;firmowy
U00629;RD0006;KL00002105;Adam;Jankowski;19789919037;DOK607871;111;51;88-686;512460176;adam.jankowski614@gmail.com;1968-06-18;firmowy
U00300;RD0006;KL00002106;Katarzyna;Krawczyk;25286764191;DOK115182;74;;72-834;632566746;katarzyna.krawczyk733@gmail.com;1973-07-03;firmowy
U00308;RD0005;KL00002107;Karolina;Michalski;78350825018;DOK931284;55;15;79-451;794797059;karolina.michalski904@gmail.com;1958-11-16;staly
U00587;RD0001;KL00002108;Marek;Nowicka;55780833360;DOK507886;112;;21-566;602747688;marek.nowicka454@gmail.com;1991-11-27;staly
U00454;RD0002;KL00002109;Ewa;Piotrowski;81268174839;DOK890260;139;29;45-251;641746257;ewa.piotrowski364@gmail.com;1957-12-14;nowy
U00327;RD0010;KL00002110;Tomasz;Nowicka;79639982017;DOK142547;102;;51-059;580421643;tomasz.nowicka246@gmail.com;1958-01-25;nowy
U00606;RD0007;KL00002111;Mateusz;Wieczorek;62743997073;DOK941183;156;11;43-952;619341758;mateusz.wieczorek306@gmail.com;2007-09-16;VIP
U00542;RD0007;KL00002112;Natalia;Szymanski;55504597096;DOK285392;29;;23-702;690948485;natalia.szymanski399@gmail.com;1957-03-11;VIP
U00066;RD0001;KL00002113;Adam;Piotrowski;85252607339;DOK147193;54;;49-429;833878824;adam.piotrowski298@gmail.com;1980-12-23;firmowy
U00602;RD0001;KL00002114;Jan;Dabrowski;75334774318;DOK521906;67;;68-440;894415060;jan.dabrowski936@gmail.com;1994-08-30;zwykly
U00084;RD0007;KL00002115;Marta;Zajac;31823002808;DOK286037;30;3;40-744;808460739;marta.zajac836@gmail.com;2001-04-24;firmowy
U00360;RD0009;KL00002116;Marcin;Kozlowski;69221806685;DOK844657;129;45;18-653;802273878;marcin.kozlowski925@gmail.com;1998-06-22;zwykly
U00126;RD0006;KL00002117;Anna;Dabrowski;93842631205;DOK332375;56;;26-865;791954722;anna.dabrowski426@gmail.com;2003-08-19;firmowy
U00229;RD0009;KL00002118;Jan;Wojcik;54297413673;DOK885601;1;2;31-600;681857492;jan.wojcik805@gmail.com;1987-10-18;VIP
U00012;RD0002;KL00002119;Olga;Nowicka;13797943197;DOK171911;48;52;55-876;750019572;olga.nowicka97@gmail.com;1991-11-18;zwykly
U00057;RD0007;KL00002120;Natalia;Pawlak;91993573078;DOK409543;156;38;24-194;715377515;natalia.pawlak641@gmail.com;2004-04-08;staly
U00345;RD0002;KL00002121;Anna;Jankowski;25357028371;DOK804478;152;;83-421;785752113;anna.jankowski449@gmail.com;1960-07-18;nowy
U00505;RD0002;KL00002122;Karolina;Wrobel;12074585891;DOK662317;3;40;28-611;609525674;karolina.wrobel725@gmail.com;1966-02-01;nowy
U00018;RD0008;KL00002123;Marcin;Jankowski;25899946184;DOK729316;109;;85-225;611419885;marcin.jankowski833@gmail.com;1964-07-24;zwykly
U00287;RD0010;KL00002124;Damian;Lewandowski;32991021703;DOK241315;11;56;43-042;857408559;damian.lewandowski54@gmail.com;1969-07-05;firmowy
U00483;RD0008;KL00002125;Marta;Wisniewski;80279475216;DOK682663;90;;67-261;790394175;marta.wisniewski8@gmail.com;1981-06-13;firmowy
U00186;RD0007;KL00002126;Katarzyna;Wisniewski;30360964459;DOK855829;9;59;17-397;817778723;katarzyna.wisniewski851@gmail.com;1980-03-21;zwykly
U00503;RD0002;KL00002127;Karolina;Kozlowski;23606535142;DOK223605;142;;92-064;791006804;karolina.kozlowski84@gmail.com;1963-04-07;VIP
U00661;RD0004;KL00002128;Marta;Stepien;36721791888;DOK162167;47;;84-895;772713483;marta.stepien788@gmail.com;1988-09-15;nowy
U00061;RD0007;KL00002129;Ewa;Kowalczyk;30564434220;DOK331904;30;53;94-349;822140208;ewa.kowalczyk441@gmail.com;1992-10-06;nowy
U00108;RD0001;KL00002130;Marcin;Krol;91095309666;DOK838085;100;37;61-880;793975982;marcin.krol50@gmail.com;1974-08-12;staly
U00168;RD0002;KL00002131;Jan;Jankowski;27459480988;DOK891186;13;51;64-006;778564473;jan.jankowski126@gmail.com;1982-07-23;staly
U00571;RD0001;KL00002132;Damian;Wojcik;45447106375;DOK883444;105;57;79-718;540467570;damian.wojcik709@gmail.com;1996-08-04;firmowy
U00040;RD0009;KL00002133;Katarzyna;Szymanski;43675894682;DOK386444;109;17;45-579;689191656;katarzyna.szymanski31@gmail.com;1982-06-27;zwykly
U00341;RD0009;KL00002134;Mateusz;Wrobel;65983745558;DOK967901;34;30;43-348;713875821;mateusz.wrobel443@gmail.com;1995-06-06;nowy
U00634;RD0009;KL00002135;Zofia;Wrobel;88805723043;DOK785623;11;;28-622;647199058;zofia.wrobel81@gmail.com;1975-10-05;VIP
U00674;RD0001;KL00002136;Marta;Krol;92851447644;DOK476529;117;42;66-929;731433483;marta.krol184@gmail.com;1976-07-08;VIP
U00547;RD0005;KL00002137;Marta;Wieczorek;63490121240;DOK889314;100;57;86-825;685433329;marta.wieczorek200@gmail.com;1958-01-20;zwykly
U00508;RD0003;KL00002138;Tomasz;Dabrowski;64245500302;DOK229460;121;44;58-911;778503206;tomasz.dabrowski328@gmail.com;1994-08-20;zwykly
U00397;RD0003;KL00002139;Marek;Wrobel;20256744748;DOK226835;100;;79-408;733746215;marek.wrobel9@gmail.com;2007-04-06;VIP
U00535;RD0003;KL00002140;Julia;Krol;65582155689;DOK675030;153;51;96-422;759371384;julia.krol667@gmail.com;1958-02-16;zwykly
U00388;RD0003;KL00002141;Tomasz;Jankowski;78028790767;DOK882249;126;19;15-161;533772126;tomasz.jankowski919@gmail.com;1979-10-07;firmowy
U00089;RD0003;KL00002142;Marek;Lewandowski;28564091584;DOK386802;46;22;29-349;898772450;marek.lewandowski400@gmail.com;1957-04-21;zwykly
U00536;RD0010;KL00002143;Adam;Kozlowski;92931093178;DOK509446;17;;23-370;530368282;adam.kozlowski348@gmail.com;2007-08-01;VIP
U00369;RD0004;KL00002144;Jan;Wieczorek;37189109871;DOK904826;23;;25-527;646133632;jan.wieczorek381@gmail.com;1983-02-25;zwykly
U00639;RD0004;KL00002145;Jakub;Krol;40706497825;DOK256681;33;46;25-006;824555408;jakub.krol88@gmail.com;1964-12-29;nowy
U00232;RD0002;KL00002146;Michal;Szymanski;98898733192;DOK937584;20;;13-826;788969939;michal.szymanski949@gmail.com;1988-01-14;nowy
U00202;RD0008;KL00002147;Zofia;Szymanski;89378354800;DOK899076;140;;48-046;579772306;zofia.szymanski99@gmail.com;1962-10-23;firmowy
U00234;RD0002;KL00002148;Adam;Kowalczyk;75356563546;DOK752957;145;58;76-082;769642477;adam.kowalczyk112@gmail.com;1999-06-12;zwykly
U00581;RD0007;KL00002149;Anna;Wrobel;32809421429;DOK528238;89;34;88-772;733656541;anna.wrobel831@gmail.com;1969-10-08;staly
U00485;RD0008;KL00002150;Natalia;Nowicka;52831148056;DOK914011;89;27;37-785;877029121;natalia.nowicka308@gmail.com;1989-03-06;nowy
U00201;RD0008;KL00002151;Weronika;Kowalczyk;99438248665;DOK256336;81;;33-131;843272348;weronika.kowalczyk330@gmail.com;1968-10-14;staly
U00478;RD0009;KL00002152;Katarzyna;Wisniewski;85933146322;DOK894010;48;22;15-255;635165484;katarzyna.wisniewski345@gmail.com;1979-11-16;VIP
U00540;RD0003;KL00002153;Weronika;Zajac;33500888832;DOK107460;68;;70-445;703845000;weronika.zajac938@gmail.com;1980-10-12;zwykly
U00554;RD0009;KL00002154;Weronika;Kowalczyk;78590064603;DOK413763;83;53;74-457;542429136;weronika.kowalczyk741@gmail.com;2000-04-05;VIP
U00484;RD0006;KL00002155;Anna;Wieczorek;19481600732;DOK817241;56;25;81-368;824365191;anna.wieczorek195@gmail.com;1961-12-28;staly
U00140;RD0007;KL00002156;Damian;Stepien;23436352453;DOK788565;168;;47-728;544130529;damian.stepien264@gmail.com;1972-12-02;VIP
U00125;RD0001;KL00002157;Jan;Wieczorek;64998213283;DOK185584;72;23;28-605;820781635;jan.wieczorek392@gmail.com;1975-10-25;staly
U00320;RD0005;KL00002158;Marcin;Piotrowski;39770881368;DOK323906;18;40;71-099;565756959;marcin.piotrowski700@gmail.com;1979-08-31;VIP
U00284;RD0010;KL00002159;Zofia;Zielinska;74136046059;DOK272624;160;;88-478;515295677;zofia.zielinska95@gmail.com;1956-09-17;zwykly
U00649;RD0005;KL00002160;Ewa;Lewandowski;49626599290;DOK416174;154;24;79-717;691096432;ewa.lewandowski834@gmail.com;1992-07-13;firmowy
U00544;RD0009;KL00002161;Wojciech;Wisniewski;20765714942;DOK978569;122;4;26-118;696685896;wojciech.wisniewski587@gmail.com;1995-03-15;VIP
U00262;RD0004;KL00002162;Magdalena;Krol;67794559670;DOK330257;132;;46-597;524178634;magdalena.krol976@gmail.com;1969-05-02;VIP
U00172;RD0003;KL00002163;Katarzyna;Kaminska;55535595252;DOK376864;143;;66-014;655605444;katarzyna.kaminska462@gmail.com;1969-01-25;zwykly
U00538;RD0004;KL00002164;Julia;Zajac;64965083656;DOK682563;119;;70-740;766486366;julia.zajac262@gmail.com;1955-06-08;firmowy
U00413;RD0007;KL00002165;Jan;Zielinska;60518780534;DOK521754;4;;67-386;884962550;jan.zielinska143@gmail.com;1966-01-10;nowy
U00186;RD0009;KL00002166;Marek;Wojcik;23430616531;DOK709252;55;33;63-885;788398982;marek.wojcik169@gmail.com;1987-09-19;nowy
U00451;RD0003;KL00002167;Olga;Szymanski;46192236326;DOK842722;56;13;11-928;660720009;olga.szymanski740@gmail.com;1979-07-05;nowy
U00171;RD0001;KL00002168;Karolina;Michalski;65405653436;DOK520360;169;3;44-556;689147402;karolina.michalski238@gmail.com;1961-06-06;VIP
U00670;RD0005;KL00002169;Pawel;Szymanski;80179987750;DOK950785;71;36;21-115;779631762;pawel.szymanski674@gmail.com;1976-01-18;firmowy
U00158;RD0005;KL00002170;Natalia;Wojcik;23663646461;DOK130502;100;30;81-698;547431600;natalia.wojcik486@gmail.com;2006-07-10;zwykly
U00231;RD0007;KL00002171;Julia;Pawlak;96983482723;DOK654725;25;;62-744;681489516;julia.pawlak594@gmail.com;1978-10-16;staly
U00641;RD0006;KL00002172;Ewa;Pawlak;32582976603;DOK176809;160;;83-772;605942648;ewa.pawlak944@gmail.com;1962-02-07;VIP
U00199;RD0007;KL00002173;Damian;Krawczyk;88754469791;DOK620664;46;;69-437;778993960;damian.krawczyk505@gmail.com;1987-05-30;firmowy
U00215;RD0006;KL00002174;Natalia;Michalski;86400222584;DOK545797;19;;49-091;760664934;natalia.michalski264@gmail.com;1995-07-14;zwykly
U00226;RD0009;KL00002175;Mateusz;Jankowski;98251810328;DOK670865;77;;72-875;569942094;mateusz.jankowski197@gmail.com;1968-08-23;nowy
U00696;RD0008;KL00002176;Aleksandra;Kowalski;65188289111;DOK220566;94;3;22-076;544022098;aleksandra.kowalski230@gmail.com;1996-06-30;zwykly
U00539;RD0001;KL00002177;Jakub;Dabrowski;49976772548;DOK292338;51;;42-511;832041016;jakub.dabrowski161@gmail.com;2006-08-04;zwykly
U00619;RD0001;KL00002178;Michal;Michalski;10373794889;DOK861394;135;7;59-795;634265663;michal.michalski846@gmail.com;1986-04-28;nowy
U00644;RD0010;KL00002179;Jan;Dabrowski;53334340872;DOK604582;58;60;13-390;743841060;jan.dabrowski628@gmail.com;1993-12-11;firmowy
U00237;RD0007;KL00002180;Krzysztof;Wrobel;33416550819;DOK138345;150;8;15-820;597294667;krzysztof.wrobel780@gmail.com;1968-03-06;firmowy
U00313;RD0004;KL00002181;Alicja;Krawczyk;34372336339;DOK159910;94;25;82-579;735595978;alicja.krawczyk163@gmail.com;1973-03-02;staly
U00107;RD0006;KL00002182;Aleksandra;Grabowska;73058813403;DOK748085;51;;72-478;503818771;aleksandra.grabowska122@gmail.com;1962-11-14;staly
U00634;RD0002;KL00002183;Julia;Wrobel;37913583038;DOK755727;47;55;62-004;814734444;julia.wrobel435@gmail.com;1989-07-26;staly
U00566;RD0009;KL00002184;Karolina;Nowicka;99625160320;DOK820022;141;;18-035;781183719;karolina.nowicka352@gmail.com;2000-11-01;nowy
U00356;RD0009;KL00002185;Magdalena;Lewandowski;78583010755;DOK970269;152;;37-971;874124445;magdalena.lewandowski938@gmail.com;1968-03-28;firmowy
U00509;RD0001;KL00002186;Michal;Szymanski;62262090739;DOK310516;39;;73-673;727792761;michal.szymanski907@gmail.com;2007-01-27;staly
U00271;RD0006;KL00002187;Aleksandra;Mazur;72355377123;DOK787679;100;;43-838;813193020;aleksandra.mazur649@gmail.com;1973-01-14;firmowy
U00358;RD0006;KL00002188;Ewa;Wisniewski;99515533545;DOK948453;62;;66-928;635689600;ewa.wisniewski885@gmail.com;1976-10-03;zwykly
U00133;RD0005;KL00002189;Marcin;Wieczorek;41630479317;DOK564187;127;;92-005;800195770;marcin.wieczorek743@gmail.com;1973-07-27;nowy
U00323;RD0004;KL00002190;Aleksandra;Mazur;94360385106;DOK371264;86;16;66-824;687581425;aleksandra.mazur287@gmail.com;1992-09-11;zwykly
U00538;RD0001;KL00002191;Damian;Grabowska;41673655077;DOK657942;56;;78-380;716312583;damian.grabowska595@gmail.com;1967-10-29;VIP
U00124;RD0004;KL00002192;Ewa;Krol;93352781367;DOK498222;78;34;15-713;648550176;ewa.krol831@gmail.com;1956-12-26;firmowy
U00215;RD0001;KL00002193;Zofia;Piotrowski;48119868712;DOK191604;91;;59-223;594853229;zofia.piotrowski831@gmail.com;2003-01-29;staly
U00106;RD0001;KL00002194;Jan;Kozlowski;30957290906;DOK527411;93;56;78-462;839108996;jan.kozlowski596@gmail.com;1984-05-22;VIP
U00405;RD0008;KL00002195;Pawel;Dabrowski;97106801479;DOK547785;69;51;60-884;731865750;pawel.dabrowski764@gmail.com;1957-07-17;VIP
U00498;RD0004;KL00002196;Pawel;Kowalczyk;94054126318;DOK597588;68;;86-150;528822309;pawel.kowalczyk726@gmail.com;2006-07-29;nowy
U00055;RD0002;KL00002197;Julia;Wisniewski;31565667756;DOK758804;126;;71-823;786323952;julia.wisniewski113@gmail.com;2001-05-31;nowy
U00402;RD0005;KL00002198;Jakub;Wojcik;82914599860;DOK375115;152;31;82-649;751971054;jakub.wojcik208@gmail.com;1990-04-11;VIP
U00438;RD0002;KL00002199;Zofia;Kowalski;45491830556;DOK325404;83;;93-380;644735906;zofia.kowalski723@gmail.com;1987-03-11;nowy
U00350;RD0001;KL00002200;Mateusz;Lewandowski;61158578554;DOK801163;165;27;14-190;750902423;mateusz.lewandowski30@gmail.com;2004-06-01;firmowy
U00343;RD0007;KL00002201;Adam;Grabowska;77672438055;DOK163399;124;;99-554;865179628;adam.grabowska965@gmail.com;1963-02-24;VIP
U00245;RD0007;KL00002202;Aleksandra;Kaminska;26846753768;DOK329031;146;;34-503;747884426;aleksandra.kaminska260@gmail.com;1979-10-07;nowy
U00534;RD0005;KL00002203;Wojciech;Michalski;43987688978;DOK622431;106;29;11-342;872278950;wojciech.michalski518@gmail.com;2007-12-23;zwykly
U00068;RD0001;KL00002204;Magdalena;Michalski;64777306480;DOK986070;165;;13-838;729413431;magdalena.michalski274@gmail.com;1957-10-11;firmowy
U00541;RD0004;KL00002205;Anna;Piotrowski;86284425270;DOK813797;166;;77-748;644367065;anna.piotrowski525@gmail.com;1968-05-10;zwykly
U00530;RD0006;KL00002206;Zofia;Szymanski;37755969048;DOK553886;85;45;96-007;656258426;zofia.szymanski899@gmail.com;1972-11-07;nowy
U00190;RD0009;KL00002207;Marek;Grabowska;91852437588;DOK110371;49;;67-567;771683566;marek.grabowska251@gmail.com;2000-02-18;firmowy
U00252;RD0002;KL00002208;Olga;Szymanski;76262852698;DOK880356;133;;89-514;643333788;olga.szymanski971@gmail.com;1972-10-07;staly
U00576;RD0010;KL00002209;Anna;Pawlak;56819438799;DOK878498;151;;35-190;835875361;anna.pawlak35@gmail.com;1986-05-20;staly
U00351;RD0003;KL00002210;Karolina;Kowalski;93422547943;DOK755354;14;;56-162;610983368;karolina.kowalski854@gmail.com;1999-03-01;zwykly
U00613;RD0010;KL00002211;Marek;Krol;63267066792;DOK305346;57;;86-842;588654819;marek.krol933@gmail.com;1971-09-25;staly
U00272;RD0001;KL00002212;Tomasz;Jankowski;44267274199;DOK130777;113;38;25-822;689633323;tomasz.jankowski282@gmail.com;1959-02-03;VIP
U00214;RD0003;KL00002213;Marta;Piotrowski;22995523134;DOK253060;161;14;21-571;675212088;marta.piotrowski5@gmail.com;1956-06-30;staly
U00081;RD0009;KL00002214;Marek;Lewandowski;65208898809;DOK642301;33;4;48-541;566811375;marek.lewandowski801@gmail.com;2002-03-02;zwykly
U00058;RD0006;KL00002215;Mateusz;Zielinska;79996463812;DOK401869;115;;76-367;738083466;mateusz.zielinska775@gmail.com;1988-01-13;nowy
U00601;RD0009;KL00002216;Krzysztof;Lewandowski;45005533658;DOK971395;85;21;40-538;556359618;krzysztof.lewandowski384@gmail.com;1960-10-04;nowy
U00149;RD0004;KL00002217;Alicja;Grabowska;82003789922;DOK244790;112;55;26-600;690608399;alicja.grabowska889@gmail.com;1961-09-13;nowy
U00372;RD0006;KL00002218;Jakub;Kaminska;72906329917;DOK818862;108;51;77-677;888596538;jakub.kaminska82@gmail.com;1977-11-25;staly
U00250;RD0001;KL00002219;Mateusz;Nowak;82743260857;DOK229953;148;;89-336;662849802;mateusz.nowak269@gmail.com;2005-06-23;nowy
U00106;RD0006;KL00002220;Krzysztof;Mazur;79982932365;DOK681337;73;8;51-754;516347165;krzysztof.mazur523@gmail.com;1993-12-06;VIP
U00296;RD0007;KL00002221;Wojciech;Szymanski;51712058312;DOK143066;61;2;66-955;721713355;wojciech.szymanski610@gmail.com;1979-07-29;staly
U00616;RD0004;KL00002222;Olga;Jankowski;80148160084;DOK635591;20;33;27-679;581896119;olga.jankowski458@gmail.com;1984-11-06;staly
U00463;RD0008;KL00002223;Julia;Piotrowski;78435028532;DOK384698;96;12;57-290;880125748;julia.piotrowski121@gmail.com;1963-08-03;VIP
U00152;RD0005;KL00002224;Adam;Piotrowski;90473345347;DOK951688;64;;70-630;520689653;adam.piotrowski18@gmail.com;1988-07-31;zwykly
U00339;RD0006;KL00002225;Marcin;Dabrowski;84235110177;DOK972549;80;48;63-472;642352190;marcin.dabrowski945@gmail.com;2003-12-21;zwykly
U00136;RD0004;KL00002226;Karolina;Krawczyk;90220301404;DOK457479;108;32;25-157;677109480;karolina.krawczyk373@gmail.com;1994-11-20;VIP
U00173;RD0008;KL00002227;Jakub;Kowalski;71980354289;DOK376307;160;2;58-308;566531679;jakub.kowalski802@gmail.com;1965-07-16;VIP
U00696;RD0008;KL00002228;Magdalena;Kowalczyk;58951034176;DOK306930;17;53;57-971;560760755;magdalena.kowalczyk711@gmail.com;1997-09-16;VIP
U00509;RD0001;KL00002229;Michal;Wojcik;53189685026;DOK396660;94;;40-809;655579850;michal.wojcik362@gmail.com;1979-03-15;nowy
U00446;RD0003;KL00002230;Jakub;Jankowski;27000422336;DOK544557;143;43;37-208;700259176;jakub.jankowski814@gmail.com;1999-10-12;firmowy
U00425;RD0009;KL00002231;Marcin;Krawczyk;83246237048;DOK960222;157;;10-308;899334290;marcin.krawczyk595@gmail.com;1961-03-28;zwykly
U00053;RD0005;KL00002232;Adam;Krawczyk;19452892502;DOK596657;23;;52-696;753161025;adam.krawczyk573@gmail.com;1976-11-05;VIP
U00593;RD0008;KL00002233;Piotr;Wieczorek;42569041742;DOK333903;101;57;15-797;830746075;piotr.wieczorek699@gmail.com;1971-07-05;zwykly
U00431;RD0001;KL00002234;Marta;Wrobel;89557878953;DOK642798;130;42;96-025;547242009;marta.wrobel35@gmail.com;1980-01-30;staly
U00202;RD0010;KL00002235;Olga;Pawlak;18926139881;DOK213274;95;12;15-165;717914416;olga.pawlak292@gmail.com;1958-04-20;zwykly
U00195;RD0004;KL00002236;Aleksandra;Stepien;38808986441;DOK698384;111;;85-043;599289426;aleksandra.stepien932@gmail.com;1955-03-02;VIP
U00652;RD0008;KL00002237;Weronika;Pawlak;33702893583;DOK786694;17;40;37-540;659533446;weronika.pawlak291@gmail.com;1985-08-10;nowy
U00464;RD0007;KL00002238;Katarzyna;Krawczyk;41800713902;DOK884052;70;52;27-756;504242429;katarzyna.krawczyk557@gmail.com;1970-10-29;staly
U00095;RD0003;KL00002239;Adam;Stepien;32737325709;DOK878942;104;;71-284;579939701;adam.stepien746@gmail.com;1983-02-08;staly
U00264;RD0008;KL00002240;Michal;Kowalski;85798631438;DOK303554;176;49;73-613;733052415;michal.kowalski417@gmail.com;1971-04-22;firmowy
U00336;RD0009;KL00002241;Aleksandra;Wieczorek;85991099277;DOK597414;114;20;44-624;804125738;aleksandra.wieczorek173@gmail.com;1976-03-03;firmowy
U00680;RD0002;KL00002242;Adam;Piotrowski;48439410081;DOK502676;157;;82-631;877494430;adam.piotrowski343@gmail.com;1971-12-19;zwykly
U00339;RD0007;KL00002243;Olga;Kozlowski;50387189656;DOK785343;37;;45-010;581924521;olga.kozlowski642@gmail.com;1980-10-12;nowy
U00569;RD0010;KL00002244;Damian;Kowalski;64997931795;DOK381300;151;;63-683;778829646;damian.kowalski66@gmail.com;1963-04-14;nowy
U00591;RD0003;KL00002245;Alicja;Kowalczyk;99215537262;DOK760754;166;;59-573;763413214;alicja.kowalczyk141@gmail.com;1967-08-22;zwykly
U00213;RD0004;KL00002246;Zofia;Piotrowski;15453927371;DOK505595;173;14;75-423;764108172;zofia.piotrowski942@gmail.com;1975-06-21;nowy
U00514;RD0004;KL00002247;Jakub;Grabowska;54365733918;DOK712495;99;59;51-691;741245977;jakub.grabowska679@gmail.com;1982-03-07;staly
U00515;RD0007;KL00002248;Olga;Piotrowski;14304111153;DOK469687;87;;26-938;712385616;olga.piotrowski653@gmail.com;2005-12-10;firmowy
U00268;RD0005;KL00002249;Wojciech;Krawczyk;95644392999;DOK376790;55;59;38-169;750660815;wojciech.krawczyk38@gmail.com;1980-01-07;firmowy
U00445;RD0006;KL00002250;Katarzyna;Szymanski;32562299928;DOK144366;16;;21-701;773858695;katarzyna.szymanski442@gmail.com;1985-02-24;staly
U00103;RD0006;KL00002251;Krzysztof;Stepien;14884614952;DOK361682;84;;83-094;806901804;krzysztof.stepien995@gmail.com;1990-11-28;staly
U00023;RD0006;KL00002252;Marta;Wrobel;59000628683;DOK757823;26;;50-900;793845633;marta.wrobel328@gmail.com;1958-05-19;nowy
U00270;RD0004;KL00002253;Piotr;Wieczorek;35393741159;DOK973417;48;33;70-920;727265096;piotr.wieczorek421@gmail.com;2003-05-01;VIP
U00688;RD0010;KL00002254;Alicja;Grabowska;28378805894;DOK317272;53;1;61-041;899423836;alicja.grabowska820@gmail.com;1989-05-23;nowy
U00503;RD0001;KL00002255;Piotr;Zajac;57408537577;DOK258441;33;34;44-357;746492501;piotr.zajac922@gmail.com;1999-07-12;staly
U00371;RD0010;KL00002256;Mateusz;Krawczyk;12570958741;DOK449964;34;;33-359;830938686;mateusz.krawczyk636@gmail.com;1984-03-17;zwykly
U00221;RD0006;KL00002257;Katarzyna;Dabrowski;15127076722;DOK427272;2;31;56-126;618554677;katarzyna.dabrowski42@gmail.com;1984-02-18;zwykly
U00157;RD0003;KL00002258;Jan;Krol;62006620645;DOK676464;151;;53-822;608000325;jan.krol843@gmail.com;1986-04-18;zwykly
U00245;RD0003;KL00002259;Julia;Piotrowski;48842512370;DOK357770;22;29;46-254;546701649;julia.piotrowski184@gmail.com;1983-02-27;firmowy
U00408;RD0001;KL00002260;Karolina;Jankowski;40818683067;DOK311022;103;;62-991;691020196;karolina.jankowski348@gmail.com;1989-09-19;zwykly
U00257;RD0008;KL00002261;Karolina;Kowalczyk;54349244948;DOK454808;39;;27-915;529065622;karolina.kowalczyk691@gmail.com;1971-06-19;firmowy
U00059;RD0003;KL00002262;Wojciech;Grabowska;24233888699;DOK108091;2;23;97-945;734410383;wojciech.grabowska564@gmail.com;1988-03-03;zwykly
U00003;RD0006;KL00002263;Karolina;Michalski;19353711691;DOK831721;134;;59-464;869450965;karolina.michalski614@gmail.com;1968-10-14;VIP
U00193;RD0010;KL00002264;Zofia;Jankowski;43515617769;DOK897170;179;2;90-885;698951163;zofia.jankowski280@gmail.com;1991-01-18;staly
U00328;RD0002;KL00002265;Ewa;Michalski;54747560988;DOK596060;15;38;47-192;577996727;ewa.michalski882@gmail.com;1962-05-15;nowy
U00152;RD0005;KL00002266;Zofia;Nowak;62298260148;DOK816601;68;;77-802;679490987;zofia.nowak644@gmail.com;2001-07-21;staly
U00588;RD0001;KL00002267;Ewa;Wojcik;48802973408;DOK172167;168;21;49-557;770810709;ewa.wojcik34@gmail.com;1976-07-04;zwykly
U00227;RD0004;KL00002268;Anna;Krol;62761238800;DOK912320;94;15;63-207;627837571;anna.krol7@gmail.com;1976-06-25;firmowy
U00310;RD0004;KL00002269;Marcin;Jankowski;18033780556;DOK103038;148;58;46-122;717765809;marcin.jankowski790@gmail.com;1972-12-07;VIP
U00034;RD0003;KL00002270;Krzysztof;Piotrowski;11986087809;DOK968697;70;;24-838;598749976;krzysztof.piotrowski350@gmail.com;2002-11-22;nowy
U00697;RD0004;KL00002271;Alicja;Pawlak;39474678639;DOK758071;145;6;67-657;789414680;alicja.pawlak384@gmail.com;1980-11-26;nowy
U00388;RD0010;KL00002272;Katarzyna;Piotrowski;59153537739;DOK138598;91;32;40-991;870130722;katarzyna.piotrowski793@gmail.com;1993-04-19;VIP
U00071;RD0001;KL00002273;Jan;Stepien;60189404054;DOK856137;93;38;20-793;703164820;jan.stepien622@gmail.com;2007-05-03;nowy
U00667;RD0002;KL00002274;Pawel;Zielinska;89405896941;DOK322174;97;;73-028;778706965;pawel.zielinska617@gmail.com;2003-07-19;staly
U00045;RD0007;KL00002275;Ewa;Dabrowski;51358303593;DOK472184;39;22;83-207;697895088;ewa.dabrowski479@gmail.com;1956-06-17;firmowy
U00007;RD0010;KL00002276;Tomasz;Jankowski;62660421070;DOK288666;4;;92-328;728373412;tomasz.jankowski151@gmail.com;1999-05-29;VIP
U00595;RD0003;KL00002277;Krzysztof;Wojcik;11763813871;DOK897008;33;54;90-673;705634975;krzysztof.wojcik807@gmail.com;2005-05-01;zwykly
U00447;RD0009;KL00002278;Katarzyna;Pawlak;10504830981;DOK735818;57;;10-601;848618772;katarzyna.pawlak70@gmail.com;1995-02-13;staly
U00570;RD0002;KL00002279;Mateusz;Kowalski;72937078541;DOK151336;13;9;73-706;718085732;mateusz.kowalski683@gmail.com;1966-06-09;nowy
U00685;RD0009;KL00002280;Jan;Jankowski;72113096469;DOK963272;126;51;16-086;648997900;jan.jankowski688@gmail.com;1995-01-22;firmowy
U00395;RD0009;KL00002281;Marek;Stepien;27003122754;DOK210290;145;;92-671;894733916;marek.stepien615@gmail.com;1982-04-21;staly
U00503;RD0008;KL00002282;Karolina;Kowalski;96768133407;DOK433378;153;;99-817;802221140;karolina.kowalski703@gmail.com;1962-08-17;nowy
U00038;RD0006;KL00002283;Alicja;Kowalczyk;58123615110;DOK520760;62;47;82-956;896493859;alicja.kowalczyk679@gmail.com;1986-04-10;staly
U00687;RD0010;KL00002284;Ewa;Nowicka;57995005587;DOK147064;13;;23-434;750705609;ewa.nowicka765@gmail.com;1973-01-29;nowy
U00485;RD0004;KL00002285;Karolina;Wieczorek;84573972976;DOK226508;142;;24-501;890272047;karolina.wieczorek509@gmail.com;1972-11-02;nowy
U00512;RD0008;KL00002286;Krzysztof;Dabrowski;42672730200;DOK491974;158;43;96-967;678827608;krzysztof.dabrowski671@gmail.com;1992-06-06;staly
U00241;RD0006;KL00002287;Pawel;Pawlak;93264935767;DOK706799;152;;25-181;688263417;pawel.pawlak149@gmail.com;2007-08-09;zwykly
U00205;RD0001;KL00002288;Piotr;Krol;64533321231;DOK366519;110;8;29-390;763551274;piotr.krol115@gmail.com;1994-04-15;zwykly
U00600;RD0010;KL00002289;Mateusz;Krawczyk;36582192911;DOK487512;62;14;90-078;631702852;mateusz.krawczyk784@gmail.com;1992-10-10;firmowy
U00041;RD0006;KL00002290;Weronika;Lewandowski;64294374244;DOK656132;34;48;71-382;624630717;weronika.lewandowski242@gmail.com;1977-06-01;staly
U00176;RD0001;KL00002291;Alicja;Krawczyk;92187426685;DOK808351;71;32;42-491;770680013;alicja.krawczyk127@gmail.com;1962-09-27;VIP
U00413;RD0010;KL00002292;Weronika;Kaminska;38300543544;DOK404488;95;;39-584;588692326;weronika.kaminska820@gmail.com;1963-09-05;VIP
U00085;RD0008;KL00002293;Mateusz;Zielinska;72898890308;DOK635490;111;;11-812;631154921;mateusz.zielinska582@gmail.com;1999-04-21;staly
U00450;RD0006;KL00002294;Marta;Zajac;98666035993;DOK158175;81;;71-709;854424317;marta.zajac507@gmail.com;2004-04-27;firmowy
U00081;RD0008;KL00002295;Damian;Michalski;37061109703;DOK177766;33;14;48-656;671403999;damian.michalski212@gmail.com;1978-10-19;VIP
U00079;RD0002;KL00002296;Adam;Stepien;55912917566;DOK618996;91;;85-144;746653132;adam.stepien162@gmail.com;1958-05-31;nowy
U00036;RD0004;KL00002297;Michal;Nowicka;88943797132;DOK835921;96;;55-427;600101355;michal.nowicka904@gmail.com;1996-08-19;staly
U00591;RD0002;KL00002298;Pawel;Lewandowski;84762223627;DOK495908;118;52;76-549;669341625;pawel.lewandowski333@gmail.com;1956-02-16;firmowy
U00234;RD0010;KL00002299;Mateusz;Szymanski;45530486612;DOK940816;28;;18-016;660976424;mateusz.szymanski150@gmail.com;1988-02-16;nowy
U00638;RD0004;KL00002300;Magdalena;Szymanski;45857856058;DOK982369;150;;10-109;781627173;magdalena.szymanski819@gmail.com;1959-10-31;nowy
U00630;RD0007;KL00002301;Weronika;Wieczorek;95633338136;DOK772662;30;;29-780;836970282;weronika.wieczorek601@gmail.com;1971-09-13;staly
U00216;RD0009;KL00002302;Krzysztof;Kozlowski;21313635075;DOK205639;23;;73-038;601281858;krzysztof.kozlowski307@gmail.com;1986-03-04;staly
U00659;RD0002;KL00002303;Tomasz;Nowak;69429961071;DOK400199;176;;33-309;679488314;tomasz.nowak931@gmail.com;1977-01-01;staly
U00004;RD0003;KL00002304;Karolina;Kaminska;27014569328;DOK970872;60;;42-812;709050118;karolina.kaminska638@gmail.com;2003-04-06;VIP
U00256;RD0010;KL00002305;Marek;Wrobel;11221878629;DOK614002;22;16;95-302;622983105;marek.wrobel283@gmail.com;1981-03-12;firmowy
U00349;RD0005;KL00002306;Anna;Krol;17138197543;DOK537382;13;16;83-538;541334631;anna.krol53@gmail.com;1985-01-16;nowy
U00111;RD0007;KL00002307;Damian;Jankowski;53765226322;DOK239944;20;;20-757;595198580;damian.jankowski1@gmail.com;1966-08-07;VIP
U00110;RD0008;KL00002308;Julia;Wieczorek;62991108478;DOK170647;99;58;87-345;734141516;julia.wieczorek260@gmail.com;2000-03-20;zwykly
U00344;RD0005;KL00002309;Adam;Zajac;36293130159;DOK328937;173;;60-368;892355594;adam.zajac823@gmail.com;1955-11-03;VIP
U00612;RD0002;KL00002310;Adam;Kozlowski;84386662312;DOK222235;113;7;95-382;890319726;adam.kozlowski485@gmail.com;1992-05-06;VIP
U00338;RD0003;KL00002311;Mateusz;Nowak;88615157598;DOK286941;44;;84-883;562353916;mateusz.nowak659@gmail.com;2001-08-27;zwykly
U00164;RD0010;KL00002312;Wojciech;Dabrowski;46969378860;DOK628248;29;;46-007;545145883;wojciech.dabrowski222@gmail.com;1989-12-04;staly
U00407;RD0010;KL00002313;Marcin;Stepien;38265527252;DOK708685;31;;31-422;672575776;marcin.stepien158@gmail.com;1955-05-23;zwykly
U00032;RD0002;KL00002314;Alicja;Stepien;50588405589;DOK145045;39;;74-662;662524813;alicja.stepien719@gmail.com;1975-11-28;firmowy
U00526;RD0009;KL00002315;Aleksandra;Nowicka;63218955828;DOK481668;160;;19-707;791232375;aleksandra.nowicka151@gmail.com;1986-07-13;VIP
U00128;RD0004;KL00002316;Olga;Krol;64383195096;DOK579264;172;;87-974;554643359;olga.krol936@gmail.com;1983-05-02;staly
U00655;RD0010;KL00002317;Michal;Stepien;37115652487;DOK934558;39;36;93-026;551058152;michal.stepien101@gmail.com;1967-12-23;zwykly
U00141;RD0004;KL00002318;Adam;Kozlowski;57684191560;DOK522200;137;57;40-296;598263888;adam.kozlowski557@gmail.com;1972-01-23;zwykly
U00152;RD0005;KL00002319;Ewa;Kowalczyk;33169355797;DOK512159;123;41;41-799;584878430;ewa.kowalczyk11@gmail.com;1964-06-27;staly
U00163;RD0004;KL00002320;Zofia;Szymanski;68140527073;DOK562433;11;31;59-030;666932910;zofia.szymanski792@gmail.com;1964-02-28;nowy
U00668;RD0010;KL00002321;Ewa;Lewandowski;86241228657;DOK617465;164;58;64-725;712138658;ewa.lewandowski932@gmail.com;1986-12-20;staly
U00512;RD0008;KL00002322;Anna;Pawlak;30887534382;DOK178683;11;;53-182;656826708;anna.pawlak864@gmail.com;2001-10-30;zwykly
U00224;RD0001;KL00002323;Jan;Zielinska;10313715475;DOK821339;173;49;86-731;764702324;jan.zielinska990@gmail.com;1964-11-04;staly
U00141;RD0006;KL00002324;Olga;Piotrowski;32662434932;DOK553258;89;;18-447;899937364;olga.piotrowski831@gmail.com;2000-05-08;nowy
U00213;RD0010;KL00002325;Mateusz;Wrobel;75188506084;DOK985001;112;49;39-594;795766450;mateusz.wrobel327@gmail.com;2002-08-03;VIP
U00674;RD0002;KL00002326;Zofia;Pawlak;86471625839;DOK277481;131;59;58-663;602920253;zofia.pawlak994@gmail.com;2000-08-20;VIP
U00563;RD0007;KL00002327;Damian;Piotrowski;12216086497;DOK601328;11;;93-897;624687800;damian.piotrowski361@gmail.com;1986-01-27;VIP
U00629;RD0010;KL00002328;Piotr;Nowicka;88886590878;DOK346692;19;47;64-698;810632256;piotr.nowicka608@gmail.com;1967-09-25;zwykly
U00327;RD0004;KL00002329;Wojciech;Lewandowski;57489575289;DOK107168;121;42;10-507;757422126;wojciech.lewandowski384@gmail.com;1955-06-02;nowy
U00580;RD0005;KL00002330;Weronika;Dabrowski;90138173578;DOK739024;157;26;35-801;686027439;weronika.dabrowski468@gmail.com;1980-09-18;nowy
U00425;RD0003;KL00002331;Karolina;Stepien;21891462872;DOK349225;140;52;51-933;810741417;karolina.stepien368@gmail.com;1959-12-19;nowy
U00566;RD0005;KL00002332;Damian;Szymanski;60422263388;DOK391403;44;;57-596;678676490;damian.szymanski345@gmail.com;1961-11-10;VIP
U00036;RD0006;KL00002333;Pawel;Stepien;21219887761;DOK468069;76;;62-213;854038004;pawel.stepien706@gmail.com;1979-02-12;zwykly
U00102;RD0001;KL00002334;Ewa;Stepien;68397168542;DOK622069;80;;96-235;730257534;ewa.stepien235@gmail.com;1982-05-08;staly
U00011;RD0006;KL00002335;Ewa;Krol;13152397271;DOK364040;17;;73-904;576430300;ewa.krol145@gmail.com;1971-02-23;staly
U00499;RD0009;KL00002336;Marek;Krawczyk;38816525026;DOK966185;174;;91-845;792590637;marek.krawczyk115@gmail.com;1964-07-09;nowy
U00065;RD0009;KL00002337;Piotr;Piotrowski;95109104957;DOK785602;146;23;49-690;737898393;piotr.piotrowski760@gmail.com;2001-05-29;staly
U00073;RD0003;KL00002338;Marek;Wojcik;68331429072;DOK356029;128;14;19-089;664182218;marek.wojcik621@gmail.com;1969-01-03;VIP
U00548;RD0009;KL00002339;Katarzyna;Kowalski;33204634371;DOK352431;14;47;52-800;812171816;katarzyna.kowalski910@gmail.com;1972-08-26;zwykly
U00546;RD0002;KL00002340;Jan;Zielinska;40145140420;DOK839229;107;;57-732;549756947;jan.zielinska694@gmail.com;1957-07-19;zwykly
U00513;RD0003;KL00002341;Marek;Wisniewski;19897973519;DOK840737;65;;21-458;524449733;marek.wisniewski138@gmail.com;1990-03-27;staly
U00435;RD0009;KL00002342;Karolina;Wisniewski;85035578678;DOK567261;165;13;33-777;534483684;karolina.wisniewski289@gmail.com;1993-08-23;nowy
U00012;RD0004;KL00002343;Mateusz;Grabowska;30034905260;DOK121600;72;;49-680;766060097;mateusz.grabowska262@gmail.com;1969-07-01;VIP
U00133;RD0002;KL00002344;Julia;Dabrowski;66020923596;DOK478770;17;52;12-301;712116776;julia.dabrowski2@gmail.com;1959-06-20;zwykly
U00114;RD0004;KL00002345;Wojciech;Dabrowski;40588579760;DOK452560;94;;68-584;662919639;wojciech.dabrowski137@gmail.com;1958-03-22;firmowy
U00698;RD0003;KL00002346;Damian;Kowalczyk;42981119412;DOK725785;92;;98-475;570049232;damian.kowalczyk673@gmail.com;1960-10-15;firmowy
U00536;RD0010;KL00002347;Tomasz;Wisniewski;85514350196;DOK620950;142;53;68-502;727375206;tomasz.wisniewski488@gmail.com;2005-01-20;firmowy
U00223;RD0009;KL00002348;Natalia;Wisniewski;72192771340;DOK788161;20;;37-621;788323731;natalia.wisniewski87@gmail.com;1991-04-10;nowy
U00468;RD0003;KL00002349;Zofia;Krol;44538923299;DOK631291;122;;45-369;562765087;zofia.krol602@gmail.com;1972-03-18;staly
U00514;RD0007;KL00002350;Jakub;Zajac;82711188074;DOK947760;22;51;68-848;888797426;jakub.zajac229@gmail.com;1974-02-03;zwykly
U00032;RD0008;KL00002351;Weronika;Pawlak;17204102398;DOK360020;161;7;54-897;760092478;weronika.pawlak825@gmail.com;1976-09-15;nowy
U00198;RD0010;KL00002352;Jakub;Krol;87242664968;DOK768530;84;;60-737;575274197;jakub.krol34@gmail.com;1979-08-13;staly
U00196;RD0004;KL00002353;Julia;Krol;33981075346;DOK569823;21;21;42-031;720427464;julia.krol234@gmail.com;1990-02-25;staly
U00009;RD0003;KL00002354;Karolina;Piotrowski;18491670689;DOK874773;120;5;55-201;746228560;karolina.piotrowski573@gmail.com;1999-09-10;staly
U00355;RD0006;KL00002355;Alicja;Nowak;98830409971;DOK465158;87;44;50-273;651620684;alicja.nowak960@gmail.com;2006-09-03;zwykly
U00608;RD0007;KL00002356;Krzysztof;Nowicka;72088186928;DOK832476;129;35;85-949;588445427;krzysztof.nowicka660@gmail.com;2003-09-17;VIP
U00033;RD0001;KL00002357;Olga;Wojcik;12860809922;DOK390698;6;40;49-506;536534563;olga.wojcik128@gmail.com;1966-10-29;staly
U00455;RD0006;KL00002358;Tomasz;Wojcik;77296410282;DOK663520;178;;45-097;512340344;tomasz.wojcik976@gmail.com;2002-03-25;staly
U00419;RD0008;KL00002359;Weronika;Krawczyk;79070885469;DOK538764;66;10;65-129;656951267;weronika.krawczyk308@gmail.com;1988-11-10;zwykly
U00577;RD0009;KL00002360;Marcin;Szymanski;76204464489;DOK186155;30;8;74-474;750289869;marcin.szymanski798@gmail.com;1955-12-09;VIP
U00335;RD0008;KL00002361;Zofia;Kaminska;17630258913;DOK826598;74;15;13-474;631143574;zofia.kaminska138@gmail.com;1975-12-16;firmowy
U00543;RD0010;KL00002362;Marta;Krawczyk;95864460406;DOK606341;169;39;96-061;614777428;marta.krawczyk655@gmail.com;2007-10-17;zwykly
U00526;RD0002;KL00002363;Michal;Zielinska;73577537685;DOK563796;160;48;74-955;816694474;michal.zielinska588@gmail.com;1964-09-17;staly
U00165;RD0005;KL00002364;Tomasz;Michalski;12006248119;DOK396233;136;;97-196;531776238;tomasz.michalski96@gmail.com;1989-10-26;firmowy
U00251;RD0003;KL00002365;Damian;Dabrowski;19652769510;DOK953615;68;45;58-835;699493486;damian.dabrowski100@gmail.com;1989-09-17;zwykly
U00377;RD0010;KL00002366;Alicja;Piotrowski;77932980514;DOK159631;6;;40-925;747118545;alicja.piotrowski278@gmail.com;1968-06-17;VIP
U00700;RD0008;KL00002367;Natalia;Mazur;11271387818;DOK951986;177;;58-141;669223014;natalia.mazur94@gmail.com;1999-03-12;VIP
U00075;RD0006;KL00002368;Pawel;Wojcik;23992292507;DOK767929;18;;13-655;573824388;pawel.wojcik29@gmail.com;1980-10-20;zwykly
U00254;RD0007;KL00002369;Magdalena;Wojcik;90099487516;DOK313807;14;24;26-180;540473288;magdalena.wojcik692@gmail.com;1976-01-18;staly
U00435;RD0008;KL00002370;Alicja;Wieczorek;44128805175;DOK884610;94;36;43-685;573062319;alicja.wieczorek324@gmail.com;2007-09-26;firmowy
U00420;RD0002;KL00002371;Katarzyna;Wojcik;94887655631;DOK698606;157;;28-423;876763388;katarzyna.wojcik88@gmail.com;1991-05-03;staly
U00215;RD0008;KL00002372;Jakub;Kozlowski;84374790433;DOK261715;103;47;92-639;697967931;jakub.kozlowski62@gmail.com;1991-05-01;zwykly
U00595;RD0005;KL00002373;Michal;Krol;18450292473;DOK291860;50;;54-568;698877448;michal.krol608@gmail.com;1970-08-26;staly
U00212;RD0006;KL00002374;Adam;Nowak;99661286918;DOK279720;131;22;13-948;766200654;adam.nowak324@gmail.com;1958-02-06;firmowy
U00521;RD0002;KL00002375;Marcin;Wrobel;58154394112;DOK371840;76;23;33-287;877819779;marcin.wrobel719@gmail.com;1987-03-19;firmowy
U00260;RD0005;KL00002376;Magdalena;Grabowska;88483967724;DOK509488;68;16;14-313;729317969;magdalena.grabowska290@gmail.com;1958-08-07;zwykly
U00396;RD0010;KL00002377;Karolina;Kowalski;62122506511;DOK412110;140;;95-468;695503926;karolina.kowalski826@gmail.com;1979-11-03;VIP
U00608;RD0004;KL00002378;Magdalena;Piotrowski;59660439152;DOK783238;75;25;12-596;554049935;magdalena.piotrowski144@gmail.com;1963-04-03;zwykly
U00480;RD0003;KL00002379;Michal;Kowalski;60937058712;DOK365584;91;39;65-044;549703429;michal.kowalski774@gmail.com;1984-07-17;zwykly
U00228;RD0003;KL00002380;Mateusz;Krol;99517457593;DOK879273;65;;66-577;576946455;mateusz.krol407@gmail.com;1964-04-05;staly
U00489;RD0005;KL00002381;Marta;Wojcik;23749443691;DOK818943;101;14;26-380;531523674;marta.wojcik665@gmail.com;1970-09-23;nowy
U00691;RD0010;KL00002382;Julia;Zielinska;46641069315;DOK380428;40;;83-366;583372886;julia.zielinska703@gmail.com;1971-07-10;firmowy
U00606;RD0005;KL00002383;Piotr;Grabowska;68282314561;DOK861170;68;;49-619;875084474;piotr.grabowska767@gmail.com;1979-02-11;nowy
U00520;RD0002;KL00002384;Natalia;Piotrowski;70873863082;DOK860360;50;32;46-697;890777704;natalia.piotrowski884@gmail.com;1999-10-30;VIP
U00110;RD0009;KL00002385;Krzysztof;Zajac;28161620453;DOK991296;38;18;13-165;614502357;krzysztof.zajac615@gmail.com;1969-03-14;firmowy
U00488;RD0007;KL00002386;Marta;Kowalczyk;70569183749;DOK528505;70;50;95-283;521708336;marta.kowalczyk285@gmail.com;2004-07-26;firmowy
U00376;RD0002;KL00002387;Jakub;Wrobel;31821736205;DOK679266;97;;20-979;565911436;jakub.wrobel988@gmail.com;1956-01-31;staly
U00135;RD0009;KL00002388;Jan;Kowalczyk;94690134486;DOK269801;10;;93-298;864627123;jan.kowalczyk652@gmail.com;1978-01-13;nowy
U00539;RD0003;KL00002389;Natalia;Kaminska;76228391312;DOK604909;70;;89-215;670910476;natalia.kaminska716@gmail.com;1973-01-12;VIP
U00655;RD0008;KL00002390;Damian;Zielinska;30562314482;DOK850205;113;14;87-428;810562570;damian.zielinska192@gmail.com;1960-06-06;staly
U00013;RD0003;KL00002391;Katarzyna;Nowak;11629319198;DOK613505;113;5;42-198;837172120;katarzyna.nowak642@gmail.com;1972-02-09;nowy
U00683;RD0007;KL00002392;Tomasz;Michalski;37244121129;DOK620846;18;;55-487;633480271;tomasz.michalski115@gmail.com;1956-10-16;staly
U00574;RD0010;KL00002393;Alicja;Kowalski;38172547031;DOK168674;143;;13-681;805127643;alicja.kowalski371@gmail.com;1958-07-09;firmowy
U00239;RD0008;KL00002394;Aleksandra;Lewandowski;23863017614;DOK236502;157;;34-910;647723840;aleksandra.lewandowski964@gmail.com;1960-10-29;staly
U00053;RD0003;KL00002395;Adam;Kozlowski;93206909503;DOK769936;179;;29-421;792117188;adam.kozlowski734@gmail.com;1956-04-05;zwykly
U00484;RD0003;KL00002396;Aleksandra;Nowak;10742262799;DOK688015;168;6;30-966;565089490;aleksandra.nowak535@gmail.com;1994-10-06;staly
U00252;RD0010;KL00002397;Natalia;Kaminska;55954759774;DOK697934;106;9;40-214;540472682;natalia.kaminska833@gmail.com;1977-04-23;nowy
U00529;RD0008;KL00002398;Damian;Krol;61308006736;DOK220573;118;;89-030;606139785;damian.krol172@gmail.com;1968-05-18;zwykly
U00552;RD0001;KL00002399;Weronika;Nowicka;69246349643;DOK103172;155;;18-476;680506853;weronika.nowicka13@gmail.com;1966-07-09;staly
U00025;RD0001;KL00002400;Katarzyna;Zielinska;80625161637;DOK755646;140;;93-357;776850555;katarzyna.zielinska718@gmail.com;1987-12-23;staly
U00555;RD0006;KL00002401;Jakub;Wrobel;87330396548;DOK455236;148;20;52-044;659276712;jakub.wrobel634@gmail.com;1984-10-15;VIP
U00423;RD0010;KL00002402;Zofia;Mazur;28869277849;DOK566944;46;22;23-553;567022954;zofia.mazur295@gmail.com;2007-03-17;VIP
U00232;RD0009;KL00002403;Anna;Dabrowski;55793499565;DOK148218;175;17;61-149;556932763;anna.dabrowski499@gmail.com;1981-04-09;staly
U00303;RD0010;KL00002404;Marta;Lewandowski;39505649228;DOK701876;74;;58-459;637658895;marta.lewandowski992@gmail.com;1957-04-12;firmowy
U00574;RD0007;KL00002405;Weronika;Wrobel;81140291350;DOK871516;179;24;78-322;739722869;weronika.wrobel278@gmail.com;1997-03-25;zwykly
U00056;RD0007;KL00002406;Damian;Wisniewski;69859990925;DOK579964;165;;64-296;549203171;damian.wisniewski517@gmail.com;1985-06-17;nowy
U00593;RD0008;KL00002407;Zofia;Wieczorek;93914963909;DOK432431;56;;16-074;585957139;zofia.wieczorek286@gmail.com;1994-02-16;VIP
U00273;RD0006;KL00002408;Katarzyna;Krawczyk;81286304193;DOK254371;67;60;66-559;507832924;katarzyna.krawczyk277@gmail.com;1984-12-20;zwykly
U00495;RD0010;KL00002409;Julia;Nowak;62402492471;DOK461297;18;54;67-382;711480024;julia.nowak806@gmail.com;1994-06-18;VIP
U00604;RD0003;KL00002410;Karolina;Stepien;17545620429;DOK974176;57;47;30-480;611853186;karolina.stepien988@gmail.com;1978-04-17;firmowy
U00373;RD0007;KL00002411;Katarzyna;Kowalczyk;78251436383;DOK293557;19;;41-004;514422462;katarzyna.kowalczyk566@gmail.com;1978-03-26;firmowy
U00590;RD0006;KL00002412;Marta;Nowicka;90692435314;DOK220731;95;;49-185;682761176;marta.nowicka795@gmail.com;1981-06-05;firmowy
U00595;RD0009;KL00002413;Jan;Kowalski;13668221987;DOK449851;126;14;62-669;825208985;jan.kowalski48@gmail.com;2002-06-26;VIP
U00276;RD0002;KL00002414;Jan;Lewandowski;44254671982;DOK961734;164;;93-193;567114160;jan.lewandowski603@gmail.com;1990-01-31;staly
U00549;RD0005;KL00002415;Karolina;Zajac;94523468519;DOK565366;113;2;73-820;523358986;karolina.zajac437@gmail.com;1957-12-29;zwykly
U00387;RD0002;KL00002416;Magdalena;Szymanski;47931284302;DOK925417;62;;66-032;527316915;magdalena.szymanski803@gmail.com;1973-11-26;nowy
U00677;RD0008;KL00002417;Piotr;Zajac;52914595887;DOK397493;51;;66-084;854505278;piotr.zajac746@gmail.com;1998-05-05;firmowy
U00470;RD0007;KL00002418;Zofia;Nowicka;45755750693;DOK492855;129;;25-536;580123005;zofia.nowicka298@gmail.com;2006-09-27;nowy
U00315;RD0002;KL00002419;Ewa;Grabowska;32651888542;DOK612788;130;;39-642;534101954;ewa.grabowska257@gmail.com;1962-05-28;nowy
U00482;RD0003;KL00002420;Adam;Nowicka;37566237744;DOK843232;67;12;20-648;586454053;adam.nowicka140@gmail.com;1968-12-12;VIP
U00537;RD0003;KL00002421;Mateusz;Michalski;53476549375;DOK690544;7;;99-841;565994118;mateusz.michalski217@gmail.com;1964-06-07;zwykly
U00280;RD0009;KL00002422;Julia;Stepien;60597146556;DOK540307;117;31;19-372;857960724;julia.stepien273@gmail.com;1962-07-08;firmowy
U00389;RD0007;KL00002423;Wojciech;Stepien;48685055306;DOK430983;107;54;39-590;545375775;wojciech.stepien914@gmail.com;1961-09-19;firmowy
U00318;RD0006;KL00002424;Marta;Zajac;97789866770;DOK520134;126;53;95-968;741656087;marta.zajac770@gmail.com;1982-03-09;staly
U00444;RD0007;KL00002425;Magdalena;Zajac;75505586656;DOK513190;12;9;11-512;860355417;magdalena.zajac756@gmail.com;1978-04-11;VIP
U00319;RD0006;KL00002426;Mateusz;Krawczyk;56731236160;DOK294034;19;;17-294;807748542;mateusz.krawczyk639@gmail.com;1991-07-25;nowy
U00138;RD0010;KL00002427;Magdalena;Nowicka;81117407109;DOK611338;37;;48-758;648108702;magdalena.nowicka146@gmail.com;1966-05-04;zwykly
U00568;RD0006;KL00002428;Karolina;Wisniewski;17268552053;DOK534272;156;;78-478;864770806;karolina.wisniewski238@gmail.com;1998-12-01;nowy
U00283;RD0001;KL00002429;Karolina;Wrobel;61804621929;DOK939286;123;;63-881;731816720;karolina.wrobel208@gmail.com;1994-10-02;zwykly
U00090;RD0005;KL00002430;Zofia;Kaminska;15356561723;DOK303403;23;13;82-840;628347251;zofia.kaminska248@gmail.com;1956-05-07;zwykly
U00521;RD0005;KL00002431;Katarzyna;Wojcik;12871546032;DOK519937;91;;78-331;684220891;katarzyna.wojcik536@gmail.com;1988-11-24;staly
U00297;RD0006;KL00002432;Natalia;Kowalczyk;87968601637;DOK511770;27;;45-197;721227400;natalia.kowalczyk624@gmail.com;1986-02-17;staly
U00536;RD0004;KL00002433;Natalia;Piotrowski;19953076670;DOK575074;147;13;93-513;744961624;natalia.piotrowski730@gmail.com;1961-01-20;VIP
U00407;RD0007;KL00002434;Jakub;Jankowski;95529409090;DOK553012;64;14;79-729;808790840;jakub.jankowski364@gmail.com;2003-05-10;nowy
U00257;RD0002;KL00002435;Karolina;Wrobel;97892104521;DOK659818;37;;97-396;524647879;karolina.wrobel710@gmail.com;1963-05-07;nowy
U00598;RD0002;KL00002436;Aleksandra;Zajac;29036003662;DOK376548;109;20;91-481;725971716;aleksandra.zajac721@gmail.com;1966-06-10;nowy
U00550;RD0005;KL00002437;Pawel;Mazur;66424652557;DOK650723;93;32;85-468;602670822;pawel.mazur445@gmail.com;1987-10-04;nowy
U00050;RD0002;KL00002438;Ewa;Krol;27196725229;DOK786795;127;39;17-695;832940892;ewa.krol321@gmail.com;2004-01-07;VIP
U00553;RD0008;KL00002439;Jan;Lewandowski;23567137868;DOK234853;32;52;56-652;540389613;jan.lewandowski586@gmail.com;1957-10-27;staly
U00392;RD0003;KL00002440;Natalia;Zajac;52203464588;DOK955123;70;;33-154;519140150;natalia.zajac97@gmail.com;1981-08-02;staly
U00223;RD0004;KL00002441;Karolina;Krawczyk;38353765985;DOK811053;91;;29-294;601259532;karolina.krawczyk750@gmail.com;1963-12-12;firmowy
U00247;RD0009;KL00002442;Marek;Kozlowski;11187623976;DOK346433;14;21;50-967;819599366;marek.kozlowski775@gmail.com;1990-11-12;staly
U00281;RD0003;KL00002443;Piotr;Wrobel;27443100424;DOK396833;136;;54-050;761917399;piotr.wrobel287@gmail.com;1980-02-12;zwykly
U00615;RD0004;KL00002444;Damian;Zajac;79510164596;DOK156736;150;57;82-622;749983536;damian.zajac26@gmail.com;1964-07-04;staly
U00310;RD0004;KL00002445;Michal;Kowalski;10369534687;DOK749839;4;;22-685;799177872;michal.kowalski179@gmail.com;1971-01-13;staly
U00248;RD0003;KL00002446;Marcin;Stepien;76524590228;DOK760183;165;;65-363;684225933;marcin.stepien264@gmail.com;1984-12-31;firmowy
U00131;RD0008;KL00002447;Piotr;Piotrowski;75957674662;DOK336183;87;;81-948;557305230;piotr.piotrowski296@gmail.com;1986-11-09;zwykly
U00417;RD0007;KL00002448;Alicja;Mazur;53403877686;DOK816535;64;52;83-762;568470834;alicja.mazur622@gmail.com;1973-02-12;VIP
U00053;RD0003;KL00002449;Krzysztof;Stepien;22720488612;DOK462540;16;7;36-905;636732083;krzysztof.stepien851@gmail.com;1970-02-23;VIP
U00448;RD0003;KL00002450;Mateusz;Nowak;93633964349;DOK996194;139;42;52-516;597139043;mateusz.nowak914@gmail.com;1974-08-07;firmowy
U00221;RD0010;KL00002451;Magdalena;Lewandowski;92169585492;DOK732997;12;;24-705;822398599;magdalena.lewandowski113@gmail.com;1965-01-27;firmowy
U00249;RD0010;KL00002452;Natalia;Krol;54507163757;DOK584399;171;19;33-086;896959874;natalia.krol92@gmail.com;1983-09-05;VIP
U00401;RD0006;KL00002453;Alicja;Nowak;21158496826;DOK148085;1;54;42-194;711459514;alicja.nowak258@gmail.com;1969-09-02;firmowy
U00258;RD0004;KL00002454;Michal;Dabrowski;35012653276;DOK885119;145;27;85-095;635765307;michal.dabrowski151@gmail.com;1965-08-21;zwykly
U00475;RD0003;KL00002455;Wojciech;Nowak;63435563746;DOK852671;129;;30-472;773059176;wojciech.nowak49@gmail.com;1997-09-06;nowy
U00328;RD0008;KL00002456;Krzysztof;Pawlak;14752053072;DOK730807;56;;57-223;521202260;krzysztof.pawlak15@gmail.com;1957-12-19;nowy
U00682;RD0007;KL00002457;Anna;Nowak;96808617978;DOK247336;88;56;64-660;755466984;anna.nowak955@gmail.com;1985-05-07;staly
U00379;RD0009;KL00002458;Julia;Mazur;24659530311;DOK602723;43;20;69-669;514930365;julia.mazur248@gmail.com;1974-09-08;staly
U00654;RD0004;KL00002459;Olga;Krawczyk;32420671288;DOK846311;74;23;93-807;859785547;olga.krawczyk424@gmail.com;1990-12-15;staly
U00343;RD0005;KL00002460;Damian;Wisniewski;69049634823;DOK870542;52;;69-320;765794237;damian.wisniewski209@gmail.com;1976-05-04;zwykly
U00111;RD0008;KL00002461;Adam;Jankowski;89009717177;DOK807389;99;;82-369;811339939;adam.jankowski419@gmail.com;1977-04-07;firmowy
U00656;RD0004;KL00002462;Jan;Nowak;43094179457;DOK569450;81;;82-863;712150732;jan.nowak755@gmail.com;1973-07-06;nowy
U00144;RD0002;KL00002463;Michal;Wieczorek;87346797887;DOK267516;48;9;51-094;893178857;michal.wieczorek272@gmail.com;1978-01-13;staly
U00650;RD0006;KL00002464;Magdalena;Michalski;70979774358;DOK772319;34;;60-423;524198840;magdalena.michalski280@gmail.com;1959-10-09;staly
U00315;RD0004;KL00002465;Marek;Krawczyk;31721443402;DOK748887;121;;19-225;761289591;marek.krawczyk159@gmail.com;1967-03-06;nowy
U00125;RD0001;KL00002466;Weronika;Kowalczyk;58104991266;DOK769383;39;;95-194;825403269;weronika.kowalczyk157@gmail.com;1966-04-23;nowy
U00034;RD0002;KL00002467;Wojciech;Jankowski;88622004797;DOK513267;35;2;68-824;732206276;wojciech.jankowski694@gmail.com;1998-12-27;nowy
U00203;RD0010;KL00002468;Olga;Kozlowski;72473606371;DOK664655;55;43;47-769;767805876;olga.kozlowski413@gmail.com;1986-02-28;nowy
U00449;RD0009;KL00002469;Jan;Nowak;49323986339;DOK418188;103;;60-386;826184631;jan.nowak317@gmail.com;2001-10-22;nowy
U00005;RD0010;KL00002470;Zofia;Krawczyk;51376781111;DOK320580;133;;30-899;866294399;zofia.krawczyk762@gmail.com;1979-03-23;zwykly
U00344;RD0010;KL00002471;Adam;Kozlowski;53726063601;DOK925365;163;;83-488;598978658;adam.kozlowski387@gmail.com;1980-11-17;nowy
U00216;RD0003;KL00002472;Damian;Kowalczyk;71535690490;DOK870083;41;;90-968;663300110;damian.kowalczyk736@gmail.com;1983-02-04;nowy
U00170;RD0008;KL00002473;Marcin;Krol;18422187183;DOK863002;175;;32-197;860763314;marcin.krol697@gmail.com;1971-05-26;staly
U00441;RD0007;KL00002474;Wojciech;Szymanski;24593257701;DOK148206;91;;48-613;891307855;wojciech.szymanski762@gmail.com;1981-04-16;zwykly
U00388;RD0009;KL00002475;Weronika;Nowak;33175023327;DOK626546;141;;76-712;780127187;weronika.nowak979@gmail.com;1987-01-16;nowy
U00257;RD0010;KL00002476;Alicja;Szymanski;99160241858;DOK808664;160;;76-980;729374922;alicja.szymanski637@gmail.com;2003-02-17;staly
U00236;RD0005;KL00002477;Karolina;Wisniewski;15467805563;DOK991388;144;15;99-671;626344691;karolina.wisniewski890@gmail.com;1961-11-27;nowy
U00029;RD0002;KL00002478;Zofia;Pawlak;89006103933;DOK877206;49;;63-599;536570043;zofia.pawlak824@gmail.com;1964-03-14;VIP
U00617;RD0004;KL00002479;Magdalena;Grabowska;85634036161;DOK946256;1;;96-897;584692679;magdalena.grabowska164@gmail.com;1956-11-22;zwykly
U00099;RD0009;KL00002480;Tomasz;Lewandowski;60527636710;DOK289142;8;;29-246;811353026;tomasz.lewandowski102@gmail.com;1979-10-04;VIP
U00200;RD0004;KL00002481;Pawel;Wisniewski;97595763418;DOK896771;176;;18-298;502614932;pawel.wisniewski608@gmail.com;1992-08-26;VIP
U00497;RD0001;KL00002482;Piotr;Kaminska;40853288345;DOK228128;141;28;71-191;518771324;piotr.kaminska854@gmail.com;1962-08-25;VIP
U00619;RD0001;KL00002483;Aleksandra;Jankowski;44138892468;DOK202428;170;32;91-327;714132558;aleksandra.jankowski926@gmail.com;1994-02-24;zwykly
U00006;RD0002;KL00002484;Jan;Stepien;90127589865;DOK769887;21;25;53-863;614120157;jan.stepien841@gmail.com;2006-07-26;VIP
U00543;RD0004;KL00002485;Julia;Dabrowski;82429763301;DOK915915;124;;19-320;652835446;julia.dabrowski737@gmail.com;1988-07-14;staly
U00119;RD0002;KL00002486;Karolina;Krol;16985146364;DOK850289;177;1;27-494;575501009;karolina.krol546@gmail.com;1967-09-07;zwykly
U00048;RD0010;KL00002487;Michal;Nowak;81807528994;DOK110140;140;13;46-642;883001778;michal.nowak582@gmail.com;1998-08-27;zwykly
U00172;RD0002;KL00002488;Alicja;Lewandowski;12926003332;DOK126221;96;56;37-182;642431115;alicja.lewandowski715@gmail.com;1960-03-05;nowy
U00700;RD0006;KL00002489;Zofia;Kowalczyk;63476071797;DOK267958;93;;15-905;588060683;zofia.kowalczyk91@gmail.com;1969-12-27;zwykly
U00479;RD0010;KL00002490;Katarzyna;Krawczyk;32720949959;DOK654835;56;;59-505;864875327;katarzyna.krawczyk28@gmail.com;1961-11-28;zwykly
U00518;RD0002;KL00002491;Tomasz;Piotrowski;74093828002;DOK933267;138;;27-975;820942911;tomasz.piotrowski8@gmail.com;1967-03-20;staly
U00194;RD0009;KL00002492;Katarzyna;Kozlowski;66561648556;DOK563914;60;11;31-041;830063792;katarzyna.kozlowski588@gmail.com;1975-05-04;zwykly
U00347;RD0004;KL00002493;Magdalena;Wrobel;48754159728;DOK806435;4;;35-079;826597030;magdalena.wrobel535@gmail.com;1974-02-14;zwykly
U00351;RD0001;KL00002494;Anna;Wrobel;54871064027;DOK934001;82;;43-513;671750385;anna.wrobel168@gmail.com;1992-04-10;staly
U00458;RD0001;KL00002495;Karolina;Grabowska;80852242983;DOK362671;112;;72-050;893975501;karolina.grabowska8@gmail.com;1993-01-18;VIP
U00461;RD0007;KL00002496;Jan;Wieczorek;53122921272;DOK634707;60;;10-086;767120450;jan.wieczorek925@gmail.com;1966-02-13;firmowy
U00657;RD0010;KL00002497;Alicja;Piotrowski;74346774292;DOK354148;36;37;13-120;870228745;alicja.piotrowski561@gmail.com;1971-01-29;VIP
U00111;RD0002;KL00002498;Jan;Jankowski;34702102776;DOK166281;50;;64-916;604929764;jan.jankowski871@gmail.com;1981-02-01;nowy
U00633;RD0010;KL00002499;Jan;Wisniewski;57414464382;DOK130901;46;;61-322;534475681;jan.wisniewski68@gmail.com;2000-11-22;firmowy
U00280;RD0008;KL00002500;Wojciech;Stepien;22034378161;DOK853942;23;;95-402;645769323;wojciech.stepien554@gmail.com;1978-12-06;firmowy
U00523;RD0009;KL00002501;Mateusz;Krawczyk;96737906564;DOK789295;23;;42-849;530070397;mateusz.krawczyk459@gmail.com;2005-03-28;nowy
U00650;RD0005;KL00002502;Jan;Dabrowski;84072949909;DOK789589;134;;17-935;566731465;jan.dabrowski103@gmail.com;2006-03-31;staly
U00417;RD0008;KL00002503;Jakub;Stepien;71856621973;DOK560301;107;38;53-132;643867624;jakub.stepien579@gmail.com;1982-02-27;zwykly
U00040;RD0010;KL00002504;Katarzyna;Grabowska;70535663055;DOK542672;79;;71-890;750558315;katarzyna.grabowska777@gmail.com;1957-09-24;VIP
U00211;RD0009;KL00002505;Marek;Wrobel;44377761916;DOK838164;90;20;67-516;587060480;marek.wrobel451@gmail.com;1986-05-02;VIP
U00153;RD0001;KL00002506;Jakub;Lewandowski;97416814997;DOK716621;165;35;44-536;802810470;jakub.lewandowski569@gmail.com;1987-04-11;VIP
U00515;RD0008;KL00002507;Natalia;Stepien;92340524177;DOK737202;49;;53-717;753723996;natalia.stepien914@gmail.com;2001-07-30;zwykly
U00262;RD0001;KL00002508;Alicja;Stepien;42695038684;DOK703273;129;;64-200;883254642;alicja.stepien621@gmail.com;1990-12-19;staly
U00294;RD0009;KL00002509;Damian;Mazur;45588088992;DOK241888;174;;84-570;624832511;damian.mazur327@gmail.com;2004-03-10;firmowy
U00356;RD0003;KL00002510;Olga;Wrobel;43114681962;DOK732092;20;36;63-677;743725334;olga.wrobel415@gmail.com;1966-04-19;VIP
U00342;RD0004;KL00002511;Magdalena;Zielinska;43631466116;DOK998511;80;25;90-161;530344429;magdalena.zielinska873@gmail.com;1962-02-06;firmowy
U00252;RD0005;KL00002512;Karolina;Lewandowski;17643085162;DOK222359;68;9;21-383;713866597;karolina.lewandowski707@gmail.com;1968-05-09;staly
U00182;RD0007;KL00002513;Marcin;Kozlowski;62449197773;DOK279649;136;12;37-199;695655683;marcin.kozlowski471@gmail.com;1957-03-10;staly
U00373;RD0006;KL00002514;Michal;Szymanski;37086137117;DOK384054;75;6;19-107;750819970;michal.szymanski348@gmail.com;1973-01-16;nowy
U00582;RD0006;KL00002515;Michal;Dabrowski;97952560419;DOK402848;43;6;90-567;785335402;michal.dabrowski736@gmail.com;1975-05-14;VIP
U00388;RD0004;KL00002516;Wojciech;Dabrowski;25056725557;DOK484919;20;;24-125;718973765;wojciech.dabrowski280@gmail.com;2006-03-15;firmowy
U00178;RD0005;KL00002517;Wojciech;Krol;64376981203;DOK402276;46;57;74-452;593162911;wojciech.krol260@gmail.com;1985-01-02;VIP
U00668;RD0010;KL00002518;Jakub;Lewandowski;81375145695;DOK619928;96;37;25-368;628776795;jakub.lewandowski875@gmail.com;1955-02-22;zwykly
U00123;RD0005;KL00002519;Krzysztof;Kozlowski;99953235683;DOK178951;136;;45-491;805391502;krzysztof.kozlowski182@gmail.com;2001-10-10;VIP
U00477;RD0009;KL00002520;Anna;Kozlowski;45096395263;DOK440034;51;2;74-093;575330524;anna.kozlowski258@gmail.com;1982-07-11;staly
U00490;RD0009;KL00002521;Zofia;Zajac;49376222030;DOK315574;13;41;19-943;644230972;zofia.zajac648@gmail.com;1983-04-17;zwykly
U00605;RD0007;KL00002522;Karolina;Krawczyk;61653359566;DOK948300;153;16;67-935;666167733;karolina.krawczyk622@gmail.com;1961-12-21;VIP
U00532;RD0008;KL00002523;Olga;Wisniewski;98906052943;DOK138770;99;;64-079;642947313;olga.wisniewski449@gmail.com;1960-09-07;staly
U00105;RD0002;KL00002524;Mateusz;Kowalski;35341990299;DOK433888;1;;34-083;722970482;mateusz.kowalski46@gmail.com;1955-02-10;staly
U00192;RD0008;KL00002525;Damian;Nowak;83723360529;DOK950767;159;51;75-985;621781469;damian.nowak655@gmail.com;1964-02-05;zwykly
U00568;RD0007;KL00002526;Alicja;Nowak;22406288380;DOK377110;180;19;28-380;519695806;alicja.nowak871@gmail.com;1986-06-12;nowy
U00633;RD0010;KL00002527;Tomasz;Mazur;99397227301;DOK889003;116;17;30-033;533100358;tomasz.mazur663@gmail.com;1959-08-04;staly
U00277;RD0003;KL00002528;Piotr;Szymanski;62645081473;DOK114512;165;;72-173;632441186;piotr.szymanski723@gmail.com;1991-04-16;firmowy
U00363;RD0010;KL00002529;Piotr;Stepien;33056303840;DOK644021;83;46;86-279;745327080;piotr.stepien999@gmail.com;1977-01-09;firmowy
U00219;RD0008;KL00002530;Marcin;Krawczyk;81334271374;DOK278715;152;;53-321;767851607;marcin.krawczyk490@gmail.com;1994-02-11;firmowy
U00657;RD0009;KL00002531;Marta;Krol;62437150647;DOK565125;112;;49-737;835938747;marta.krol103@gmail.com;1957-09-30;staly
U00620;RD0005;KL00002532;Mateusz;Lewandowski;25184794199;DOK431831;2;53;39-583;529890187;mateusz.lewandowski999@gmail.com;1971-02-01;staly
U00027;RD0003;KL00002533;Olga;Krawczyk;59524146879;DOK904780;142;40;90-986;705657444;olga.krawczyk436@gmail.com;2003-10-09;zwykly
U00217;RD0006;KL00002534;Aleksandra;Krawczyk;65479162886;DOK117921;125;;20-816;592026721;aleksandra.krawczyk90@gmail.com;1958-11-16;zwykly
U00133;RD0007;KL00002535;Adam;Dabrowski;62127064406;DOK425898;168;;23-539;512530234;adam.dabrowski898@gmail.com;1963-11-22;staly
U00301;RD0001;KL00002536;Natalia;Michalski;59399465222;DOK924367;156;21;61-382;629065229;natalia.michalski345@gmail.com;1965-09-19;staly
U00482;RD0008;KL00002537;Wojciech;Zielinska;91369072914;DOK446923;10;47;63-943;866040664;wojciech.zielinska949@gmail.com;1979-09-02;staly
U00498;RD0005;KL00002538;Krzysztof;Zielinska;60365994832;DOK862755;40;;31-174;677681603;krzysztof.zielinska961@gmail.com;2005-08-29;nowy
U00469;RD0010;KL00002539;Julia;Krawczyk;99531608391;DOK153874;22;52;51-791;591212990;julia.krawczyk873@gmail.com;1965-09-27;firmowy
U00180;RD0010;KL00002540;Mateusz;Wieczorek;88485163077;DOK818958;110;;30-214;835100378;mateusz.wieczorek407@gmail.com;1988-10-10;staly
U00578;RD0010;KL00002541;Marta;Michalski;27406365821;DOK163145;58;22;44-038;734965126;marta.michalski1@gmail.com;1959-01-02;nowy
U00351;RD0010;KL00002542;Michal;Wisniewski;21658683059;DOK235164;73;;82-757;671733637;michal.wisniewski482@gmail.com;1976-10-14;VIP
U00349;RD0002;KL00002543;Marcin;Pawlak;95648470420;DOK605491;97;22;30-629;652643256;marcin.pawlak428@gmail.com;1959-10-14;staly
U00445;RD0003;KL00002544;Marek;Zajac;44453220714;DOK162443;131;;12-407;632106669;marek.zajac210@gmail.com;1972-12-05;firmowy
U00540;RD0010;KL00002545;Piotr;Wisniewski;80859143812;DOK620121;49;;76-183;849345657;piotr.wisniewski392@gmail.com;1978-10-09;nowy
U00224;RD0009;KL00002546;Pawel;Wrobel;48831086445;DOK207384;157;;20-823;706476239;pawel.wrobel50@gmail.com;1971-09-08;VIP
U00237;RD0001;KL00002547;Ewa;Wrobel;50259755005;DOK395039;23;20;41-429;850411092;ewa.wrobel824@gmail.com;1984-04-02;zwykly
U00694;RD0001;KL00002548;Marta;Kaminska;94312188714;DOK308893;23;;80-553;525919763;marta.kaminska749@gmail.com;1965-10-10;zwykly
U00247;RD0007;KL00002549;Anna;Michalski;69836632832;DOK622894;118;30;40-873;723358591;anna.michalski351@gmail.com;2007-01-28;firmowy
U00366;RD0006;KL00002550;Tomasz;Dabrowski;54232988544;DOK747474;15;;74-113;829306199;tomasz.dabrowski339@gmail.com;2002-05-08;staly
U00114;RD0002;KL00002551;Pawel;Jankowski;18167922414;DOK246496;98;37;50-380;610285922;pawel.jankowski241@gmail.com;1958-05-10;nowy
U00139;RD0004;KL00002552;Aleksandra;Zajac;43033226921;DOK297753;168;6;36-373;864382329;aleksandra.zajac764@gmail.com;1959-10-02;staly
U00323;RD0006;KL00002553;Wojciech;Nowicka;70251913770;DOK123947;37;;12-442;574418126;wojciech.nowicka820@gmail.com;1983-10-04;zwykly
U00289;RD0002;KL00002554;Tomasz;Piotrowski;97272988999;DOK229285;77;;74-488;734601549;tomasz.piotrowski161@gmail.com;1962-04-22;firmowy
U00251;RD0005;KL00002555;Julia;Pawlak;30018423980;DOK575178;179;58;84-464;633814101;julia.pawlak56@gmail.com;1966-11-10;nowy
U00448;RD0010;KL00002556;Julia;Nowak;57969952176;DOK275876;171;;39-758;693930899;julia.nowak520@gmail.com;1997-03-11;VIP
U00115;RD0003;KL00002557;Krzysztof;Piotrowski;84621790242;DOK289516;138;;81-617;545436645;krzysztof.piotrowski606@gmail.com;2000-08-02;nowy
U00367;RD0002;KL00002558;Julia;Krol;56064505737;DOK755297;150;;99-597;648336632;julia.krol322@gmail.com;1981-10-13;staly
U00258;RD0006;KL00002559;Julia;Krawczyk;40684876907;DOK964725;150;;43-074;698857672;julia.krawczyk174@gmail.com;1975-08-19;VIP
U00385;RD0008;KL00002560;Ewa;Nowicka;59556814194;DOK446275;66;;11-806;537112000;ewa.nowicka515@gmail.com;1995-01-03;firmowy
U00614;RD0006;KL00002561;Damian;Grabowska;17578463699;DOK231003;176;;67-961;523347432;damian.grabowska767@gmail.com;1996-12-03;VIP
U00147;RD0006;KL00002562;Karolina;Grabowska;18176319162;DOK878991;33;45;13-058;871081038;karolina.grabowska318@gmail.com;2000-04-28;zwykly
U00034;RD0008;KL00002563;Krzysztof;Grabowska;45396171886;DOK835107;109;;41-108;722052712;krzysztof.grabowska101@gmail.com;1970-01-28;staly
U00500;RD0010;KL00002564;Jan;Zajac;29834514941;DOK940844;176;25;44-358;758466548;jan.zajac332@gmail.com;1967-01-29;firmowy
U00664;RD0003;KL00002565;Natalia;Dabrowski;81801363627;DOK846198;171;56;26-778;801479013;natalia.dabrowski773@gmail.com;1982-03-12;firmowy
U00347;RD0002;KL00002566;Marta;Nowicka;61365540788;DOK813089;14;;60-533;772778905;marta.nowicka72@gmail.com;1978-08-25;staly
U00113;RD0006;KL00002567;Ewa;Piotrowski;20378359405;DOK541836;107;38;48-044;803693466;ewa.piotrowski246@gmail.com;1983-08-15;VIP
U00418;RD0001;KL00002568;Tomasz;Szymanski;88776722994;DOK488493;81;;62-119;538521191;tomasz.szymanski225@gmail.com;1969-02-02;nowy
U00193;RD0003;KL00002569;Jakub;Krawczyk;44925380668;DOK489493;20;24;60-621;716944630;jakub.krawczyk69@gmail.com;1995-05-21;VIP
U00657;RD0007;KL00002570;Piotr;Kowalczyk;91190089321;DOK572959;80;49;99-898;708216114;piotr.kowalczyk594@gmail.com;1988-01-29;nowy
U00494;RD0010;KL00002571;Julia;Nowicka;98078903374;DOK735979;105;6;83-435;620509728;julia.nowicka60@gmail.com;1978-08-25;VIP
U00053;RD0005;KL00002572;Magdalena;Wieczorek;38813309587;DOK507561;147;12;33-780;686586601;magdalena.wieczorek834@gmail.com;1993-05-04;zwykly
U00137;RD0004;KL00002573;Karolina;Szymanski;27697418698;DOK606123;73;;11-113;761916509;karolina.szymanski400@gmail.com;1968-11-13;zwykly
U00093;RD0010;KL00002574;Damian;Krol;82264952210;DOK545904;63;;97-667;509115686;damian.krol857@gmail.com;1990-09-02;staly
U00232;RD0007;KL00002575;Marta;Jankowski;65853605847;DOK926400;39;;11-423;601234056;marta.jankowski357@gmail.com;1983-05-23;firmowy
U00362;RD0008;KL00002576;Pawel;Wieczorek;59197878891;DOK510614;159;11;87-533;666101425;pawel.wieczorek820@gmail.com;1959-06-01;zwykly
U00009;RD0001;KL00002577;Olga;Dabrowski;34672407781;DOK591544;53;;26-315;781192033;olga.dabrowski179@gmail.com;2003-04-12;firmowy
U00391;RD0004;KL00002578;Julia;Stepien;28575206069;DOK816712;59;54;62-082;562242604;julia.stepien571@gmail.com;1990-01-13;VIP
U00554;RD0001;KL00002579;Jan;Zielinska;55452314521;DOK630134;171;9;94-068;801819152;jan.zielinska343@gmail.com;1968-08-07;zwykly
U00097;RD0003;KL00002580;Marcin;Wojcik;70467135473;DOK607958;155;;36-652;710081328;marcin.wojcik435@gmail.com;1981-03-12;firmowy
U00667;RD0010;KL00002581;Zofia;Mazur;75728970544;DOK283696;130;;41-162;722342829;zofia.mazur975@gmail.com;1977-03-17;nowy
U00345;RD0001;KL00002582;Adam;Szymanski;36596562112;DOK817088;126;46;32-683;856493572;adam.szymanski616@gmail.com;1973-12-03;zwykly
U00370;RD0004;KL00002583;Zofia;Grabowska;97381264919;DOK821939;51;7;94-205;583376270;zofia.grabowska728@gmail.com;1972-01-28;staly
U00459;RD0006;KL00002584;Marek;Stepien;71910024747;DOK970808;26;22;16-832;892764871;marek.stepien256@gmail.com;1958-09-16;staly
U00466;RD0009;KL00002585;Tomasz;Nowicka;70394059022;DOK928046;18;;60-337;581476999;tomasz.nowicka291@gmail.com;1997-05-14;staly
U00619;RD0002;KL00002586;Olga;Pawlak;59394260013;DOK267744;154;16;74-514;590864490;olga.pawlak932@gmail.com;1955-04-09;zwykly
U00284;RD0010;KL00002587;Jakub;Wojcik;72134454419;DOK620777;106;;21-251;714726207;jakub.wojcik744@gmail.com;1960-10-11;firmowy
U00424;RD0006;KL00002588;Natalia;Piotrowski;79310748041;DOK274612;35;52;59-111;804672542;natalia.piotrowski672@gmail.com;1977-04-22;staly
U00683;RD0001;KL00002589;Marcin;Michalski;31290113644;DOK690058;79;17;84-797;659183621;marcin.michalski195@gmail.com;2000-08-27;staly
U00470;RD0008;KL00002590;Ewa;Kozlowski;70072643188;DOK514279;20;16;79-548;734574674;ewa.kozlowski352@gmail.com;1997-07-21;staly
U00035;RD0010;KL00002591;Jan;Zajac;22244158439;DOK831318;95;47;61-762;738155914;jan.zajac528@gmail.com;1967-10-05;VIP
U00667;RD0006;KL00002592;Pawel;Michalski;90559811320;DOK893368;49;;11-945;562825878;pawel.michalski594@gmail.com;1974-05-19;zwykly
U00471;RD0001;KL00002593;Marek;Wieczorek;63322312648;DOK211228;144;43;39-419;518434894;marek.wieczorek723@gmail.com;1991-02-20;firmowy
U00449;RD0003;KL00002594;Weronika;Nowak;10600671151;DOK999590;58;46;37-563;794813310;weronika.nowak103@gmail.com;1959-07-16;VIP
U00633;RD0007;KL00002595;Jan;Michalski;67882139385;DOK330518;114;;12-204;847284645;jan.michalski455@gmail.com;1970-03-19;staly
U00516;RD0004;KL00002596;Damian;Szymanski;58856692964;DOK540954;124;;91-103;811012118;damian.szymanski645@gmail.com;2002-05-26;zwykly
U00676;RD0006;KL00002597;Natalia;Mazur;88141718892;DOK527859;126;;50-266;709966711;natalia.mazur839@gmail.com;1985-08-30;VIP
U00078;RD0007;KL00002598;Aleksandra;Zielinska;12564062529;DOK719020;88;;64-915;795145522;aleksandra.zielinska670@gmail.com;1991-04-01;firmowy
U00677;RD0001;KL00002599;Ewa;Zielinska;60487569325;DOK642621;129;;25-059;586343870;ewa.zielinska339@gmail.com;1969-06-13;zwykly
U00181;RD0007;KL00002600;Marek;Michalski;28981922118;DOK431598;70;50;75-916;526147580;marek.michalski703@gmail.com;1957-03-22;nowy
U00053;RD0005;KL00002601;Jakub;Nowicka;62801817637;DOK228083;81;30;11-041;513730687;jakub.nowicka73@gmail.com;1994-06-18;zwykly
U00215;RD0009;KL00002602;Anna;Piotrowski;45735098606;DOK511553;113;46;39-645;665909317;anna.piotrowski746@gmail.com;1988-10-05;staly
U00587;RD0004;KL00002603;Zofia;Mazur;90832492454;DOK767132;9;18;23-215;557612974;zofia.mazur589@gmail.com;1991-02-22;staly
U00510;RD0002;KL00002604;Mateusz;Mazur;42313941494;DOK250419;28;;11-358;657728940;mateusz.mazur129@gmail.com;1999-12-07;nowy
U00671;RD0003;KL00002605;Wojciech;Szymanski;97438928015;DOK171055;27;;84-671;522467837;wojciech.szymanski202@gmail.com;2006-06-04;staly
U00015;RD0010;KL00002606;Aleksandra;Dabrowski;32736727345;DOK793980;148;;33-321;803180148;aleksandra.dabrowski460@gmail.com;1997-04-16;nowy
U00038;RD0004;KL00002607;Ewa;Michalski;40664014011;DOK684918;139;44;63-479;708944194;ewa.michalski874@gmail.com;1984-04-10;zwykly
U00170;RD0009;KL00002608;Wojciech;Mazur;11330333317;DOK779126;55;53;70-563;616966708;wojciech.mazur547@gmail.com;1986-05-19;staly
U00669;RD0004;KL00002609;Julia;Wrobel;78811162237;DOK204773;131;;40-164;870752854;julia.wrobel775@gmail.com;1993-09-07;VIP
U00459;RD0001;KL00002610;Wojciech;Krol;62314250113;DOK888645;98;;31-898;502370204;wojciech.krol484@gmail.com;1963-05-01;staly
U00082;RD0009;KL00002611;Julia;Pawlak;24283789680;DOK333268;58;7;19-832;752277772;julia.pawlak522@gmail.com;1983-03-28;zwykly
U00460;RD0007;KL00002612;Jakub;Piotrowski;73746832526;DOK617255;19;46;95-572;796713387;jakub.piotrowski622@gmail.com;1964-03-03;zwykly
U00160;RD0009;KL00002613;Zofia;Nowak;74385735121;DOK435114;113;;55-515;835139384;zofia.nowak771@gmail.com;1967-08-21;VIP
U00215;RD0007;KL00002614;Marta;Kowalski;61595268504;DOK559177;126;8;86-892;845426985;marta.kowalski174@gmail.com;1973-02-13;nowy
U00180;RD0007;KL00002615;Magdalena;Wrobel;54339649742;DOK887112;120;;61-288;809338364;magdalena.wrobel862@gmail.com;1983-03-10;firmowy
U00373;RD0002;KL00002616;Michal;Stepien;54277569153;DOK339997;116;;32-363;738049865;michal.stepien737@gmail.com;1975-06-12;staly
U00545;RD0003;KL00002617;Marta;Nowicka;28567740233;DOK855290;108;39;83-990;526054689;marta.nowicka725@gmail.com;1962-08-28;nowy
U00106;RD0002;KL00002618;Natalia;Wojcik;76283288016;DOK361783;60;23;19-327;746932179;natalia.wojcik439@gmail.com;1974-07-09;firmowy
U00665;RD0006;KL00002619;Magdalena;Nowak;87266052450;DOK109694;156;33;36-069;812938105;magdalena.nowak229@gmail.com;1972-08-20;firmowy
U00062;RD0003;KL00002620;Jakub;Stepien;77686116921;DOK435584;131;4;41-943;835869236;jakub.stepien307@gmail.com;2005-10-20;staly
U00247;RD0004;KL00002621;Tomasz;Lewandowski;86353461901;DOK706164;39;;89-994;693040271;tomasz.lewandowski142@gmail.com;1973-12-24;staly
U00348;RD0002;KL00002622;Krzysztof;Nowak;99991132194;DOK239960;104;;79-007;843509448;krzysztof.nowak208@gmail.com;1966-04-23;staly
U00149;RD0008;KL00002623;Marta;Zajac;61920456143;DOK215449;171;43;59-791;586277722;marta.zajac733@gmail.com;2001-10-26;nowy
U00594;RD0008;KL00002624;Wojciech;Mazur;75502276838;DOK538269;47;14;90-480;513199216;wojciech.mazur215@gmail.com;2001-08-01;nowy
U00286;RD0008;KL00002625;Natalia;Wieczorek;66630951268;DOK652190;25;56;34-940;565955969;natalia.wieczorek816@gmail.com;1996-07-23;VIP
U00586;RD0005;KL00002626;Alicja;Zajac;35610941187;DOK835783;58;;99-000;710323242;alicja.zajac190@gmail.com;1978-09-19;VIP
U00257;RD0002;KL00002627;Marta;Michalski;82634064550;DOK478043;71;;45-065;789457326;marta.michalski628@gmail.com;1966-03-04;staly
U00245;RD0002;KL00002628;Weronika;Nowicka;14310429966;DOK343523;89;;13-207;585101217;weronika.nowicka518@gmail.com;1965-04-02;firmowy
U00335;RD0005;KL00002629;Magdalena;Lewandowski;95345632388;DOK109512;79;38;79-974;704173800;magdalena.lewandowski369@gmail.com;1985-02-23;zwykly
U00599;RD0007;KL00002630;Karolina;Nowicka;29989827740;DOK196865;50;;56-061;781593653;karolina.nowicka428@gmail.com;1966-09-30;nowy
U00322;RD0007;KL00002631;Karolina;Pawlak;38454617187;DOK412534;113;;97-696;781240654;karolina.pawlak844@gmail.com;1991-08-18;VIP
U00591;RD0003;KL00002632;Pawel;Kowalski;60899821895;DOK670818;113;;86-810;849538853;pawel.kowalski656@gmail.com;1974-09-13;firmowy
U00219;RD0007;KL00002633;Krzysztof;Wrobel;19489030959;DOK515892;52;;80-300;708007900;krzysztof.wrobel43@gmail.com;1962-01-07;firmowy
U00404;RD0003;KL00002634;Alicja;Zajac;40126109656;DOK317563;180;20;87-050;776792750;alicja.zajac846@gmail.com;1974-04-29;firmowy
U00083;RD0002;KL00002635;Julia;Michalski;44354325869;DOK366471;167;55;97-035;622802793;julia.michalski966@gmail.com;1961-06-19;zwykly
U00101;RD0007;KL00002636;Marcin;Stepien;41834506467;DOK905939;97;;28-536;647167880;marcin.stepien372@gmail.com;1976-08-25;staly
U00003;RD0009;KL00002637;Piotr;Dabrowski;55679816050;DOK575754;158;55;58-155;587424766;piotr.dabrowski917@gmail.com;1994-02-15;staly
U00650;RD0001;KL00002638;Piotr;Wojcik;50851367175;DOK652650;110;;58-748;722571658;piotr.wojcik766@gmail.com;1957-12-23;zwykly
U00007;RD0005;KL00002639;Alicja;Mazur;89108311187;DOK118441;164;;43-627;854400541;alicja.mazur344@gmail.com;1968-07-23;nowy
U00109;RD0007;KL00002640;Wojciech;Krol;45700900207;DOK176117;7;;90-503;792964511;wojciech.krol558@gmail.com;1974-08-04;staly
U00152;RD0002;KL00002641;Magdalena;Zielinska;59093939249;DOK158697;46;18;29-918;613526375;magdalena.zielinska793@gmail.com;1990-09-18;nowy
U00273;RD0005;KL00002642;Pawel;Jankowski;70189610784;DOK179969;18;1;97-475;592092907;pawel.jankowski632@gmail.com;1990-02-06;staly
U00250;RD0001;KL00002643;Jan;Kaminska;61498674568;DOK769719;8;28;66-096;635603658;jan.kaminska554@gmail.com;1978-02-15;VIP
U00204;RD0002;KL00002644;Zofia;Wrobel;44705822242;DOK577187;148;23;42-753;535426880;zofia.wrobel175@gmail.com;1993-04-22;nowy
U00300;RD0010;KL00002645;Marcin;Kaminska;32238366263;DOK106067;47;43;80-073;691414833;marcin.kaminska806@gmail.com;1999-06-23;VIP
U00601;RD0006;KL00002646;Anna;Nowicka;23480578268;DOK985777;113;36;10-123;584784102;anna.nowicka428@gmail.com;1996-04-28;firmowy
U00047;RD0006;KL00002647;Alicja;Kozlowski;17555893516;DOK600408;59;9;45-767;822199301;alicja.kozlowski65@gmail.com;1970-10-07;nowy
U00056;RD0004;KL00002648;Julia;Zielinska;57969483417;DOK148053;44;;86-406;581582718;julia.zielinska808@gmail.com;1971-04-24;nowy
U00289;RD0005;KL00002649;Zofia;Nowicka;43671630440;DOK605236;165;;42-215;820041732;zofia.nowicka599@gmail.com;1995-04-12;staly
U00576;RD0006;KL00002650;Marek;Zajac;81886488230;DOK120088;49;;13-535;720593222;marek.zajac656@gmail.com;1972-04-30;zwykly
U00422;RD0004;KL00002651;Julia;Pawlak;30742494390;DOK719480;167;;50-831;510927346;julia.pawlak341@gmail.com;1958-11-23;staly
U00508;RD0002;KL00002652;Marta;Nowicka;88746421096;DOK129078;81;;26-933;613496482;marta.nowicka478@gmail.com;1988-03-22;VIP
U00630;RD0001;KL00002653;Katarzyna;Nowak;46435506833;DOK402975;66;;98-237;804942724;katarzyna.nowak110@gmail.com;2002-01-29;zwykly
U00497;RD0005;KL00002654;Magdalena;Wojcik;10042459016;DOK310144;66;;77-695;770649987;magdalena.wojcik705@gmail.com;1973-11-07;nowy
U00691;RD0008;KL00002655;Tomasz;Kozlowski;39009549457;DOK602124;76;39;58-414;702420259;tomasz.kozlowski969@gmail.com;1955-05-03;firmowy
U00404;RD0007;KL00002656;Marek;Zielinska;17428623622;DOK904768;75;51;70-269;555585956;marek.zielinska152@gmail.com;1955-06-16;nowy
U00002;RD0004;KL00002657;Katarzyna;Pawlak;80593613302;DOK723076;54;10;55-860;571274305;katarzyna.pawlak810@gmail.com;1991-04-21;nowy
U00005;RD0005;KL00002658;Wojciech;Dabrowski;88236888153;DOK359068;94;;12-140;712559940;wojciech.dabrowski623@gmail.com;2007-09-06;staly
U00383;RD0003;KL00002659;Magdalena;Piotrowski;67683810898;DOK687872;75;60;16-222;857791921;magdalena.piotrowski759@gmail.com;1961-09-17;firmowy
U00482;RD0009;KL00002660;Pawel;Mazur;70428031770;DOK430405;39;;92-566;536000357;pawel.mazur255@gmail.com;1978-01-08;VIP
U00275;RD0003;KL00002661;Magdalena;Mazur;42277292675;DOK892582;157;;36-979;835071046;magdalena.mazur782@gmail.com;1979-05-10;VIP
U00139;RD0007;KL00002662;Aleksandra;Jankowski;78898863286;DOK785206;138;13;33-614;800032468;aleksandra.jankowski857@gmail.com;1986-11-05;VIP
U00031;RD0002;KL00002663;Julia;Stepien;44720890295;DOK749489;155;;48-466;676653689;julia.stepien279@gmail.com;2004-07-04;firmowy
U00670;RD0008;KL00002664;Pawel;Wrobel;73806952485;DOK138735;71;40;15-589;723881082;pawel.wrobel470@gmail.com;1991-05-04;zwykly
U00374;RD0007;KL00002665;Aleksandra;Dabrowski;88754203998;DOK602556;116;;59-096;516814298;aleksandra.dabrowski680@gmail.com;1968-08-25;staly
U00482;RD0004;KL00002666;Jan;Kozlowski;84738726642;DOK990155;149;;16-531;510833273;jan.kozlowski301@gmail.com;1962-06-14;firmowy
U00640;RD0005;KL00002667;Jakub;Krawczyk;39594073284;DOK133236;122;59;30-824;555874531;jakub.krawczyk920@gmail.com;2001-08-05;nowy
U00468;RD0008;KL00002668;Marta;Nowicka;22033968230;DOK810336;109;37;85-103;707879392;marta.nowicka328@gmail.com;1989-06-15;firmowy
U00421;RD0004;KL00002669;Alicja;Zielinska;23186169517;DOK133606;68;22;66-569;883259443;alicja.zielinska430@gmail.com;1985-07-28;zwykly
U00336;RD0008;KL00002670;Marek;Mazur;34456570118;DOK675895;18;10;85-860;563172731;marek.mazur171@gmail.com;1988-05-19;nowy
U00547;RD0009;KL00002671;Aleksandra;Wieczorek;34260223524;DOK370799;148;38;18-639;717075481;aleksandra.wieczorek27@gmail.com;1998-06-05;nowy
U00357;RD0009;KL00002672;Julia;Wojcik;56292818939;DOK485781;50;;39-063;879115292;julia.wojcik814@gmail.com;1973-12-04;VIP
U00209;RD0002;KL00002673;Krzysztof;Krawczyk;55224340474;DOK486305;145;;73-022;764704125;krzysztof.krawczyk842@gmail.com;1963-05-22;firmowy
U00262;RD0005;KL00002674;Damian;Krol;44769813664;DOK886153;79;;17-764;894189370;damian.krol279@gmail.com;1957-06-18;firmowy
U00047;RD0003;KL00002675;Natalia;Krawczyk;14823408548;DOK861879;109;;15-455;826024074;natalia.krawczyk498@gmail.com;1965-10-24;nowy
U00166;RD0003;KL00002676;Karolina;Nowicka;86162553951;DOK627750;170;48;49-157;743445251;karolina.nowicka947@gmail.com;1969-01-10;staly
U00498;RD0010;KL00002677;Michal;Michalski;29753447310;DOK493041;30;42;86-491;870254872;michal.michalski200@gmail.com;1982-12-21;firmowy
U00283;RD0008;KL00002678;Wojciech;Kozlowski;80292402060;DOK976412;119;45;95-990;890325927;wojciech.kozlowski250@gmail.com;2000-05-18;firmowy
U00331;RD0004;KL00002679;Piotr;Nowak;91492360948;DOK881038;179;;92-731;816802617;piotr.nowak57@gmail.com;1984-04-09;firmowy
U00572;RD0006;KL00002680;Krzysztof;Wojcik;11723579531;DOK905149;163;;47-950;620473400;krzysztof.wojcik718@gmail.com;1956-05-12;staly
U00359;RD0007;KL00002681;Anna;Kaminska;14547822347;DOK407775;31;;22-418;866187488;anna.kaminska407@gmail.com;1988-08-18;firmowy
U00492;RD0001;KL00002682;Natalia;Kowalczyk;24765318185;DOK263315;115;46;98-479;555075380;natalia.kowalczyk450@gmail.com;1984-04-05;VIP
U00010;RD0007;KL00002683;Ewa;Kozlowski;51923500840;DOK287116;179;;82-737;826143438;ewa.kozlowski939@gmail.com;1956-08-07;staly
U00561;RD0002;KL00002684;Pawel;Nowicka;68923900254;DOK584290;102;;31-868;735365902;pawel.nowicka36@gmail.com;1964-10-15;staly
U00074;RD0007;KL00002685;Julia;Zielinska;44322439639;DOK702463;18;;49-431;646409609;julia.zielinska908@gmail.com;1987-11-01;VIP
U00056;RD0005;KL00002686;Jakub;Krawczyk;82547709976;DOK265229;168;;36-446;833050259;jakub.krawczyk22@gmail.com;1981-08-04;zwykly
U00360;RD0001;KL00002687;Jakub;Stepien;62333245456;DOK167808;61;;99-638;753008275;jakub.stepien232@gmail.com;1961-05-15;VIP
U00057;RD0007;KL00002688;Marek;Wrobel;71778285513;DOK556578;104;19;93-004;674118962;marek.wrobel240@gmail.com;2005-01-28;VIP
U00643;RD0002;KL00002689;Michal;Kaminska;46787239943;DOK332002;86;;31-967;768746346;michal.kaminska764@gmail.com;1984-07-22;zwykly
U00682;RD0001;KL00002690;Krzysztof;Pawlak;84585083639;DOK171074;62;34;14-976;678741141;krzysztof.pawlak464@gmail.com;1970-04-08;VIP
U00388;RD0008;KL00002691;Katarzyna;Zielinska;86696337678;DOK893990;168;19;55-340;699871533;katarzyna.zielinska137@gmail.com;1982-10-25;zwykly
U00031;RD0008;KL00002692;Jakub;Wojcik;60401755539;DOK797926;94;1;56-987;583987828;jakub.wojcik638@gmail.com;1980-05-31;zwykly
U00545;RD0008;KL00002693;Weronika;Mazur;49801189309;DOK197108;33;22;96-600;812748214;weronika.mazur858@gmail.com;2002-07-18;nowy
U00672;RD0003;KL00002694;Mateusz;Krawczyk;84380087842;DOK516437;153;;61-252;668385018;mateusz.krawczyk442@gmail.com;1956-09-12;zwykly
U00192;RD0006;KL00002695;Tomasz;Wieczorek;60102992844;DOK165964;94;;85-893;739839527;tomasz.wieczorek712@gmail.com;1979-09-20;zwykly
U00487;RD0009;KL00002696;Mateusz;Lewandowski;88385146189;DOK450827;56;;32-465;606238979;mateusz.lewandowski274@gmail.com;2007-01-27;staly
U00543;RD0001;KL00002697;Olga;Kozlowski;21463430590;DOK754743;127;;30-114;605956689;olga.kozlowski961@gmail.com;1973-04-18;firmowy
U00407;RD0005;KL00002698;Damian;Wisniewski;64474114619;DOK180682;82;;99-823;731676239;damian.wisniewski789@gmail.com;1977-10-28;VIP
U00131;RD0005;KL00002699;Marek;Kowalczyk;73452904019;DOK141026;174;1;23-276;783481520;marek.kowalczyk708@gmail.com;1962-05-11;VIP
U00454;RD0002;KL00002700;Mateusz;Zajac;85657668049;DOK661244;70;;81-615;853419957;mateusz.zajac258@gmail.com;1971-10-04;firmowy
U00568;RD0002;KL00002701;Damian;Dabrowski;30656633789;DOK521370;132;;86-255;504448496;damian.dabrowski746@gmail.com;1955-12-20;nowy
U00528;RD0009;KL00002702;Jan;Kozlowski;90772995411;DOK737560;4;;93-930;772659539;jan.kozlowski43@gmail.com;1992-03-10;zwykly
U00198;RD0004;KL00002703;Michal;Kowalski;13604995237;DOK456428;9;48;24-711;887466501;michal.kowalski915@gmail.com;1958-04-13;staly
U00227;RD0006;KL00002704;Tomasz;Stepien;90754028270;DOK718973;10;7;40-070;552191016;tomasz.stepien421@gmail.com;2002-09-30;firmowy
U00429;RD0001;KL00002705;Mateusz;Dabrowski;31001137399;DOK767283;20;;47-927;730942807;mateusz.dabrowski986@gmail.com;1985-06-27;firmowy
U00148;RD0009;KL00002706;Damian;Szymanski;27672724612;DOK839930;176;23;82-536;602083834;damian.szymanski407@gmail.com;2007-11-24;VIP
U00274;RD0010;KL00002707;Anna;Piotrowski;47964056071;DOK713194;177;39;19-867;592429402;anna.piotrowski399@gmail.com;1955-04-22;nowy
U00251;RD0004;KL00002708;Marek;Kowalski;47982237621;DOK881280;111;;97-362;765985319;marek.kowalski733@gmail.com;1963-03-02;firmowy
U00503;RD0009;KL00002709;Tomasz;Jankowski;25598111828;DOK321335;6;;83-638;685415667;tomasz.jankowski870@gmail.com;1958-11-26;staly
U00584;RD0007;KL00002710;Zofia;Nowicka;97147900367;DOK205305;102;;15-541;707027754;zofia.nowicka148@gmail.com;2004-04-10;nowy
U00134;RD0003;KL00002711;Jakub;Lewandowski;43702693728;DOK124082;121;18;80-939;762635889;jakub.lewandowski395@gmail.com;1972-04-30;zwykly
U00102;RD0004;KL00002712;Alicja;Krawczyk;59686373949;DOK954320;93;;51-557;713063011;alicja.krawczyk122@gmail.com;1989-04-18;zwykly
U00517;RD0004;KL00002713;Marcin;Kozlowski;42541286702;DOK427461;10;24;44-648;649923141;marcin.kozlowski861@gmail.com;1964-07-30;firmowy
U00362;RD0010;KL00002714;Adam;Nowicka;25075103936;DOK718147;45;;88-392;700193716;adam.nowicka391@gmail.com;1996-09-23;VIP
U00681;RD0010;KL00002715;Alicja;Jankowski;67803748596;DOK821776;42;;63-551;626678100;alicja.jankowski85@gmail.com;1966-11-04;firmowy
U00261;RD0002;KL00002716;Jakub;Zielinska;38056544580;DOK742800;156;23;53-650;752490113;jakub.zielinska856@gmail.com;1993-03-06;zwykly
U00527;RD0001;KL00002717;Alicja;Kowalczyk;76375928879;DOK184584;174;27;26-577;659021466;alicja.kowalczyk372@gmail.com;1956-03-16;VIP
U00677;RD0010;KL00002718;Ewa;Mazur;45589230609;DOK576925;58;43;37-284;551261731;ewa.mazur902@gmail.com;1998-09-22;staly
U00637;RD0002;KL00002719;Marcin;Zielinska;32406682712;DOK349910;180;;77-441;855934537;marcin.zielinska767@gmail.com;1984-01-20;firmowy
U00052;RD0007;KL00002720;Mateusz;Wieczorek;97711945690;DOK609977;66;;92-649;572876667;mateusz.wieczorek770@gmail.com;1958-07-10;zwykly
U00063;RD0005;KL00002721;Piotr;Wrobel;83021044557;DOK341656;131;;69-866;799471483;piotr.wrobel178@gmail.com;1981-10-30;zwykly
U00658;RD0009;KL00002722;Olga;Wisniewski;76344211440;DOK846135;122;49;54-659;619018240;olga.wisniewski193@gmail.com;2005-10-31;staly
U00333;RD0004;KL00002723;Marek;Kowalczyk;42605127618;DOK745886;34;;26-368;764430098;marek.kowalczyk489@gmail.com;1985-09-09;VIP
U00259;RD0006;KL00002724;Krzysztof;Piotrowski;15751291860;DOK272863;28;34;77-898;684831200;krzysztof.piotrowski192@gmail.com;1961-05-06;zwykly
U00317;RD0007;KL00002725;Julia;Nowicka;18569665657;DOK338314;97;;39-596;712727617;julia.nowicka729@gmail.com;2007-02-12;nowy
U00518;RD0005;KL00002726;Magdalena;Pawlak;13366269901;DOK894946;171;;52-921;869400043;magdalena.pawlak641@gmail.com;2002-02-01;nowy
U00253;RD0006;KL00002727;Damian;Pawlak;81568701749;DOK930048;153;;70-057;705792694;damian.pawlak591@gmail.com;2002-09-28;VIP
U00182;RD0009;KL00002728;Marta;Michalski;41526490280;DOK237156;166;10;50-317;718668782;marta.michalski84@gmail.com;1983-07-24;firmowy
U00422;RD0008;KL00002729;Mateusz;Dabrowski;72899129051;DOK650858;171;34;82-529;733280225;mateusz.dabrowski221@gmail.com;2003-10-31;firmowy
U00231;RD0010;KL00002730;Ewa;Wisniewski;93002683184;DOK853555;75;21;84-138;878098387;ewa.wisniewski996@gmail.com;1959-05-26;zwykly
U00344;RD0008;KL00002731;Marcin;Pawlak;40807441964;DOK763284;86;4;21-633;650745068;marcin.pawlak472@gmail.com;1969-07-19;firmowy
U00433;RD0003;KL00002732;Magdalena;Michalski;79564305686;DOK919921;150;;55-299;802110577;magdalena.michalski967@gmail.com;1997-05-06;firmowy
U00584;RD0002;KL00002733;Marta;Piotrowski;77465346524;DOK680864;161;52;27-020;523618272;marta.piotrowski564@gmail.com;2003-11-13;zwykly
U00100;RD0005;KL00002734;Jan;Kowalski;79483576147;DOK956683;105;39;17-404;597820483;jan.kowalski328@gmail.com;1960-11-02;staly
U00601;RD0006;KL00002735;Magdalena;Kozlowski;44822221003;DOK710995;11;26;66-100;839552876;magdalena.kozlowski715@gmail.com;2000-08-22;zwykly
U00009;RD0001;KL00002736;Marta;Nowicka;47422791597;DOK761821;91;31;33-279;584088256;marta.nowicka675@gmail.com;1966-11-16;firmowy
U00301;RD0010;KL00002737;Marta;Wieczorek;65656782763;DOK544112;90;9;89-304;777172666;marta.wieczorek204@gmail.com;1958-01-20;staly
U00128;RD0010;KL00002738;Katarzyna;Piotrowski;29175949229;DOK879031;85;;93-222;637449195;katarzyna.piotrowski211@gmail.com;2006-08-22;VIP
U00443;RD0008;KL00002739;Jakub;Zielinska;76503538338;DOK565858;55;;26-397;679747833;jakub.zielinska545@gmail.com;1987-10-22;staly
U00682;RD0002;KL00002740;Anna;Lewandowski;48693682879;DOK843292;166;39;21-262;500541963;anna.lewandowski482@gmail.com;1987-06-27;zwykly
U00643;RD0003;KL00002741;Wojciech;Wrobel;82445152077;DOK131295;106;;94-590;820152196;wojciech.wrobel37@gmail.com;1987-10-04;staly
U00423;RD0010;KL00002742;Tomasz;Mazur;77701335349;DOK972965;172;;29-812;548373374;tomasz.mazur471@gmail.com;1963-02-23;VIP
U00378;RD0007;KL00002743;Julia;Zielinska;80537087124;DOK788320;63;48;16-223;582484550;julia.zielinska357@gmail.com;2006-07-11;VIP
U00381;RD0003;KL00002744;Tomasz;Michalski;61039575454;DOK441756;137;;58-501;611068012;tomasz.michalski328@gmail.com;2004-08-17;zwykly
U00096;RD0001;KL00002745;Magdalena;Pawlak;77264283136;DOK284400;134;42;86-304;747632616;magdalena.pawlak862@gmail.com;1981-04-08;staly
U00695;RD0002;KL00002746;Ewa;Krawczyk;20217201096;DOK372952;157;51;87-209;852327336;ewa.krawczyk415@gmail.com;2000-08-09;VIP
U00405;RD0003;KL00002747;Katarzyna;Michalski;74066001946;DOK449957;101;17;38-594;520535234;katarzyna.michalski598@gmail.com;1976-08-30;zwykly
U00345;RD0007;KL00002748;Wojciech;Krol;37491649261;DOK117311;16;13;59-148;881718675;wojciech.krol948@gmail.com;1963-01-14;zwykly
U00080;RD0007;KL00002749;Natalia;Wrobel;15407263887;DOK566965;131;;92-056;661308214;natalia.wrobel860@gmail.com;1989-02-14;zwykly
U00670;RD0006;KL00002750;Piotr;Lewandowski;77557559322;DOK884989;162;41;41-618;723132126;piotr.lewandowski374@gmail.com;1965-11-23;firmowy
U00610;RD0006;KL00002751;Wojciech;Kaminska;63876607943;DOK562072;118;;17-342;693564538;wojciech.kaminska306@gmail.com;1990-03-03;nowy
U00038;RD0008;KL00002752;Mateusz;Stepien;64138730948;DOK738566;154;21;47-720;794792046;mateusz.stepien188@gmail.com;1987-07-19;zwykly
U00131;RD0010;KL00002753;Anna;Wrobel;36831893966;DOK913621;179;14;26-400;773436138;anna.wrobel586@gmail.com;1968-04-09;firmowy
U00021;RD0003;KL00002754;Michal;Krawczyk;40341103094;DOK555667;140;19;19-368;768286298;michal.krawczyk494@gmail.com;1960-09-08;VIP
U00070;RD0009;KL00002755;Ewa;Krol;32616923139;DOK834406;161;5;85-361;722090686;ewa.krol771@gmail.com;1960-10-13;firmowy
U00374;RD0006;KL00002756;Karolina;Wrobel;94000863009;DOK264113;40;;57-370;569603207;karolina.wrobel708@gmail.com;1992-03-17;staly
U00685;RD0001;KL00002757;Weronika;Grabowska;69692526581;DOK304429;2;10;28-560;883056281;weronika.grabowska182@gmail.com;1996-05-25;VIP
U00366;RD0003;KL00002758;Olga;Zielinska;80604227522;DOK742217;128;;34-359;821385314;olga.zielinska665@gmail.com;1982-11-24;staly
U00421;RD0009;KL00002759;Magdalena;Kaminska;51507374603;DOK991806;128;;45-692;693239282;magdalena.kaminska329@gmail.com;1957-04-20;firmowy
U00533;RD0004;KL00002760;Marta;Kowalczyk;27029136978;DOK677375;91;4;77-559;526369857;marta.kowalczyk958@gmail.com;1991-09-26;firmowy
U00318;RD0006;KL00002761;Jakub;Mazur;13221945909;DOK883468;174;;24-666;506430465;jakub.mazur328@gmail.com;1991-01-19;zwykly
U00576;RD0009;KL00002762;Katarzyna;Kowalski;69372331914;DOK610113;153;;43-259;768192939;katarzyna.kowalski446@gmail.com;1960-05-26;nowy
U00545;RD0009;KL00002763;Pawel;Piotrowski;69935323795;DOK495237;50;51;91-302;708661329;pawel.piotrowski782@gmail.com;1977-06-28;VIP
U00308;RD0008;KL00002764;Zofia;Zielinska;46261059501;DOK879881;147;;39-203;757435876;zofia.zielinska592@gmail.com;1965-01-24;VIP
U00441;RD0003;KL00002765;Olga;Stepien;25040969556;DOK746060;20;;33-223;760341201;olga.stepien298@gmail.com;1969-01-25;nowy
U00251;RD0005;KL00002766;Wojciech;Grabowska;57188561314;DOK152721;83;8;86-296;504656365;wojciech.grabowska328@gmail.com;1998-02-07;zwykly
U00134;RD0007;KL00002767;Michal;Grabowska;91717854356;DOK601430;165;11;86-077;644784031;michal.grabowska364@gmail.com;1994-12-24;firmowy
U00420;RD0007;KL00002768;Krzysztof;Zielinska;87378451738;DOK658506;82;39;81-095;735731273;krzysztof.zielinska770@gmail.com;1975-04-13;firmowy
U00399;RD0007;KL00002769;Ewa;Zielinska;37336774041;DOK743823;113;34;54-536;741806975;ewa.zielinska826@gmail.com;1975-05-18;nowy
U00700;RD0006;KL00002770;Ewa;Krol;99778380279;DOK479801;116;;24-818;839167161;ewa.krol627@gmail.com;1991-06-03;staly
U00616;RD0007;KL00002771;Michal;Szymanski;41933686150;DOK985265;145;;53-490;634740839;michal.szymanski489@gmail.com;1987-06-11;firmowy
U00450;RD0003;KL00002772;Michal;Zielinska;27520712983;DOK333056;130;;68-455;698207707;michal.zielinska393@gmail.com;1959-12-13;nowy
U00577;RD0009;KL00002773;Piotr;Pawlak;54964334483;DOK491446;127;43;78-868;618617181;piotr.pawlak130@gmail.com;2004-09-15;VIP
U00655;RD0001;KL00002774;Aleksandra;Nowak;18238368867;DOK439410;151;;46-359;896983166;aleksandra.nowak117@gmail.com;1984-10-25;VIP
U00564;RD0006;KL00002775;Tomasz;Kozlowski;15516380717;DOK438186;146;;38-283;662627203;tomasz.kozlowski948@gmail.com;1967-08-01;staly
U00674;RD0008;KL00002776;Karolina;Kowalczyk;36348469391;DOK739702;60;;17-793;718195009;karolina.kowalczyk345@gmail.com;1971-02-10;VIP
U00378;RD0010;KL00002777;Natalia;Lewandowski;78482777428;DOK429010;150;2;83-405;583982998;natalia.lewandowski516@gmail.com;1967-08-26;zwykly
U00001;RD0009;KL00002778;Aleksandra;Mazur;85119350597;DOK612539;162;;70-516;849846906;aleksandra.mazur881@gmail.com;1992-07-25;VIP
U00488;RD0004;KL00002779;Damian;Stepien;69869478586;DOK359575;13;31;68-224;811945808;damian.stepien657@gmail.com;1990-01-29;VIP
U00422;RD0001;KL00002780;Karolina;Mazur;76869286353;DOK789277;146;33;51-952;679839237;karolina.mazur12@gmail.com;2006-04-25;zwykly
U00300;RD0005;KL00002781;Marta;Wieczorek;61522227644;DOK793905;12;;27-615;714603331;marta.wieczorek161@gmail.com;1996-06-30;zwykly
U00018;RD0008;KL00002782;Marta;Wisniewski;42693952147;DOK845191;47;10;61-364;579304622;marta.wisniewski460@gmail.com;1990-03-02;VIP
U00396;RD0004;KL00002783;Natalia;Dabrowski;53017102531;DOK751325;78;48;54-435;768368448;natalia.dabrowski124@gmail.com;1959-08-10;firmowy
U00209;RD0010;KL00002784;Krzysztof;Kozlowski;73515848122;DOK272585;72;21;80-092;884763463;krzysztof.kozlowski901@gmail.com;1995-03-04;nowy
U00036;RD0009;KL00002785;Krzysztof;Wrobel;81602500837;DOK418933;2;;50-783;607632713;krzysztof.wrobel708@gmail.com;1992-06-20;zwykly
U00402;RD0006;KL00002786;Natalia;Lewandowski;98556159653;DOK600400;37;;37-891;832437802;natalia.lewandowski969@gmail.com;1980-03-30;zwykly
U00025;RD0006;KL00002787;Damian;Piotrowski;66029746318;DOK735447;107;;18-798;568983468;damian.piotrowski548@gmail.com;1962-04-07;staly
U00249;RD0009;KL00002788;Tomasz;Pawlak;35474456688;DOK606991;134;15;67-582;798900709;tomasz.pawlak790@gmail.com;1965-08-03;zwykly
U00588;RD0003;KL00002789;Julia;Zajac;19922146924;DOK333512;122;;40-002;728762708;julia.zajac706@gmail.com;1968-01-30;nowy
U00381;RD0009;KL00002790;Anna;Nowicka;15221610044;DOK527815;144;;74-209;728197940;anna.nowicka798@gmail.com;2006-12-02;nowy
U00454;RD0003;KL00002791;Katarzyna;Krawczyk;83868933718;DOK513837;109;;62-047;714260109;katarzyna.krawczyk487@gmail.com;1987-09-19;staly
U00365;RD0008;KL00002792;Natalia;Michalski;43434868820;DOK870717;84;;10-326;899995710;natalia.michalski776@gmail.com;1998-06-21;firmowy
U00134;RD0006;KL00002793;Magdalena;Wrobel;14197130637;DOK407929;11;;98-844;786256026;magdalena.wrobel667@gmail.com;1996-11-03;nowy
U00027;RD0009;KL00002794;Weronika;Wisniewski;56866447318;DOK945072;84;10;37-350;760076826;weronika.wisniewski516@gmail.com;1974-11-13;staly
U00645;RD0003;KL00002795;Olga;Grabowska;78919042559;DOK122313;40;;24-016;653683777;olga.grabowska88@gmail.com;1980-03-02;zwykly
U00311;RD0010;KL00002796;Olga;Piotrowski;23935859668;DOK525792;98;;95-121;729846373;olga.piotrowski785@gmail.com;2001-04-23;zwykly
U00651;RD0006;KL00002797;Piotr;Kozlowski;64244090089;DOK557940;23;;46-017;878294304;piotr.kozlowski283@gmail.com;1984-12-21;staly
U00043;RD0005;KL00002798;Anna;Nowak;84456329659;DOK415484;9;36;85-141;569859293;anna.nowak642@gmail.com;1987-07-01;zwykly
U00638;RD0001;KL00002799;Tomasz;Michalski;99880148476;DOK503100;80;20;89-247;678259159;tomasz.michalski448@gmail.com;1999-03-05;staly
U00666;RD0009;KL00002800;Ewa;Stepien;18355573876;DOK810668;58;26;37-575;616787932;ewa.stepien414@gmail.com;1974-12-06;firmowy
U00312;RD0006;KL00002801;Marek;Kaminska;26079499874;DOK608049;10;15;40-357;534693382;marek.kaminska802@gmail.com;2006-12-07;staly
U00189;RD0005;KL00002802;Wojciech;Wrobel;97068208141;DOK766948;157;46;62-411;877070287;wojciech.wrobel254@gmail.com;2000-09-03;nowy
U00036;RD0005;KL00002803;Anna;Nowak;37302960891;DOK720440;141;;99-996;888841060;anna.nowak564@gmail.com;2006-10-04;nowy
U00428;RD0008;KL00002804;Olga;Zajac;34189111222;DOK983078;81;;11-703;808890545;olga.zajac386@gmail.com;1962-06-14;firmowy
U00594;RD0009;KL00002805;Anna;Michalski;74189235327;DOK320994;19;;11-975;816746416;anna.michalski514@gmail.com;1962-11-15;firmowy
U00575;RD0002;KL00002806;Karolina;Pawlak;40141299827;DOK999605;161;25;87-111;864730611;karolina.pawlak185@gmail.com;1992-05-24;zwykly
U00104;RD0007;KL00002807;Natalia;Nowak;54033646880;DOK373792;105;;29-378;735789620;natalia.nowak238@gmail.com;1962-08-08;VIP
U00432;RD0002;KL00002808;Natalia;Zielinska;70675993973;DOK521983;152;26;32-788;586865898;natalia.zielinska806@gmail.com;2006-06-10;nowy
U00655;RD0010;KL00002809;Natalia;Grabowska;52699783821;DOK612001;72;;81-061;838695765;natalia.grabowska578@gmail.com;1999-01-25;nowy
U00123;RD0008;KL00002810;Aleksandra;Piotrowski;43946318162;DOK783701;57;;53-792;766307252;aleksandra.piotrowski97@gmail.com;1983-11-16;zwykly
U00392;RD0002;KL00002811;Michal;Kaminska;71213909142;DOK191816;107;;43-268;556258061;michal.kaminska379@gmail.com;1967-08-13;firmowy
U00354;RD0009;KL00002812;Michal;Dabrowski;99077004761;DOK250401;154;27;86-292;891056948;michal.dabrowski378@gmail.com;1972-06-26;zwykly
U00588;RD0002;KL00002813;Marta;Wrobel;43652031451;DOK865768;119;17;86-518;760439417;marta.wrobel849@gmail.com;1984-03-01;VIP
U00194;RD0009;KL00002814;Jan;Krol;39240027395;DOK565823;64;60;51-753;588466199;jan.krol320@gmail.com;1966-10-25;firmowy
U00003;RD0008;KL00002815;Marta;Krawczyk;25787756577;DOK426099;112;;44-003;591459697;marta.krawczyk446@gmail.com;2002-03-19;zwykly
U00196;RD0005;KL00002816;Pawel;Jankowski;53615059919;DOK470379;88;;81-202;576975676;pawel.jankowski837@gmail.com;1984-04-11;VIP
U00547;RD0005;KL00002817;Piotr;Lewandowski;26917249307;DOK821347;93;;11-589;858100010;piotr.lewandowski361@gmail.com;1973-08-03;VIP
U00145;RD0008;KL00002818;Wojciech;Jankowski;11457146968;DOK485656;103;33;91-063;774101427;wojciech.jankowski927@gmail.com;1973-08-21;nowy
U00014;RD0008;KL00002819;Alicja;Stepien;75096045541;DOK175309;39;;36-314;517512254;alicja.stepien709@gmail.com;2000-03-07;VIP
U00217;RD0008;KL00002820;Marta;Krol;43427798192;DOK258802;105;;67-253;630912089;marta.krol159@gmail.com;1982-11-11;VIP
U00440;RD0008;KL00002821;Krzysztof;Piotrowski;67086215950;DOK744252;86;51;75-880;566368583;krzysztof.piotrowski595@gmail.com;1998-03-08;staly
U00551;RD0008;KL00002822;Damian;Mazur;88573088087;DOK819318;39;19;44-621;827799880;damian.mazur199@gmail.com;1959-12-18;VIP
U00355;RD0008;KL00002823;Karolina;Grabowska;65338416004;DOK528730;130;;87-987;502457225;karolina.grabowska932@gmail.com;2001-09-25;staly
U00665;RD0007;KL00002824;Zofia;Mazur;73984552100;DOK777555;129;;33-032;602751530;zofia.mazur78@gmail.com;1982-01-02;zwykly
U00212;RD0002;KL00002825;Marcin;Stepien;72206860675;DOK725866;4;;48-042;611331979;marcin.stepien568@gmail.com;2001-04-25;nowy
U00205;RD0002;KL00002826;Zofia;Lewandowski;55759376751;DOK934130;171;47;22-524;508441851;zofia.lewandowski108@gmail.com;1982-01-31;firmowy
U00012;RD0003;KL00002827;Michal;Pawlak;66906301668;DOK241738;138;;25-892;820507418;michal.pawlak228@gmail.com;1989-01-27;nowy
U00630;RD0006;KL00002828;Marcin;Zajac;39871652702;DOK175458;29;;95-915;629369576;marcin.zajac577@gmail.com;1987-12-09;nowy
U00497;RD0004;KL00002829;Katarzyna;Jankowski;88673153006;DOK942496;22;;58-793;728871815;katarzyna.jankowski13@gmail.com;1989-01-12;firmowy
U00390;RD0006;KL00002830;Alicja;Zielinska;48910705546;DOK516471;10;27;93-178;577068647;alicja.zielinska319@gmail.com;1988-08-24;nowy
U00135;RD0003;KL00002831;Wojciech;Krol;57069405385;DOK209854;164;45;28-889;728847431;wojciech.krol985@gmail.com;1998-08-20;zwykly
U00346;RD0001;KL00002832;Olga;Zielinska;69938279198;DOK231462;17;;47-033;541546597;olga.zielinska331@gmail.com;1987-09-02;nowy
U00668;RD0001;KL00002833;Mateusz;Grabowska;28875023250;DOK843541;158;5;14-577;828450497;mateusz.grabowska490@gmail.com;1998-09-23;staly
U00544;RD0007;KL00002834;Alicja;Krawczyk;15902011658;DOK659309;55;;21-781;710095481;alicja.krawczyk571@gmail.com;2000-11-02;VIP
U00043;RD0008;KL00002835;Katarzyna;Dabrowski;44161388800;DOK593925;51;;97-997;743404853;katarzyna.dabrowski85@gmail.com;1974-02-03;VIP
U00200;RD0010;KL00002836;Mateusz;Kowalski;91647378955;DOK262585;7;22;95-400;595070379;mateusz.kowalski408@gmail.com;1957-09-10;firmowy
U00182;RD0005;KL00002837;Jan;Wieczorek;50769709376;DOK638617;84;29;89-535;884543069;jan.wieczorek548@gmail.com;1991-01-16;nowy
U00237;RD0003;KL00002838;Alicja;Wisniewski;42048385457;DOK658837;31;12;29-610;611246682;alicja.wisniewski178@gmail.com;1964-03-14;nowy
U00696;RD0003;KL00002839;Krzysztof;Wrobel;45768375022;DOK138978;29;;95-873;862909668;krzysztof.wrobel255@gmail.com;1992-06-21;staly
U00299;RD0004;KL00002840;Magdalena;Jankowski;21342509993;DOK630432;138;;49-369;822205222;magdalena.jankowski275@gmail.com;1985-12-06;nowy
U00487;RD0010;KL00002841;Anna;Nowak;48578829844;DOK890124;110;;62-613;780912785;anna.nowak248@gmail.com;1987-07-13;staly
U00666;RD0006;KL00002842;Natalia;Wieczorek;12784530228;DOK393750;87;35;73-369;520772860;natalia.wieczorek14@gmail.com;2005-06-21;firmowy
U00033;RD0010;KL00002843;Ewa;Piotrowski;16790588959;DOK867291;49;;28-097;838308826;ewa.piotrowski900@gmail.com;1960-04-17;VIP
U00602;RD0009;KL00002844;Damian;Jankowski;48664862138;DOK302318;54;;57-689;725816398;damian.jankowski595@gmail.com;1983-08-14;staly
U00050;RD0002;KL00002845;Jan;Wojcik;62881279665;DOK132499;24;44;35-943;612099254;jan.wojcik335@gmail.com;1967-08-18;zwykly
U00179;RD0007;KL00002846;Karolina;Kaminska;38205251657;DOK181014;100;9;59-408;621716995;karolina.kaminska237@gmail.com;1962-12-17;firmowy
U00054;RD0009;KL00002847;Katarzyna;Dabrowski;31274842213;DOK299545;27;;70-087;871030294;katarzyna.dabrowski460@gmail.com;1963-03-29;nowy
U00303;RD0006;KL00002848;Olga;Michalski;47531449682;DOK148445;86;39;95-652;807443053;olga.michalski371@gmail.com;1956-12-17;nowy
U00012;RD0001;KL00002849;Piotr;Krol;67263573266;DOK908822;113;15;91-366;584448570;piotr.krol822@gmail.com;1983-05-23;VIP
U00378;RD0002;KL00002850;Natalia;Krol;41921048857;DOK479071;47;;40-667;515102586;natalia.krol154@gmail.com;2002-12-11;VIP
U00386;RD0008;KL00002851;Olga;Nowicka;27155162829;DOK156961;102;;64-022;590479680;olga.nowicka302@gmail.com;1994-07-18;VIP
U00457;RD0008;KL00002852;Pawel;Jankowski;50560789293;DOK185095;171;;15-376;752768854;pawel.jankowski88@gmail.com;1988-11-30;staly
U00132;RD0008;KL00002853;Pawel;Kowalczyk;78014815501;DOK827814;174;11;60-124;669602063;pawel.kowalczyk540@gmail.com;1986-08-13;nowy
U00537;RD0010;KL00002854;Aleksandra;Stepien;62035015186;DOK955293;142;7;71-994;556849152;aleksandra.stepien325@gmail.com;1962-09-17;zwykly
U00167;RD0005;KL00002855;Piotr;Szymanski;31973093686;DOK406983;180;20;56-908;663935461;piotr.szymanski990@gmail.com;1983-05-05;firmowy
U00689;RD0004;KL00002856;Pawel;Wisniewski;20495478980;DOK877070;121;57;43-094;807822650;pawel.wisniewski913@gmail.com;1955-01-14;firmowy
U00329;RD0005;KL00002857;Tomasz;Krol;97262908440;DOK156103;139;;10-196;636454502;tomasz.krol8@gmail.com;1963-04-27;zwykly
U00092;RD0008;KL00002858;Magdalena;Mazur;61663848628;DOK209330;53;3;24-106;860832642;magdalena.mazur129@gmail.com;1985-10-02;VIP
U00093;RD0009;KL00002859;Weronika;Zielinska;21381564706;DOK577182;42;;41-987;670671790;weronika.zielinska482@gmail.com;1994-12-15;firmowy
U00266;RD0001;KL00002860;Natalia;Krawczyk;18721587032;DOK697411;17;55;93-952;895047243;natalia.krawczyk933@gmail.com;1976-08-01;staly
U00059;RD0008;KL00002861;Marek;Mazur;31299891178;DOK993177;75;;63-890;650409609;marek.mazur211@gmail.com;1973-06-16;VIP
U00072;RD0002;KL00002862;Julia;Wrobel;78713317301;DOK432507;75;28;28-281;783558739;julia.wrobel150@gmail.com;1963-08-21;VIP
U00436;RD0005;KL00002863;Anna;Wieczorek;66174882919;DOK636046;67;;38-530;820832669;anna.wieczorek829@gmail.com;1978-08-30;zwykly
U00347;RD0010;KL00002864;Wojciech;Stepien;40703896497;DOK392634;177;;50-150;534697756;wojciech.stepien866@gmail.com;2006-04-12;firmowy
U00264;RD0006;KL00002865;Julia;Krawczyk;44039470150;DOK203336;111;18;84-811;668831562;julia.krawczyk10@gmail.com;1984-04-09;zwykly
U00662;RD0005;KL00002866;Damian;Kozlowski;23329002235;DOK824597;55;;93-106;620133204;damian.kozlowski658@gmail.com;2000-11-19;staly
U00248;RD0002;KL00002867;Wojciech;Krawczyk;85146321249;DOK727700;176;;71-548;729907124;wojciech.krawczyk591@gmail.com;2001-07-31;staly
U00385;RD0001;KL00002868;Krzysztof;Zajac;83493229291;DOK939624;135;;11-280;557164801;krzysztof.zajac713@gmail.com;2000-11-04;staly
U00655;RD0005;KL00002869;Wojciech;Szymanski;50752598440;DOK978511;128;;44-718;619666650;wojciech.szymanski381@gmail.com;1999-07-13;nowy
U00443;RD0010;KL00002870;Magdalena;Zielinska;16347169365;DOK198334;171;;56-159;694783287;magdalena.zielinska857@gmail.com;1971-06-06;zwykly
U00496;RD0006;KL00002871;Marta;Stepien;44569252978;DOK104296;145;;12-084;562049051;marta.stepien531@gmail.com;1977-04-14;nowy
U00587;RD0008;KL00002872;Tomasz;Pawlak;97053256017;DOK118716;159;;82-021;675852238;tomasz.pawlak742@gmail.com;1999-09-21;staly
U00359;RD0008;KL00002873;Anna;Krol;91268085755;DOK260601;129;;44-457;891873608;anna.krol157@gmail.com;1981-07-30;firmowy
U00407;RD0004;KL00002874;Adam;Nowak;94208603982;DOK765956;45;;64-962;841153347;adam.nowak98@gmail.com;1961-02-24;nowy
U00037;RD0007;KL00002875;Natalia;Szymanski;80815282223;DOK777464;157;;78-753;852256588;natalia.szymanski56@gmail.com;1981-10-17;nowy
U00092;RD0002;KL00002876;Olga;Lewandowski;70635274358;DOK710866;86;57;80-152;586001639;olga.lewandowski215@gmail.com;1971-06-06;zwykly
U00400;RD0008;KL00002877;Alicja;Kozlowski;29320348545;DOK463034;1;46;37-531;684701857;alicja.kozlowski966@gmail.com;2006-06-29;firmowy
U00180;RD0008;KL00002878;Katarzyna;Krawczyk;25888389410;DOK373893;24;;32-508;850420963;katarzyna.krawczyk726@gmail.com;1988-08-27;VIP
U00324;RD0008;KL00002879;Marek;Lewandowski;32567391415;DOK922460;26;20;29-012;827062581;marek.lewandowski259@gmail.com;1967-08-07;zwykly
U00245;RD0008;KL00002880;Krzysztof;Krol;24005476062;DOK487570;167;5;89-725;830950535;krzysztof.krol295@gmail.com;1964-10-06;staly
U00338;RD0010;KL00002881;Anna;Wrobel;56358107593;DOK337214;165;1;83-372;692679729;anna.wrobel706@gmail.com;2005-04-20;nowy
U00623;RD0010;KL00002882;Magdalena;Grabowska;62500552491;DOK409731;172;32;36-471;814054005;magdalena.grabowska357@gmail.com;1985-11-19;VIP
U00642;RD0002;KL00002883;Zofia;Nowicka;22474643162;DOK233860;150;;40-328;555656737;zofia.nowicka105@gmail.com;1999-11-23;zwykly
U00213;RD0001;KL00002884;Zofia;Wieczorek;10459152355;DOK598518;85;;96-045;595627481;zofia.wieczorek890@gmail.com;1972-09-13;firmowy
U00538;RD0005;KL00002885;Mateusz;Szymanski;26650973274;DOK278814;55;;26-185;622485613;mateusz.szymanski877@gmail.com;1966-07-30;zwykly
U00256;RD0009;KL00002886;Weronika;Grabowska;56182104186;DOK838063;122;;83-311;611239414;weronika.grabowska599@gmail.com;1962-02-18;VIP
U00540;RD0006;KL00002887;Magdalena;Kowalski;37999662553;DOK603028;159;;38-972;559918216;magdalena.kowalski435@gmail.com;2005-05-25;nowy
U00385;RD0001;KL00002888;Alicja;Kowalczyk;12215620683;DOK747255;153;;18-381;557289208;alicja.kowalczyk640@gmail.com;1970-10-12;zwykly
U00309;RD0005;KL00002889;Krzysztof;Pawlak;94672570984;DOK670912;144;52;41-553;501671539;krzysztof.pawlak203@gmail.com;1985-03-26;staly
U00237;RD0009;KL00002890;Wojciech;Piotrowski;23414476526;DOK334180;54;;95-256;808627168;wojciech.piotrowski273@gmail.com;1981-12-04;VIP
U00321;RD0005;KL00002891;Julia;Jankowski;70263431418;DOK997918;125;1;11-328;624896464;julia.jankowski941@gmail.com;1979-03-26;staly
U00532;RD0003;KL00002892;Wojciech;Nowicka;39437947315;DOK376615;142;43;25-797;774434411;wojciech.nowicka29@gmail.com;2000-06-10;nowy
U00579;RD0004;KL00002893;Olga;Kaminska;15677994995;DOK945122;35;35;45-503;758366324;olga.kaminska606@gmail.com;1992-08-27;VIP
U00498;RD0006;KL00002894;Jakub;Nowicka;71070920855;DOK173558;96;;47-102;672403900;jakub.nowicka906@gmail.com;1970-12-25;VIP
U00457;RD0001;KL00002895;Ewa;Nowak;67472355856;DOK536304;175;4;92-911;855677571;ewa.nowak715@gmail.com;1982-04-30;VIP
U00093;RD0002;KL00002896;Damian;Zielinska;22828708246;DOK853541;111;7;85-340;680903696;damian.zielinska762@gmail.com;1969-12-26;zwykly
U00502;RD0004;KL00002897;Aleksandra;Zielinska;26004754460;DOK981877;49;;17-235;761813717;aleksandra.zielinska505@gmail.com;1997-05-19;zwykly
U00221;RD0008;KL00002898;Krzysztof;Kowalski;98357082826;DOK783808;55;;22-830;789079330;krzysztof.kowalski595@gmail.com;1964-05-01;zwykly
U00380;RD0009;KL00002899;Jan;Dabrowski;14851553535;DOK599979;37;26;33-848;645116916;jan.dabrowski460@gmail.com;2002-02-21;staly
U00442;RD0009;KL00002900;Marek;Dabrowski;42118546194;DOK254592;93;59;51-062;727955143;marek.dabrowski968@gmail.com;1977-05-09;VIP
U00621;RD0001;KL00002901;Mateusz;Wrobel;43892047240;DOK503271;113;8;26-024;741750977;mateusz.wrobel163@gmail.com;2005-11-26;zwykly
U00489;RD0009;KL00002902;Aleksandra;Jankowski;95769184536;DOK123796;60;;99-328;505999031;aleksandra.jankowski943@gmail.com;1991-07-20;zwykly
U00425;RD0009;KL00002903;Mateusz;Krol;47570050091;DOK391167;83;;67-761;874211111;mateusz.krol737@gmail.com;1991-08-27;zwykly
U00270;RD0005;KL00002904;Ewa;Piotrowski;35752852670;DOK135249;81;;91-370;545591539;ewa.piotrowski998@gmail.com;1980-03-04;staly
U00288;RD0001;KL00002905;Karolina;Grabowska;15043534486;DOK222728;101;52;50-615;895309945;karolina.grabowska612@gmail.com;2001-03-30;VIP
U00074;RD0004;KL00002906;Anna;Kowalski;48157622838;DOK758160;21;;14-357;896064070;anna.kowalski645@gmail.com;1991-09-02;zwykly
U00491;RD0001;KL00002907;Tomasz;Wieczorek;21041979311;DOK983848;66;18;65-367;666069862;tomasz.wieczorek532@gmail.com;1972-07-07;zwykly
U00042;RD0005;KL00002908;Anna;Kowalski;10160675121;DOK407116;106;;55-257;834615594;anna.kowalski474@gmail.com;1981-03-15;nowy
U00303;RD0009;KL00002909;Olga;Lewandowski;73607300396;DOK468057;44;;12-288;796136221;olga.lewandowski595@gmail.com;1996-03-03;VIP
U00436;RD0003;KL00002910;Julia;Mazur;71487850682;DOK542553;16;;34-543;521218592;julia.mazur714@gmail.com;1987-01-07;nowy
U00082;RD0002;KL00002911;Jakub;Zajac;82961789479;DOK217550;44;7;59-361;594963205;jakub.zajac698@gmail.com;1999-10-08;staly
U00692;RD0002;KL00002912;Anna;Pawlak;88890541550;DOK445926;155;;40-111;681568837;anna.pawlak963@gmail.com;1956-06-19;firmowy
U00263;RD0002;KL00002913;Piotr;Grabowska;68548794746;DOK816977;71;;71-877;887475662;piotr.grabowska678@gmail.com;1981-05-09;VIP
U00641;RD0001;KL00002914;Damian;Wojcik;43898946515;DOK914631;41;8;84-469;715822410;damian.wojcik484@gmail.com;1958-12-10;VIP
U00385;RD0002;KL00002915;Natalia;Dabrowski;80494564493;DOK366316;75;;85-429;651857368;natalia.dabrowski375@gmail.com;2006-10-16;nowy
U00258;RD0005;KL00002916;Aleksandra;Kaminska;85867491440;DOK339002;48;50;18-887;547254463;aleksandra.kaminska877@gmail.com;1971-06-22;firmowy
U00279;RD0005;KL00002917;Wojciech;Kowalczyk;77720569517;DOK846985;153;11;84-468;884957758;wojciech.kowalczyk333@gmail.com;1994-02-09;zwykly
U00307;RD0009;KL00002918;Marcin;Szymanski;11313183696;DOK105207;148;25;53-871;792280348;marcin.szymanski262@gmail.com;1982-07-28;VIP
U00159;RD0005;KL00002919;Olga;Michalski;76585469052;DOK687359;5;31;41-489;713297315;olga.michalski683@gmail.com;1998-06-16;firmowy
U00586;RD0008;KL00002920;Karolina;Szymanski;39743650413;DOK574757;136;;41-280;579465280;karolina.szymanski360@gmail.com;1962-08-03;nowy
U00466;RD0002;KL00002921;Katarzyna;Pawlak;28998592278;DOK987808;138;20;66-445;745742432;katarzyna.pawlak443@gmail.com;1983-12-05;firmowy
U00626;RD0002;KL00002922;Damian;Nowak;25411749090;DOK730601;49;11;58-858;635891873;damian.nowak130@gmail.com;1978-04-23;nowy
U00626;RD0004;KL00002923;Marta;Wieczorek;70615835241;DOK556370;149;;11-543;690608943;marta.wieczorek431@gmail.com;2006-03-05;firmowy
U00120;RD0001;KL00002924;Jakub;Michalski;59943386036;DOK986796;168;;37-815;893894317;jakub.michalski606@gmail.com;1999-05-18;firmowy
U00678;RD0005;KL00002925;Magdalena;Nowak;48035033124;DOK923233;115;;71-938;559583602;magdalena.nowak279@gmail.com;1957-04-26;staly
U00480;RD0001;KL00002926;Olga;Piotrowski;57612082461;DOK486429;73;;46-036;843543432;olga.piotrowski851@gmail.com;1997-04-02;nowy
U00470;RD0006;KL00002927;Weronika;Kozlowski;57812372445;DOK508360;162;;43-972;643407100;weronika.kozlowski957@gmail.com;2005-10-14;nowy
U00345;RD0006;KL00002928;Michal;Jankowski;77235547133;DOK509339;173;;40-847;681604092;michal.jankowski707@gmail.com;1973-06-22;VIP
U00342;RD0001;KL00002929;Jan;Stepien;91603034032;DOK458048;56;44;67-164;752555277;jan.stepien951@gmail.com;2004-12-05;firmowy
U00641;RD0003;KL00002930;Marek;Nowicka;63578869524;DOK699559;84;57;81-509;532314925;marek.nowicka970@gmail.com;2003-10-26;nowy
U00162;RD0007;KL00002931;Mateusz;Szymanski;65048194501;DOK123960;61;;64-830;827559756;mateusz.szymanski554@gmail.com;1957-02-12;VIP
U00446;RD0005;KL00002932;Damian;Piotrowski;84149186734;DOK280857;165;39;46-201;871495262;damian.piotrowski370@gmail.com;1958-02-21;zwykly
U00408;RD0002;KL00002933;Magdalena;Krol;59101578308;DOK334812;123;;69-697;782127279;magdalena.krol263@gmail.com;1964-06-30;staly
U00431;RD0005;KL00002934;Magdalena;Wojcik;87586993360;DOK217122;100;;97-438;812427691;magdalena.wojcik342@gmail.com;1956-06-23;firmowy
U00352;RD0010;KL00002935;Olga;Kaminska;58000262193;DOK137827;26;;19-357;729293122;olga.kaminska628@gmail.com;1987-06-03;nowy
U00640;RD0009;KL00002936;Anna;Grabowska;36379361827;DOK156068;123;2;77-064;605589933;anna.grabowska221@gmail.com;2006-04-29;staly
U00019;RD0003;KL00002937;Ewa;Michalski;77735015929;DOK414207;60;;65-587;884458157;ewa.michalski180@gmail.com;2006-07-29;staly
U00101;RD0009;KL00002938;Aleksandra;Dabrowski;18606173154;DOK830547;98;41;55-929;827919930;aleksandra.dabrowski628@gmail.com;1963-01-07;zwykly
U00179;RD0010;KL00002939;Wojciech;Stepien;52292758138;DOK540957;68;;18-109;791198558;wojciech.stepien160@gmail.com;1992-08-26;firmowy
U00270;RD0007;KL00002940;Aleksandra;Wojcik;61173860314;DOK718789;90;;20-669;577892025;aleksandra.wojcik29@gmail.com;1967-10-31;VIP
U00061;RD0006;KL00002941;Mateusz;Zajac;97757835366;DOK707822;65;;83-970;655736084;mateusz.zajac847@gmail.com;1967-11-08;nowy
U00494;RD0006;KL00002942;Marta;Lewandowski;79402452083;DOK625241;77;;70-736;757344182;marta.lewandowski248@gmail.com;1975-11-09;nowy
U00055;RD0004;KL00002943;Wojciech;Kozlowski;76351029637;DOK928733;35;6;68-589;609708843;wojciech.kozlowski834@gmail.com;1960-01-29;firmowy
U00048;RD0006;KL00002944;Alicja;Jankowski;37283781252;DOK265612;109;;87-149;649207574;alicja.jankowski883@gmail.com;1999-07-20;staly
U00524;RD0004;KL00002945;Marta;Stepien;73097251805;DOK250557;102;46;69-780;879782704;marta.stepien500@gmail.com;1995-02-04;VIP
U00682;RD0009;KL00002946;Ewa;Nowicka;21143349357;DOK940262;44;28;66-169;771885097;ewa.nowicka500@gmail.com;1987-09-03;staly
U00393;RD0010;KL00002947;Magdalena;Pawlak;14653446950;DOK408872;5;;31-611;702483288;magdalena.pawlak887@gmail.com;1997-03-21;firmowy
U00289;RD0002;KL00002948;Jakub;Kaminska;56143649959;DOK609688;57;;75-051;575551446;jakub.kaminska19@gmail.com;1974-06-10;zwykly
U00009;RD0008;KL00002949;Michal;Wisniewski;26345242997;DOK694310;18;;45-255;869622935;michal.wisniewski255@gmail.com;1986-01-21;zwykly
U00374;RD0008;KL00002950;Alicja;Krawczyk;49082873079;DOK750456;102;;55-325;516086909;alicja.krawczyk81@gmail.com;1994-08-20;VIP
U00065;RD0002;KL00002951;Natalia;Lewandowski;80108037893;DOK416819;95;;38-977;549192712;natalia.lewandowski833@gmail.com;1969-11-23;firmowy
U00048;RD0002;KL00002952;Anna;Stepien;73106189100;DOK388601;146;;67-368;722722437;anna.stepien975@gmail.com;1956-11-21;firmowy
U00190;RD0002;KL00002953;Zofia;Kowalski;74318703648;DOK323462;117;;86-492;840171218;zofia.kowalski675@gmail.com;1958-01-05;zwykly
U00677;RD0005;KL00002954;Jan;Wojcik;33904416748;DOK533828;41;;80-631;584859553;jan.wojcik942@gmail.com;1965-11-03;staly
U00426;RD0002;KL00002955;Jan;Kowalski;79615905514;DOK499788;86;;98-607;728898180;jan.kowalski949@gmail.com;1982-06-01;zwykly
U00321;RD0002;KL00002956;Alicja;Wieczorek;41228043512;DOK457974;139;54;45-848;752845148;alicja.wieczorek86@gmail.com;1959-05-14;nowy
U00034;RD0005;KL00002957;Marcin;Kowalski;15750797160;DOK186932;81;60;18-724;560400952;marcin.kowalski586@gmail.com;1977-04-26;nowy
U00060;RD0003;KL00002958;Wojciech;Krawczyk;63609434029;DOK729591;49;45;45-815;765426123;wojciech.krawczyk497@gmail.com;1996-04-20;firmowy
U00336;RD0005;KL00002959;Karolina;Nowak;82639784293;DOK983613;86;;50-483;687871283;karolina.nowak9@gmail.com;1973-08-08;VIP
U00411;RD0005;KL00002960;Alicja;Dabrowski;17546780618;DOK505578;152;43;98-512;722818141;alicja.dabrowski776@gmail.com;1962-06-17;firmowy
U00109;RD0009;KL00002961;Jakub;Szymanski;75108956206;DOK914927;128;;24-307;801590949;jakub.szymanski572@gmail.com;1961-08-11;firmowy
U00570;RD0001;KL00002962;Anna;Jankowski;22658343532;DOK695090;128;56;52-362;763125332;anna.jankowski44@gmail.com;1992-11-17;VIP
U00562;RD0007;KL00002963;Tomasz;Grabowska;44560048513;DOK383987;75;;48-927;649783287;tomasz.grabowska765@gmail.com;1964-05-08;nowy
U00415;RD0008;KL00002964;Michal;Kowalczyk;99296552653;DOK119694;136;45;54-868;523422129;michal.kowalczyk67@gmail.com;1977-05-07;zwykly
U00686;RD0009;KL00002965;Zofia;Piotrowski;68660345977;DOK908355;46;;42-898;831476903;zofia.piotrowski971@gmail.com;1985-03-25;zwykly
U00261;RD0002;KL00002966;Julia;Kowalczyk;25053470943;DOK409133;39;60;10-455;705166148;julia.kowalczyk676@gmail.com;1991-09-05;zwykly
U00011;RD0001;KL00002967;Krzysztof;Wieczorek;84857730904;DOK181588;68;;56-590;753622002;krzysztof.wieczorek158@gmail.com;2000-09-16;VIP
U00667;RD0008;KL00002968;Aleksandra;Zajac;67515770670;DOK873008;27;21;42-124;746418338;aleksandra.zajac803@gmail.com;1960-09-07;staly
U00507;RD0007;KL00002969;Anna;Kowalski;18649645137;DOK821222;118;;24-727;898674110;anna.kowalski550@gmail.com;1955-05-29;zwykly
U00567;RD0005;KL00002970;Krzysztof;Grabowska;79488359120;DOK397741;95;;65-105;784259258;krzysztof.grabowska641@gmail.com;1984-02-13;firmowy
U00444;RD0007;KL00002971;Magdalena;Nowak;29276260051;DOK821482;24;11;32-566;624852816;magdalena.nowak307@gmail.com;1994-11-21;zwykly
U00011;RD0010;KL00002972;Michal;Lewandowski;30596732940;DOK216124;93;;32-763;695176048;michal.lewandowski638@gmail.com;1988-01-09;nowy
U00433;RD0008;KL00002973;Zofia;Lewandowski;17250404671;DOK649325;174;11;97-788;524126358;zofia.lewandowski354@gmail.com;1995-05-10;nowy
U00294;RD0008;KL00002974;Olga;Szymanski;64860703062;DOK719600;137;35;13-092;594685854;olga.szymanski688@gmail.com;2007-09-08;VIP
U00133;RD0001;KL00002975;Jakub;Mazur;38055228990;DOK535097;25;56;81-552;520563112;jakub.mazur153@gmail.com;1979-05-05;firmowy
U00072;RD0007;KL00002976;Marta;Nowak;99657419250;DOK276582;13;26;40-468;533430271;marta.nowak232@gmail.com;1980-04-16;staly
U00638;RD0002;KL00002977;Aleksandra;Jankowski;24250872053;DOK510438;113;49;19-446;878645379;aleksandra.jankowski424@gmail.com;1965-04-27;nowy
U00555;RD0007;KL00002978;Tomasz;Jankowski;38974752426;DOK504499;14;;56-249;701711336;tomasz.jankowski526@gmail.com;1988-03-21;VIP
U00634;RD0003;KL00002979;Marek;Nowak;53713270552;DOK389310;93;;80-967;510533437;marek.nowak397@gmail.com;1996-10-24;staly
U00450;RD0009;KL00002980;Jan;Krol;76824733485;DOK201607;138;41;46-913;562955313;jan.krol773@gmail.com;1958-10-22;zwykly
U00448;RD0007;KL00002981;Wojciech;Kowalski;84400057332;DOK407099;132;;40-872;881985602;wojciech.kowalski774@gmail.com;1993-05-08;VIP
U00284;RD0007;KL00002982;Jan;Kowalski;40330963003;DOK835641;81;46;63-001;880598686;jan.kowalski547@gmail.com;1996-06-16;firmowy
U00283;RD0010;KL00002983;Anna;Mazur;42999271588;DOK593156;96;1;46-289;750975609;anna.mazur905@gmail.com;1996-07-20;zwykly
U00568;RD0004;KL00002984;Wojciech;Kozlowski;44607493959;DOK592715;4;;93-542;809747600;wojciech.kozlowski25@gmail.com;1965-11-15;firmowy
U00378;RD0002;KL00002985;Karolina;Szymanski;40055268143;DOK104595;176;4;51-943;838538601;karolina.szymanski815@gmail.com;1958-05-26;zwykly
U00336;RD0008;KL00002986;Aleksandra;Pawlak;50065186929;DOK605620;54;33;10-554;651800030;aleksandra.pawlak185@gmail.com;1987-12-26;staly
U00164;RD0009;KL00002987;Jan;Mazur;79426471259;DOK441314;1;;54-322;620095736;jan.mazur189@gmail.com;1955-11-23;staly
U00550;RD0006;KL00002988;Marcin;Kowalczyk;53263060022;DOK983123;95;8;34-337;584289317;marcin.kowalczyk259@gmail.com;1986-11-09;zwykly
U00567;RD0009;KL00002989;Piotr;Piotrowski;60571834934;DOK114112;93;;89-764;871314618;piotr.piotrowski124@gmail.com;1991-02-09;staly
U00026;RD0006;KL00002990;Piotr;Nowicka;21805394214;DOK961633;75;;12-991;882888236;piotr.nowicka959@gmail.com;1955-03-22;firmowy
U00043;RD0005;KL00002991;Michal;Wieczorek;20194885728;DOK447309;110;59;37-221;582691439;michal.wieczorek485@gmail.com;1982-09-16;nowy
U00576;RD0010;KL00002992;Marek;Mazur;46867637081;DOK569839;58;54;88-207;522571264;marek.mazur581@gmail.com;1965-04-07;staly
U00618;RD0001;KL00002993;Alicja;Lewandowski;57464688714;DOK532827;51;;15-449;543461653;alicja.lewandowski153@gmail.com;1975-07-13;zwykly
U00211;RD0010;KL00002994;Pawel;Grabowska;52285319570;DOK745555;23;;50-548;537322473;pawel.grabowska582@gmail.com;1970-02-04;firmowy
U00295;RD0004;KL00002995;Tomasz;Michalski;50504458987;DOK317644;110;;98-199;545117602;tomasz.michalski674@gmail.com;1975-11-03;staly
U00287;RD0006;KL00002996;Marcin;Krol;69924782266;DOK678733;31;;79-597;671591767;marcin.krol112@gmail.com;1974-12-23;firmowy
U00669;RD0002;KL00002997;Marcin;Zielinska;72423526044;DOK747358;141;57;62-799;622548842;marcin.zielinska246@gmail.com;2000-11-07;zwykly
U00009;RD0005;KL00002998;Marek;Lewandowski;39311826514;DOK352367;57;34;90-777;628482243;marek.lewandowski107@gmail.com;2000-01-04;nowy
U00149;RD0006;KL00002999;Tomasz;Kowalski;91720749425;DOK861562;169;;12-264;503096532;tomasz.kowalski25@gmail.com;2007-12-16;staly
U00446;RD0007;KL00003000;Zofia;Pawlak;80560906925;DOK417941;120;;73-667;582051015;zofia.pawlak399@gmail.com;1957-11-30;VIP
